Date,Type,Name,№,Val_1,Unit_1,Val_2,Unit_2,Comment
31/05/2024,📅,,,,,,,"64 min | Chest - Triceps"
31/05/2024,🏋️‍♂️,"Bench Press · Barbell",,,,,,""
31/05/2024,🔹,"Bench Press · Barbell",1,40,kg,8,rep,""
31/05/2024,🔹,"Bench Press · Barbell",2,40,kg,5,rep,""
31/05/2024,🔹,"Bench Press · Barbell",3,30,kg,10,rep,""
31/05/2024,🔹,"Bench Press · Barbell",4,30,kg,6,rep,""
31/05/2024,🔹,"Bench Press · Barbell",5,30,kg,5,rep,""
31/05/2024,🔹,"Bench Press · Barbell",6,30,kg,5,rep,""
31/05/2024,🏋️‍♂️,"Incline Bench Press · Dumbbell",,,,,,""
31/05/2024,🔹,"Incline Bench Press · Dumbbell",1,8,kg,10,rep,""
31/05/2024,🔹,"Incline Bench Press · Dumbbell",2,8,kg,10,rep,""
31/05/2024,🔹,"Incline Bench Press · Dumbbell",3,8,kg,10,rep,""
31/05/2024,🔹,"Incline Bench Press · Dumbbell",4,8,kg,8,rep,""
31/05/2024,🏋️‍♂️,"Chest Fly · Dumbbell",,,,,,""
31/05/2024,🔹,"Chest Fly · Dumbbell",1,50,kg,8,rep,""
31/05/2024,🔹,"Chest Fly · Dumbbell",2,30,kg,12,rep,"Normal"
31/05/2024,🔹,"Chest Fly · Dumbbell",3,30,kg,8,rep,""
31/05/2024,🏋️‍♂️,"Tricep Extension · Cable",,,,,,""
31/05/2024,🔹,"Tricep Extension · Cable",1,15,kg,13,rep,""
31/05/2024,🔹,"Tricep Extension · Cable",2,15,kg,10,rep,""
31/05/2024,🔹,"Tricep Extension · Cable",3,15,kg,10,rep,""
31/05/2024,🔹,"Tricep Extension · Cable",4,15,kg,6,rep,""
31/05/2024,🏋️‍♂️,"Seated Overhead Tricep Extension · Dumbbell",,,,,,""
31/05/2024,🔹,"Seated Overhead Tricep Extension · Dumbbell",1,10,kg,5,rep,""
31/05/2024,🔹,"Seated Overhead Tricep Extension · Dumbbell",2,10,kg,5,rep,""
31/05/2024,🔹,"Seated Overhead Tricep Extension · Dumbbell",3,10,kg,5,rep,""
31/05/2024,🔹,"Seated Overhead Tricep Extension · Dumbbell",4,10,kg,0,rep,""
03/06/2024,📅,,,,,,,"67 min | Back - Braccia"
03/06/2024,🏋️‍♂️,"Lat Pull Down · Cable",,,,,,""
03/06/2024,🔹,"Lat Pull Down · Cable",1,34,kg,12,rep,""
03/06/2024,🔹,"Lat Pull Down · Cable",2,34,kg,12,rep,""
03/06/2024,🔹,"Lat Pull Down · Cable",3,34,kg,12,rep,""
03/06/2024,🔹,"Lat Pull Down · Cable",4,34,kg,12,rep,""
03/06/2024,🏋️‍♂️,"Bent Over Row · Barbell",,,,,,""
03/06/2024,🔹,"Bent Over Row · Barbell",1,30,kg,12,rep,""
03/06/2024,🔹,"Bent Over Row · Barbell",2,30,kg,12,rep,""
03/06/2024,🔹,"Bent Over Row · Barbell",3,30,kg,12,rep,""
03/06/2024,🔹,"Bent Over Row · Barbell",4,30,kg,12,rep,""
03/06/2024,🏋️‍♂️,"Seated Row · Cable",,,,,,""
03/06/2024,🔹,"Seated Row · Cable",1,27,kg,12,rep,""
03/06/2024,🔹,"Seated Row · Cable",2,27,kg,12,rep,""
03/06/2024,🔹,"Seated Row · Cable",3,27,kg,12,rep,""
03/06/2024,🔹,"Seated Row · Cable",4,27,kg,8,rep,""
03/06/2024,🏋️‍♂️,"Preacher Curl · Barbell",,,,,,""
03/06/2024,🔹,"Preacher Curl · Barbell",1,14,kg,9,rep,"Hard"
03/06/2024,🔹,"Preacher Curl · Barbell",2,14,kg,8,rep,"Hard"
03/06/2024,🔹,"Preacher Curl · Barbell",3,14,kg,6,rep,"Hard"
03/06/2024,🔹,"Preacher Curl · Barbell",4,14,kg,6,rep,"Hard"
03/06/2024,🏋️‍♂️,"Hammer Curl · Dumbbell",,,,,,""
03/06/2024,🔹,"Hammer Curl · Dumbbell",1,7,kg,5,rep,""
03/06/2024,🔹,"Hammer Curl · Dumbbell",2,7,kg,4,rep,""
03/06/2024,🔹,"Hammer Curl · Dumbbell",3,7,kg,4,rep,""
03/06/2024,🔹,"Hammer Curl · Dumbbell",4,7,kg,4,rep,""
08/06/2024,📅,,,,,,,"111 min"
08/06/2024,🏋️‍♂️,"Bench Press · Barbell",,,,,,""
08/06/2024,🔹,"Bench Press · Barbell",1,30,kg,6,rep,""
08/06/2024,🔹,"Bench Press · Barbell",2,30,kg,6,rep,""
08/06/2024,🔹,"Bench Press · Barbell",3,30,kg,6,rep,""
08/06/2024,🔹,"Bench Press · Barbell",4,30,kg,4,rep,""
08/06/2024,🏋️‍♂️,"Incline Bench Press · Barbell",,,,,,""
08/06/2024,🔹,"Incline Bench Press · Barbell",1,23,kg,10,rep,""
08/06/2024,🔹,"Incline Bench Press · Barbell",2,23,kg,10,rep,""
08/06/2024,🔹,"Incline Bench Press · Barbell",3,23,kg,9,rep,""
08/06/2024,🏋️‍♂️,"Pec Deck · Machine",,,,,,""
08/06/2024,🔹,"Pec Deck · Machine",1,50,lb,10,rep,""
08/06/2024,🔹,"Pec Deck · Machine",2,50,lb,10,rep,""
08/06/2024,🔹,"Pec Deck · Machine",3,50,lb,10,rep,""
08/06/2024,🏋️‍♂️,"Tricep Extension · Cable",,,,,,""
08/06/2024,🔹,"Tricep Extension · Cable",1,25,lb,12,rep,""
08/06/2024,🔹,"Tricep Extension · Cable",2,25,lb,12,rep,""
08/06/2024,🔹,"Tricep Extension · Cable",3,15,lb,12,rep,""
08/06/2024,🔹,"Tricep Extension · Cable",4,15,kg,6,rep,""
08/06/2024,🏋️‍♂️,"Skull crusher",,,,,,""
08/06/2024,🔹,"Skull crusher",1,14,kg,5,rep,""
08/06/2024,🔹,"Skull crusher",2,11.5,kg,5,rep,""
08/06/2024,🏋️‍♂️,"Cable Raise",,,,,,""
08/06/2024,🔹,"Cable Raise",1,3.5,kg,11,rep,""
08/06/2024,🔹,"Cable Raise",2,3.5,kg,7,rep,""
08/06/2024,🔹,"Cable Raise",3,3.5,kg,6,rep,""
08/06/2024,🏋️‍♂️,"Rear Delt",,,,,,""
08/06/2024,🔹,"Rear Delt",1,30,lb,10,rep,""
08/06/2024,🔹,"Rear Delt",2,30,lb,12,rep,""
08/06/2024,🔹,"Rear Delt",3,30,lb,10,rep,""
10/06/2024,📅,,,,,,,"80 min | Lower"
10/06/2024,🏋️‍♂️,"Squat · Barbell",,,,,,""
10/06/2024,🔹,"Squat · Barbell",1,40,kg,8,rep,"Easy"
10/06/2024,🔹,"Squat · Barbell",2,60,kg,8,rep,""
10/06/2024,🔹,"Squat · Barbell",3,60,kg,8,rep,""
10/06/2024,🔹,"Squat · Barbell",4,60,kg,8,rep,"Hard"
10/06/2024,🏋️‍♂️,"Romanian Deadlift · Barbell",,,,,,"cazzo di grip"
10/06/2024,🔹,"Romanian Deadlift · Barbell",1,40,kg,10,rep,""
10/06/2024,🔹,"Romanian Deadlift · Barbell",2,40,kg,10,rep,""
10/06/2024,🔹,"Romanian Deadlift · Barbell",3,40,kg,8,rep,""
10/06/2024,🏋️‍♂️,"Hip Abduction · Machine",,,,,,""
10/06/2024,🔹,"Hip Abduction · Machine",1,50,lb,15,rep,""
10/06/2024,🔹,"Hip Abduction · Machine",2,70,lb,15,rep,""
10/06/2024,🏋️‍♂️,"Hip Adduction · Machine",,,,,,""
10/06/2024,🔹,"Hip Adduction · Machine",1,50,lb,15,rep,""
10/06/2024,🔹,"Hip Adduction · Machine",2,70,lb,15,rep,""
10/06/2024,🏋️‍♂️,"Calf Press · Machine",,,,,,""
10/06/2024,🔹,"Calf Press · Machine",1,70,kg,20,rep,""
10/06/2024,🔹,"Calf Press · Machine",2,90,kg,25,rep,""
10/06/2024,🔹,"Calf Press · Machine",3,130,kg,20,rep,""
10/06/2024,🏋️‍♂️,"Lat Pull Down · Cable",,,,,,""
10/06/2024,🔹,"Lat Pull Down · Cable",1,41,kg,12,rep,""
10/06/2024,🔹,"Lat Pull Down · Cable",2,34,kg,12,rep,""
10/06/2024,🔹,"Lat Pull Down · Cable",3,34,kg,12,rep,""
10/06/2024,🏋️‍♂️,"Seated Row · Cable",,,,,,""
10/06/2024,🔹,"Seated Row · Cable",1,27,kg,12,rep,""
10/06/2024,🔹,"Seated Row · Cable",2,27,kg,12,rep,""
10/06/2024,🏋️‍♂️,"Preacher Curl · Barbell",,,,,,""
10/06/2024,🔹,"Preacher Curl · Barbell",1,14,kg,10,rep,""
10/06/2024,🔹,"Preacher Curl · Barbell",2,14,kg,10,rep,""
10/06/2024,🔹,"Preacher Curl · Barbell",3,14,kg,10,rep,""
10/06/2024,🏋️‍♂️,"Hammer Curl · Dumbbell",,,,,,""
10/06/2024,🔹,"Hammer Curl · Dumbbell",1,7,kg,8,rep,""
10/06/2024,🔹,"Hammer Curl · Dumbbell",2,7,kg,8,rep,""
10/06/2024,🔹,"Hammer Curl · Dumbbell",3,7,kg,8,rep,"Hard"
12/06/2024,📅,,,,,,,"57 min | Upper"
12/06/2024,🏋️‍♂️,"Tricep Extension · Cable",,,,,,""
12/06/2024,🔹,"Tricep Extension · Cable",1,25,lb,15,rep,""
12/06/2024,🔹,"Tricep Extension · Cable",2,25,lb,15,rep,""
12/06/2024,🔹,"Tricep Extension · Cable",3,25,lb,12,rep,""
12/06/2024,🔹,"Tricep Extension · Cable",4,25,lb,12,rep,""
12/06/2024,🏋️‍♂️,"Skull crusher",,,,,,""
12/06/2024,🔹,"Skull crusher",1,11.5,kg,8,rep,""
12/06/2024,🔹,"Skull crusher",2,11.5,kg,9,rep,""
12/06/2024,🔹,"Skull crusher",3,11.5,kg,5,rep,""
12/06/2024,🏋️‍♂️,"Bench Press · Dumbbell",,,,,,""
12/06/2024,🔹,"Bench Press · Dumbbell",1,20,kg,12,rep,""
12/06/2024,🔹,"Bench Press · Dumbbell",2,20,kg,12,rep,""
12/06/2024,🏋️‍♂️,"Incline Bench Press · Dumbbell",,,,,,""
12/06/2024,🔹,"Incline Bench Press · Dumbbell",1,20,kg,10,rep,""
12/06/2024,🏋️‍♂️,"Pec Deck · Machine",,,,,,""
12/06/2024,🏋️‍♂️,"Chest Dip",,,,,,""
12/06/2024,🔹,"Chest Dip",1,0,kg,3,rep,""
12/06/2024,🏋️‍♂️,"Overhead Press · Barbell",,,,,,""
12/06/2024,🔹,"Overhead Press · Barbell",1,9,kg,10,rep,""
12/06/2024,🔹,"Overhead Press · Barbell",2,9,kg,5,rep,""
12/06/2024,🔹,"Overhead Press · Barbell",3,9,kg,8,rep,""
12/06/2024,🏋️‍♂️,"Lateral Raise · Dumbbell",,,,,,""
12/06/2024,🔹,"Lateral Raise · Dumbbell",1,5,kg,12,rep,""
12/06/2024,🔹,"Lateral Raise · Dumbbell",2,5,kg,12,rep,""
12/06/2024,🔹,"Lateral Raise · Dumbbell",3,5,kg,12,rep,""
14/06/2024,📅,,,,,,,"87 min | Upper"
14/06/2024,🏋️‍♂️,"Deadlift · Barbell",,,,,,""
14/06/2024,🔹,"Deadlift · Barbell",1,60,kg,8,rep,""
14/06/2024,🔹,"Deadlift · Barbell",2,60,kg,8,rep,""
14/06/2024,🔹,"Deadlift · Barbell",3,60,kg,8,rep,""
14/06/2024,🏋️‍♂️,"Bent Over Row · Barbell",,,,,,""
14/06/2024,🔹,"Bent Over Row · Barbell",1,30,kg,10,rep,""
14/06/2024,🔹,"Bent Over Row · Barbell",2,30,kg,10,rep,""
14/06/2024,🔹,"Bent Over Row · Barbell",3,30,kg,6,rep,"Hard"
14/06/2024,🏋️‍♂️,"Seated Row · Cable",,,,,,""
14/06/2024,🔹,"Seated Row · Cable",1,27,kg,12,rep,""
14/06/2024,🔹,"Seated Row · Cable",2,27,kg,15,rep,""
14/06/2024,🔹,"Seated Row · Cable",3,27,kg,12,rep,""
14/06/2024,🏋️‍♂️,"Chin Up",,,,,,""
14/06/2024,🔹,"Chin Up",1,0,kg,3,rep,""
14/06/2024,🔹,"Chin Up",2,0,kg,2,rep,""
14/06/2024,🏋️‍♂️,"Preacher Curl · Barbell",,,,,,""
14/06/2024,🔹,"Preacher Curl · Barbell",1,14,kg,12,rep,""
14/06/2024,🔹,"Preacher Curl · Barbell",2,14,kg,12,rep,""
14/06/2024,🔹,"Preacher Curl · Barbell",3,14,kg,12,rep,""
14/06/2024,🏋️‍♂️,"Hammer Curl · Dumbbell",,,,,,""
14/06/2024,🔹,"Hammer Curl · Dumbbell",1,7,kg,10,rep,""
14/06/2024,🔹,"Hammer Curl · Dumbbell",2,7,kg,10,rep,""
14/06/2024,🏋️‍♂️,"Leg Press · Machine",,,,,,""
14/06/2024,🔹,"Leg Press · Machine",1,110,kg,10,rep,""
14/06/2024,🔹,"Leg Press · Machine",2,130,kg,15,rep,""
14/06/2024,🏋️‍♂️,"Leg Extension · Machine",,,,,,""
14/06/2024,🔹,"Leg Extension · Machine",1,50,lb,15,rep,""
14/06/2024,🔹,"Leg Extension · Machine",2,70,lb,15,rep,""
14/06/2024,🏋️‍♂️,"Leg Curl · Machine",,,,,,""
14/06/2024,🔹,"Leg Curl · Machine",1,70,lb,15,rep,""
14/06/2024,🔹,"Leg Curl · Machine",2,70,lb,15,rep,""
14/06/2024,🏋️‍♂️,"Hip Abduction · Machine",,,,,,""
14/06/2024,🔹,"Hip Abduction · Machine",1,50,lb,15,rep,""
14/06/2024,🔹,"Hip Abduction · Machine",2,70,lb,15,rep,""
14/06/2024,🏋️‍♂️,"Hip Adduction · Machine",,,,,,""
14/06/2024,🔹,"Hip Adduction · Machine",1,50,lb,15,rep,""
14/06/2024,🔹,"Hip Adduction · Machine",2,70,lb,15,rep,""
14/06/2024,🏋️‍♂️,"Calf Press · Machine",,,,,,""
14/06/2024,🔹,"Calf Press · Machine",1,110,kg,20,rep,""
14/06/2024,🔹,"Calf Press · Machine",2,110,kg,25,rep,""
15/06/2024,📅,,,,,,,"65 min"
15/06/2024,🏋️‍♂️,"Bench Press · Barbell",,,,,,""
15/06/2024,🔹,"Bench Press · Barbell",1,40,kg,6,rep,""
15/06/2024,🔹,"Bench Press · Barbell",2,40,kg,6,rep,""
15/06/2024,🔹,"Bench Press · Barbell",3,40,kg,6,rep,""
15/06/2024,🔹,"Bench Press · Barbell",4,40,kg,6,rep,""
15/06/2024,🏋️‍♂️,"Incline Bench Press · Barbell",,,,,,""
15/06/2024,🔹,"Incline Bench Press · Barbell",1,33,kg,6,rep,""
15/06/2024,🔹,"Incline Bench Press · Barbell",2,33,kg,4,rep,""
15/06/2024,🔹,"Incline Bench Press · Barbell",3,23,kg,9,rep,""
15/06/2024,🏋️‍♂️,"Pec Deck · Machine",,,,,,""
15/06/2024,🔹,"Pec Deck · Machine",1,50,lb,12,rep,""
15/06/2024,🔹,"Pec Deck · Machine",2,50,lb,12,rep,""
15/06/2024,🔹,"Pec Deck · Machine",3,50,kg,12,rep,""
15/06/2024,🏋️‍♂️,"Tricep Extension · Cable",,,,,,""
15/06/2024,🔹,"Tricep Extension · Cable",1,25,lb,15,rep,""
15/06/2024,🔹,"Tricep Extension · Cable",2,25,lb,15,rep,""
15/06/2024,🔹,"Tricep Extension · Cable",3,25,lb,15,rep,""
15/06/2024,🔹,"Tricep Extension · Cable",4,25,lb,15,rep,""
15/06/2024,🏋️‍♂️,"Standing Cable Triceps extension",,,,,,""
15/06/2024,🔹,"Standing Cable Triceps extension",1,20,lb,10,rep,""
15/06/2024,🔹,"Standing Cable Triceps extension",2,15,lb,9,rep,""
15/06/2024,🏋️‍♂️,"Rear Delt",,,,,,""
15/06/2024,🔹,"Rear Delt",1,30,lb,12,rep,""
15/06/2024,🔹,"Rear Delt",2,30,lb,12,rep,""
15/06/2024,🔹,"Rear Delt",3,30,lb,12,rep,""
15/06/2024,🏋️‍♂️,"Cable Raise",,,,,,""
15/06/2024,🔹,"Cable Raise",1,5,lb,15,rep,""
15/06/2024,🔹,"Cable Raise",2,3.5,kg,7,rep,""
15/06/2024,🔹,"Cable Raise",3,3.5,kg,6,rep,""
17/06/2024,📅,,,,,,,"72 min"
17/06/2024,🏋️‍♂️,"Squat · Barbell",,,,,,"ho sbagliato a contare"
17/06/2024,🔹,"Squat · Barbell",1,60,kg,8,rep,""
17/06/2024,🔹,"Squat · Barbell",2,60,kg,8,rep,""
17/06/2024,🔹,"Squat · Barbell",3,60,kg,8,rep,""
17/06/2024,🔹,"Squat · Barbell",4,60,kg,8,rep,""
17/06/2024,🏋️‍♂️,"Romanian Deadlift · Barbell",,,,,,""
17/06/2024,🔹,"Romanian Deadlift · Barbell",1,40,kg,10,rep,""
17/06/2024,🔹,"Romanian Deadlift · Barbell",2,40,kg,10,rep,""
17/06/2024,🔹,"Romanian Deadlift · Barbell",3,40,kg,8,rep,""
17/06/2024,🏋️‍♂️,"Hip Abduction · Machine",,,,,,""
17/06/2024,🔹,"Hip Abduction · Machine",1,70,lb,15,rep,""
17/06/2024,🔹,"Hip Abduction · Machine",2,70,lb,15,rep,""
17/06/2024,🔹,"Hip Abduction · Machine",3,70,lb,15,rep,""
17/06/2024,🏋️‍♂️,"Hip Adduction · Machine",,,,,,""
17/06/2024,🔹,"Hip Adduction · Machine",1,70,lb,15,rep,""
17/06/2024,🔹,"Hip Adduction · Machine",2,70,lb,15,rep,""
17/06/2024,🔹,"Hip Adduction · Machine",3,70,lb,15,rep,""
17/06/2024,🏋️‍♂️,"Calf Press · Machine",,,,,,""
17/06/2024,🔹,"Calf Press · Machine",1,110,kg,25,rep,""
17/06/2024,🔹,"Calf Press · Machine",2,110,kg,25,rep,""
17/06/2024,🔹,"Calf Press · Machine",3,110,kg,20,rep,""
17/06/2024,🏋️‍♂️,"Lat Pull Down · Cable",,,,,,""
17/06/2024,🔹,"Lat Pull Down · Cable",1,34,kg,15,rep,""
17/06/2024,🔹,"Lat Pull Down · Cable",2,34,kg,15,rep,""
17/06/2024,🔹,"Lat Pull Down · Cable",3,34,kg,12,rep,""
17/06/2024,🏋️‍♂️,"VAF Ruckeninsulator",,,,,,""
17/06/2024,🔹,"VAF Ruckeninsulator",1,6,kg,12,rep,""
17/06/2024,🔹,"VAF Ruckeninsulator",2,7,kg,10,rep,""
17/06/2024,🏋️‍♂️,"Preacher Curl · Barbell",,,,,,""
17/06/2024,🔹,"Preacher Curl · Barbell",1,14,kg,12,rep,""
17/06/2024,🔹,"Preacher Curl · Barbell",2,14,kg,12,rep,""
17/06/2024,🔹,"Preacher Curl · Barbell",3,14,kg,12,rep,""
17/06/2024,🏋️‍♂️,"Hammer Curl · Dumbbell",,,,,,""
17/06/2024,🔹,"Hammer Curl · Dumbbell",1,7,kg,9,rep,""
17/06/2024,🔹,"Hammer Curl · Dumbbell",2,7,kg,9,rep,""
17/06/2024,🔹,"Hammer Curl · Dumbbell",3,7,kg,8,rep,""
19/06/2024,📅,,,,,,,"44 min"
19/06/2024,🏋️‍♂️,"Tricep Extension · Cable",,,,,,""
19/06/2024,🔹,"Tricep Extension · Cable",1,25,lb,15,rep,""
19/06/2024,🔹,"Tricep Extension · Cable",2,25,lb,15,rep,""
19/06/2024,🔹,"Tricep Extension · Cable",3,25,lb,15,rep,""
19/06/2024,🔹,"Tricep Extension · Cable",4,25,lb,15,rep,""
19/06/2024,🏋️‍♂️,"Skull crusher",,,,,,""
19/06/2024,🔹,"Skull crusher",1,11.5,kg,9,rep,""
19/06/2024,🔹,"Skull crusher",2,11.5,kg,9,rep,""
19/06/2024,🔹,"Skull crusher",3,11.5,kg,9,rep,""
19/06/2024,🏋️‍♂️,"Bench Press · Dumbbell",,,,,,""
19/06/2024,🔹,"Bench Press · Dumbbell",1,25,kg,10,rep,""
19/06/2024,🔹,"Bench Press · Dumbbell",2,20,kg,12,rep,""
19/06/2024,🏋️‍♂️,"Incline Bench Machine ",,,,,,""
19/06/2024,🔹,"Incline Bench Machine ",1,50,lb,12,rep,""
19/06/2024,🔹,"Incline Bench Machine ",2,50,lb,12,rep,""
19/06/2024,🏋️‍♂️,"Pec Deck · Machine",,,,,,""
19/06/2024,🔹,"Pec Deck · Machine",1,50,lb,15,rep,""
19/06/2024,🔹,"Pec Deck · Machine",2,50,lb,12,rep,""
19/06/2024,🏋️‍♂️,"Rear Delt",,,,,,""
19/06/2024,🔹,"Rear Delt",1,30,lb,15,rep,""
19/06/2024,🔹,"Rear Delt",2,30,lb,15,rep,""
19/06/2024,🔹,"Rear Delt",3,30,lb,12,rep,""
19/06/2024,🏋️‍♂️,"Lateral Raise · Dumbbell",,,,,,""
19/06/2024,🔹,"Lateral Raise · Dumbbell",1,5,kg,15,rep,""
19/06/2024,🔹,"Lateral Raise · Dumbbell",2,5,kg,12,rep,""
19/06/2024,🔹,"Lateral Raise · Dumbbell",3,5,kg,12,rep,""
28/06/2024,📅,,,,,,,"80 min"
28/06/2024,🏋️‍♂️,"Deadlift · Barbell",,,,,,""
28/06/2024,🔹,"Deadlift · Barbell",1,60,kg,8,rep,""
28/06/2024,🔹,"Deadlift · Barbell",2,70,kg,6,rep,""
28/06/2024,🔹,"Deadlift · Barbell",3,80,kg,5,rep,""
28/06/2024,🏋️‍♂️,"Bent Over Row · Barbell",,,,,,""
28/06/2024,🔹,"Bent Over Row · Barbell",1,30,kg,10,rep,""
28/06/2024,🔹,"Bent Over Row · Barbell",2,30,kg,10,rep,""
28/06/2024,🔹,"Bent Over Row · Barbell",3,30,kg,10,rep,""
28/06/2024,🏋️‍♂️,"Seated Row · Cable",,,,,,""
28/06/2024,🔹,"Seated Row · Cable",1,27,kg,15,rep,""
28/06/2024,🔹,"Seated Row · Cable",2,27,kg,15,rep,""
28/06/2024,🔹,"Seated Row · Cable",3,27,kg,15,rep,""
28/06/2024,🏋️‍♂️,"Preacher Curl · Barbell",,,,,,""
28/06/2024,🔹,"Preacher Curl · Barbell",1,14,kg,12,rep,""
28/06/2024,🔹,"Preacher Curl · Barbell",2,14,kg,15,rep,""
28/06/2024,🔹,"Preacher Curl · Barbell",3,14,kg,12,rep,""
28/06/2024,🏋️‍♂️,"Hammer Curl · Dumbbell",,,,,,""
28/06/2024,🔹,"Hammer Curl · Dumbbell",1,7,kg,11,rep,""
28/06/2024,🔹,"Hammer Curl · Dumbbell",2,7,kg,7,rep,""
28/06/2024,🏋️‍♂️,"Leg Press · Machine",,,,,,""
28/06/2024,🔹,"Leg Press · Machine",1,155,lb,15,rep,""
28/06/2024,🔹,"Leg Press · Machine",2,170,lb,15,rep,""
28/06/2024,🏋️‍♂️,"Leg Extension · Machine",,,,,,""
28/06/2024,🔹,"Leg Extension · Machine",1,70,lb,12,rep,""
28/06/2024,🔹,"Leg Extension · Machine",2,70,lb,15,rep,""
28/06/2024,🏋️‍♂️,"Leg Curl · Machine",,,,,,""
28/06/2024,🔹,"Leg Curl · Machine",1,70,lb,15,rep,""
28/06/2024,🔹,"Leg Curl · Machine",2,70,lb,15,rep,""
28/06/2024,🏋️‍♂️,"Hip Abduction · Machine",,,,,,""
28/06/2024,🔹,"Hip Abduction · Machine",1,70,lb,15,rep,""
28/06/2024,🔹,"Hip Abduction · Machine",2,75,lb,15,rep,""
28/06/2024,🏋️‍♂️,"Hip Adduction · Machine",,,,,,""
28/06/2024,🔹,"Hip Adduction · Machine",1,70,lb,15,rep,""
28/06/2024,🔹,"Hip Adduction · Machine",2,75,lb,15,rep,""
28/06/2024,🏋️‍♂️,"Calf Press · Machine",,,,,,""
28/06/2024,🔹,"Calf Press · Machine",1,130,kg,25,rep,""
28/06/2024,🔹,"Calf Press · Machine",2,130,kg,25,rep,""
29/06/2024,📅,,,,,,,"62 min"
29/06/2024,🏋️‍♂️,"Tricep Extension · Cable",,,,,,""
29/06/2024,🔹,"Tricep Extension · Cable",1,32.5,lb,15,rep,""
29/06/2024,🔹,"Tricep Extension · Cable",2,32.5,lb,12,rep,""
29/06/2024,🔹,"Tricep Extension · Cable",3,32.5,lb,10,rep,""
29/06/2024,🔹,"Tricep Extension · Cable",4,32.5,lb,10,rep,""
29/06/2024,🏋️‍♂️,"Skull crusher",,,,,,""
29/06/2024,🔹,"Skull crusher",1,14,kg,8,rep,""
29/06/2024,🔹,"Skull crusher",2,14,kg,8,rep,""
29/06/2024,🔹,"Skull crusher",3,11.5,kg,9,rep,""
29/06/2024,🏋️‍♂️,"Bench Press · Dumbbell",,,,,,""
29/06/2024,🔹,"Bench Press · Dumbbell",1,20,kg,12,rep,""
29/06/2024,🔹,"Bench Press · Dumbbell",2,25,kg,12,rep,""
29/06/2024,🏋️‍♂️,"Incline Bench Machine ",,,,,,""
29/06/2024,🔹,"Incline Bench Machine ",1,60,lb,12,rep,""
29/06/2024,🔹,"Incline Bench Machine ",2,60,lb,12,rep,""
29/06/2024,🏋️‍♂️,"Pec Deck · Machine",,,,,,""
29/06/2024,🔹,"Pec Deck · Machine",1,60,lb,15,rep,""
29/06/2024,🔹,"Pec Deck · Machine",2,60,lb,15,rep,""
29/06/2024,🏋️‍♂️,"Rear Delt",,,,,,""
29/06/2024,🔹,"Rear Delt",1,35,lb,12,rep,""
29/06/2024,🔹,"Rear Delt",2,35,lb,12,rep,""
29/06/2024,🔹,"Rear Delt",3,35,lb,12,rep,""
29/06/2024,🏋️‍♂️,"Lateral Raise · Dumbbell",,,,,,""
29/06/2024,🔹,"Lateral Raise · Dumbbell",1,5,kg,15,rep,""
29/06/2024,🔹,"Lateral Raise · Dumbbell",2,5,kg,15,rep,""
29/06/2024,🔹,"Lateral Raise · Dumbbell",3,5,kg,12,rep,""
01/07/2024,📅,,,,,,,"82 min"
01/07/2024,🏋️‍♂️,"Squat · Barbell",,,,,,""
01/07/2024,🔹,"Squat · Barbell",1,60,kg,9,rep,""
01/07/2024,🔹,"Squat · Barbell",2,60,kg,9,rep,""
01/07/2024,🔹,"Squat · Barbell",3,60,kg,9,rep,""
01/07/2024,🔹,"Squat · Barbell",4,60,kg,9,rep,""
01/07/2024,🏋️‍♂️,"Romanian Deadlift · Barbell",,,,,,""
01/07/2024,🔹,"Romanian Deadlift · Barbell",1,50,kg,8,rep,""
01/07/2024,🔹,"Romanian Deadlift · Barbell",2,50,kg,8,rep,""
01/07/2024,🔹,"Romanian Deadlift · Barbell",3,40,kg,8,rep,""
01/07/2024,🏋️‍♂️,"Hip Abduction · Machine",,,,,,""
01/07/2024,🔹,"Hip Abduction · Machine",1,80,lb,12,rep,""
01/07/2024,🔹,"Hip Abduction · Machine",2,80,lb,12,rep,""
01/07/2024,🔹,"Hip Abduction · Machine",3,80,lb,9,rep,""
01/07/2024,🏋️‍♂️,"Hip Adduction · Machine",,,,,,""
01/07/2024,🔹,"Hip Adduction · Machine",1,80,lb,12,rep,""
01/07/2024,🔹,"Hip Adduction · Machine",2,80,lb,12,rep,""
01/07/2024,🔹,"Hip Adduction · Machine",3,80,lb,12,rep,""
01/07/2024,🏋️‍♂️,"Calf Press · Machine",,,,,,""
01/07/2024,🔹,"Calf Press · Machine",1,150,kg,25,rep,""
01/07/2024,🔹,"Calf Press · Machine",2,150,kg,20,rep,""
01/07/2024,🔹,"Calf Press · Machine",3,150,kg,20,rep,""
01/07/2024,🏋️‍♂️,"Lat Pull Down · Cable",,,,,,""
01/07/2024,🔹,"Lat Pull Down · Cable",1,34,kg,15,rep,""
01/07/2024,🔹,"Lat Pull Down · Cable",2,34,kg,15,rep,""
01/07/2024,🔹,"Lat Pull Down · Cable",3,34,kg,15,rep,""
01/07/2024,🏋️‍♂️,"VAF Ruckeninsulator",,,,,,""
01/07/2024,🔹,"VAF Ruckeninsulator",1,7,kg,12,rep,""
01/07/2024,🔹,"VAF Ruckeninsulator",2,7,kg,12,rep,""
01/07/2024,🏋️‍♂️,"Preacher Curl · Barbell",,,,,,""
01/07/2024,🔹,"Preacher Curl · Barbell",1,14,kg,15,rep,""
01/07/2024,🔹,"Preacher Curl · Barbell",2,14,kg,15,rep,""
01/07/2024,🔹,"Preacher Curl · Barbell",3,14,kg,15,rep,""
01/07/2024,🏋️‍♂️,"Hammer Curl · Dumbbell",,,,,,""
01/07/2024,🔹,"Hammer Curl · Dumbbell",1,7,kg,9,rep,""
01/07/2024,🔹,"Hammer Curl · Dumbbell",2,7,kg,9,rep,""
01/07/2024,🔹,"Hammer Curl · Dumbbell",3,7,kg,8,rep,""
02/07/2024,📅,,,,,,,"82 min"
02/07/2024,🏋️‍♂️,"Bench Press · Barbell",,,,,,""
02/07/2024,🔹,"Bench Press · Barbell",1,40,kg,8,rep,""
02/07/2024,🔹,"Bench Press · Barbell",2,40,kg,8,rep,""
02/07/2024,🔹,"Bench Press · Barbell",3,40,kg,6,rep,""
02/07/2024,🔹,"Bench Press · Barbell",4,40,kg,6,rep,""
02/07/2024,🏋️‍♂️,"Incline Bench Press · Barbell",,,,,,""
02/07/2024,🔹,"Incline Bench Press · Barbell",1,23,kg,12,rep,""
02/07/2024,🔹,"Incline Bench Press · Barbell",2,23,kg,12,rep,""
02/07/2024,🔹,"Incline Bench Press · Barbell",3,23,kg,12,rep,""
02/07/2024,🏋️‍♂️,"Pec Deck · Machine",,,,,,""
02/07/2024,🔹,"Pec Deck · Machine",1,60,lb,12,rep,""
02/07/2024,🔹,"Pec Deck · Machine",2,60,lb,15,rep,""
02/07/2024,🔹,"Pec Deck · Machine",3,60,lb,12,rep,""
02/07/2024,🏋️‍♂️,"Tricep Extension · Cable",,,,,,""
02/07/2024,🔹,"Tricep Extension · Cable",1,32.5,lb,12,rep,""
02/07/2024,🔹,"Tricep Extension · Cable",2,32.5,lb,12,rep,""
02/07/2024,🔹,"Tricep Extension · Cable",3,32.5,lb,12,rep,""
02/07/2024,🔹,"Tricep Extension · Cable",4,32.5,lb,12,rep,""
02/07/2024,🏋️‍♂️,"Skull crusher",,,,,,""
02/07/2024,🔹,"Skull crusher",1,14,kg,9,rep,""
02/07/2024,🔹,"Skull crusher",2,14,kg,7,rep,""
02/07/2024,🔹,"Skull crusher",3,14,kg,9,rep,""
02/07/2024,🏋️‍♂️,"Rear Delt",,,,,,""
02/07/2024,🔹,"Rear Delt",1,35,lb,15,rep,""
02/07/2024,🔹,"Rear Delt",2,40,lb,10,rep,""
02/07/2024,🔹,"Rear Delt",3,40,lb,12,rep,""
02/07/2024,🏋️‍♂️,"Cybex cable raise",,,,,,""
02/07/2024,🔹,"Cybex cable raise",1,2,kg,12,rep,""
02/07/2024,🔹,"Cybex cable raise",2,2,kg,14,rep,""
04/07/2024,📅,,,,,,,"75 min"
04/07/2024,🏋️‍♂️,"Deadlift · Barbell",,,,,,""
04/07/2024,🔹,"Deadlift · Barbell",1,70,kg,7,rep,""
04/07/2024,🔹,"Deadlift · Barbell",2,70,kg,8,rep,""
04/07/2024,🔹,"Deadlift · Barbell",3,70,kg,8,rep,""
04/07/2024,🏋️‍♂️,"Bent Over Row · Barbell",,,,,,""
04/07/2024,🔹,"Bent Over Row · Barbell",1,30,kg,12,rep,""
04/07/2024,🔹,"Bent Over Row · Barbell",2,30,kg,12,rep,""
04/07/2024,🔹,"Bent Over Row · Barbell",3,30,kg,12,rep,""
04/07/2024,🏋️‍♂️,"Seated Row · Cable",,,,,,""
04/07/2024,🔹,"Seated Row · Cable",1,34,kg,10,rep,""
04/07/2024,🔹,"Seated Row · Cable",2,34,kg,10,rep,""
04/07/2024,🔹,"Seated Row · Cable",3,34,kg,10,rep,""
04/07/2024,🏋️‍♂️,"Preacher Curl · Barbell",,,,,,""
04/07/2024,🔹,"Preacher Curl · Barbell",1,16.5,kg,12,rep,""
04/07/2024,🔹,"Preacher Curl · Barbell",2,16.5,kg,12,rep,""
04/07/2024,🔹,"Preacher Curl · Barbell",3,16.5,kg,12,rep,""
04/07/2024,🏋️‍♂️,"Hammer Curl · Dumbbell",,,,,,""
04/07/2024,🔹,"Hammer Curl · Dumbbell",1,7,kg,10,rep,""
04/07/2024,🔹,"Hammer Curl · Dumbbell",2,7,kg,7,rep,""
04/07/2024,🏋️‍♂️,"Cybex Hack Squat",,,,,,""
04/07/2024,🔹,"Cybex Hack Squat",1,7,kg,10,rep,""
04/07/2024,🔹,"Cybex Hack Squat",2,7,kg,10,rep,""
04/07/2024,🏋️‍♂️,"Leg Extension · Machine",,,,,,""
04/07/2024,🔹,"Leg Extension · Machine",1,80,lb,12,rep,""
04/07/2024,🔹,"Leg Extension · Machine",2,70,lb,15,rep,""
04/07/2024,🏋️‍♂️,"Leg Curl · Machine",,,,,,""
04/07/2024,🔹,"Leg Curl · Machine",1,75,lb,12,rep,""
04/07/2024,🔹,"Leg Curl · Machine",2,70,lb,15,rep,""
04/07/2024,🏋️‍♂️,"Hip Abduction · Machine",,,,,,""
04/07/2024,🔹,"Hip Abduction · Machine",1,80,lb,12,rep,""
04/07/2024,🔹,"Hip Abduction · Machine",2,80,lb,15,rep,""
04/07/2024,🏋️‍♂️,"Hip Adduction · Machine",,,,,,""
04/07/2024,🔹,"Hip Adduction · Machine",1,80,lb,12,rep,""
04/07/2024,🔹,"Hip Adduction · Machine",2,80,lb,15,rep,""
04/07/2024,🏋️‍♂️,"Calf Press · Machine",,,,,,""
04/07/2024,🔹,"Calf Press · Machine",1,150,kg,25,rep,""
04/07/2024,🔹,"Calf Press · Machine",2,150,kg,20,rep,""
06/07/2024,📅,,,,,,,"75 min"
06/07/2024,🏋️‍♂️,"Tricep Extension · Cable",,,,,,""
06/07/2024,🔹,"Tricep Extension · Cable",1,32.5,lb,13,rep,""
06/07/2024,🔹,"Tricep Extension · Cable",2,32.5,lb,13,rep,""
06/07/2024,🔹,"Tricep Extension · Cable",3,32.5,lb,13,rep,""
06/07/2024,🔹,"Tricep Extension · Cable",4,32.5,lb,10,rep,""
06/07/2024,🏋️‍♂️,"Skull crusher",,,,,,""
06/07/2024,🔹,"Skull crusher",1,14,kg,8,rep,""
06/07/2024,🔹,"Skull crusher",2,14,kg,8,rep,""
06/07/2024,🔹,"Skull crusher",3,14,kg,8,rep,""
06/07/2024,🏋️‍♂️,"Bench Press · Dumbbell",,,,,,""
06/07/2024,🔹,"Bench Press · Dumbbell",1,25,kg,15,rep,""
06/07/2024,🔹,"Bench Press · Dumbbell",2,25,kg,12,rep,""
06/07/2024,🏋️‍♂️,"Incline Bench Machine ",,,,,,""
06/07/2024,🔹,"Incline Bench Machine ",1,65,lb,10,rep,""
06/07/2024,🔹,"Incline Bench Machine ",2,65,lb,10,rep,""
06/07/2024,🏋️‍♂️,"Pec Deck · Machine",,,,,,""
06/07/2024,🔹,"Pec Deck · Machine",1,60,lb,15,rep,""
06/07/2024,🔹,"Pec Deck · Machine",2,60,lb,15,rep,""
06/07/2024,🏋️‍♂️,"Rear Delt",,,,,,""
06/07/2024,🔹,"Rear Delt",1,40,lb,12,rep,""
06/07/2024,🔹,"Rear Delt",2,40,lb,12,rep,""
06/07/2024,🔹,"Rear Delt",3,40,lb,12,rep,""
06/07/2024,🏋️‍♂️,"Lateral Raise · Dumbbell",,,,,,""
06/07/2024,🔹,"Lateral Raise · Dumbbell",1,5,kg,15,rep,""
06/07/2024,🔹,"Lateral Raise · Dumbbell",2,5,kg,15,rep,""
06/07/2024,🔹,"Lateral Raise · Dumbbell",3,5,kg,12,rep,""
06/07/2024,🏋️‍♂️,"Hempen jig (double)",,,,,,""
06/07/2024,🔹,"Hempen jig (double)",1,30,sec,0,km,"WarmUp"
06/07/2024,🔹,"Hempen jig (double)",2,46,sec,0,km,""
06/07/2024,🔹,"Hempen jig (double)",3,43,sec,0,km,""
06/07/2024,🔹,"Hempen jig (double)",4,43,sec,0,km,""
08/07/2024,📅,,,,,,,"85 min"
08/07/2024,🏋️‍♂️,"Squat · Barbell",,,,,,""
08/07/2024,🔹,"Squat · Barbell",1,60,kg,9,rep,""
08/07/2024,🔹,"Squat · Barbell",2,60,kg,10,rep,""
08/07/2024,🔹,"Squat · Barbell",3,60,kg,10,rep,""
08/07/2024,🔹,"Squat · Barbell",4,60,kg,10,rep,""
08/07/2024,🏋️‍♂️,"Romanian Deadlift · Barbell",,,,,,""
08/07/2024,🔹,"Romanian Deadlift · Barbell",1,50,kg,12,rep,""
08/07/2024,🔹,"Romanian Deadlift · Barbell",2,50,kg,12,rep,""
08/07/2024,🔹,"Romanian Deadlift · Barbell",3,50,kg,12,rep,""
08/07/2024,🏋️‍♂️,"Hip Abduction · Machine",,,,,,""
08/07/2024,🔹,"Hip Abduction · Machine",1,80,lb,12,rep,""
08/07/2024,🔹,"Hip Abduction · Machine",2,80,lb,15,rep,""
08/07/2024,🔹,"Hip Abduction · Machine",3,80,lb,15,rep,""
08/07/2024,🏋️‍♂️,"Hip Adduction · Machine",,,,,,""
08/07/2024,🔹,"Hip Adduction · Machine",1,80,lb,12,rep,""
08/07/2024,🔹,"Hip Adduction · Machine",2,80,lb,15,rep,""
08/07/2024,🔹,"Hip Adduction · Machine",3,80,lb,15,rep,""
08/07/2024,🏋️‍♂️,"Calf Press · Machine",,,,,,""
08/07/2024,🔹,"Calf Press · Machine",1,150,kg,25,rep,""
08/07/2024,🔹,"Calf Press · Machine",2,150,kg,25,rep,""
08/07/2024,🔹,"Calf Press · Machine",3,150,kg,20,rep,""
08/07/2024,🏋️‍♂️,"Natural Grip Lat Machine",,,,,,""
08/07/2024,🔹,"Natural Grip Lat Machine",1,90,lb,12,rep,""
08/07/2024,🔹,"Natural Grip Lat Machine",2,105,lb,8,rep,""
08/07/2024,🔹,"Natural Grip Lat Machine",3,90,lb,12,rep,""
08/07/2024,🏋️‍♂️,"VAF Ruckeninsulator",,,,,,""
08/07/2024,🔹,"VAF Ruckeninsulator",1,8,kg,12,rep,""
08/07/2024,🔹,"VAF Ruckeninsulator",2,9,kg,12,rep,""
08/07/2024,🏋️‍♂️,"Preacher Curl · Barbell",,,,,,""
08/07/2024,🔹,"Preacher Curl · Barbell",1,19,kg,8,rep,""
08/07/2024,🔹,"Preacher Curl · Barbell",2,19,kg,9,rep,""
08/07/2024,🔹,"Preacher Curl · Barbell",3,19,kg,10,rep,""
08/07/2024,🏋️‍♂️,"Hammer Curl · Dumbbell",,,,,,""
08/07/2024,🔹,"Hammer Curl · Dumbbell",1,7,kg,10,rep,""
08/07/2024,🔹,"Hammer Curl · Dumbbell",2,7,kg,10,rep,""
08/07/2024,🔹,"Hammer Curl · Dumbbell",3,7,kg,10,rep,""
10/07/2024,📅,,,,,,,"79 min"
10/07/2024,🏋️‍♂️,"Bench Press · Barbell",,,,,,""
10/07/2024,🔹,"Bench Press · Barbell",1,40,kg,8,rep,""
10/07/2024,🔹,"Bench Press · Barbell",2,40,kg,8,rep,""
10/07/2024,🔹,"Bench Press · Barbell",3,40,kg,8,rep,""
10/07/2024,🔹,"Bench Press · Barbell",4,40,kg,8,rep,""
10/07/2024,🏋️‍♂️,"Incline Bench Press · Barbell",,,,,,""
10/07/2024,🔹,"Incline Bench Press · Barbell",1,30,kg,9,rep,""
10/07/2024,🔹,"Incline Bench Press · Barbell",2,30,kg,9,rep,""
10/07/2024,🔹,"Incline Bench Press · Barbell",3,30,kg,9,rep,""
10/07/2024,🏋️‍♂️,"Pec Deck · Machine",,,,,,""
10/07/2024,🔹,"Pec Deck · Machine",1,65,lb,12,rep,""
10/07/2024,🔹,"Pec Deck · Machine",2,70,lb,12,rep,""
10/07/2024,🔹,"Pec Deck · Machine",3,70,lb,12,rep,""
10/07/2024,🏋️‍♂️,"Tricep Extension · Cable",,,,,,""
10/07/2024,🔹,"Tricep Extension · Cable",1,32.5,lb,13,rep,""
10/07/2024,🔹,"Tricep Extension · Cable",2,32.5,lb,13,rep,""
10/07/2024,🔹,"Tricep Extension · Cable",3,32.5,lb,13,rep,""
10/07/2024,🔹,"Tricep Extension · Cable",4,32.5,lb,13,rep,""
10/07/2024,🏋️‍♂️,"Skull crusher",,,,,,""
10/07/2024,🔹,"Skull crusher",1,14,kg,8,rep,""
10/07/2024,🔹,"Skull crusher",2,14,kg,7,rep,""
10/07/2024,🔹,"Skull crusher",3,14,kg,9,rep,""
10/07/2024,🏋️‍♂️,"Rear Delt",,,,,,""
10/07/2024,🔹,"Rear Delt",1,45,lb,10,rep,""
10/07/2024,🔹,"Rear Delt",2,45,lb,10,rep,""
10/07/2024,🔹,"Rear Delt",3,45,lb,10,rep,""
10/07/2024,🏋️‍♂️,"Seated Overhead Press · Dumbbell",,,,,,""
10/07/2024,🔹,"Seated Overhead Press · Dumbbell",1,20,kg,10,rep,""
10/07/2024,🔹,"Seated Overhead Press · Dumbbell",2,20,kg,9,rep,""
10/07/2024,🔹,"Seated Overhead Press · Dumbbell",3,20,kg,7,rep,""
10/07/2024,🏋️‍♂️,"Hempen jig (double)",,,,,,""
10/07/2024,🔹,"Hempen jig (double)",1,30,sec,0,km,""
10/07/2024,🔹,"Hempen jig (double)",2,60,sec,0,km,""
10/07/2024,🔹,"Hempen jig (double)",3,47,sec,0,km,""
10/07/2024,🔹,"Hempen jig (double)",4,41,sec,0,km,""
11/07/2024,📅,,,,,,,"76 min"
11/07/2024,🏋️‍♂️,"Deadlift · Barbell",,,,,,""
11/07/2024,🔹,"Deadlift · Barbell",1,70,kg,8,rep,""
11/07/2024,🔹,"Deadlift · Barbell",2,80,kg,6,rep,""
11/07/2024,🔹,"Deadlift · Barbell",3,70,kg,8,rep,""
11/07/2024,🏋️‍♂️,"Bent Over Row · Barbell",,,,,,""
11/07/2024,🔹,"Bent Over Row · Barbell",1,40,kg,8,rep,""
11/07/2024,🔹,"Bent Over Row · Barbell",2,40,kg,10,rep,""
11/07/2024,🔹,"Bent Over Row · Barbell",3,40,kg,10,rep,""
11/07/2024,🏋️‍♂️,"Seated Row · Cable",,,,,,""
11/07/2024,🔹,"Seated Row · Cable",1,34,kg,12,rep,""
11/07/2024,🔹,"Seated Row · Cable",2,34,kg,12,rep,""
11/07/2024,🔹,"Seated Row · Cable",3,34,kg,12,rep,""
11/07/2024,🏋️‍♂️,"Assisted Pull Up",,,,,,""
11/07/2024,🏋️‍♂️,"Preacher Curl · Barbell",,,,,,""
11/07/2024,🔹,"Preacher Curl · Barbell",1,19,kg,10,rep,""
11/07/2024,🔹,"Preacher Curl · Barbell",2,19,kg,10,rep,""
11/07/2024,🔹,"Preacher Curl · Barbell",3,19,kg,10,rep,""
11/07/2024,🏋️‍♂️,"Hammer Curl · Dumbbell",,,,,,""
11/07/2024,🔹,"Hammer Curl · Dumbbell",1,7,kg,12,rep,""
11/07/2024,🔹,"Hammer Curl · Dumbbell",2,7,kg,7,rep,""
11/07/2024,🏋️‍♂️,"Cybex Hack Squat",,,,,,""
11/07/2024,🔹,"Cybex Hack Squat",1,7,kg,12,rep,""
11/07/2024,🔹,"Cybex Hack Squat",2,7,kg,10,rep,""
11/07/2024,🏋️‍♂️,"Leg Extension · Machine",,,,,,""
11/07/2024,🔹,"Leg Extension · Machine",1,80,lb,12,rep,""
11/07/2024,🔹,"Leg Extension · Machine",2,70,lb,15,rep,""
11/07/2024,🏋️‍♂️,"Leg Curl · Machine",,,,,,""
11/07/2024,🔹,"Leg Curl · Machine",1,80,lb,13,rep,""
11/07/2024,🔹,"Leg Curl · Machine",2,80,lb,13,rep,""
11/07/2024,🏋️‍♂️,"Hip Abduction · Machine",,,,,,""
11/07/2024,🔹,"Hip Abduction · Machine",1,80,lb,15,rep,""
11/07/2024,🔹,"Hip Abduction · Machine",2,80,lb,12,rep,""
11/07/2024,🏋️‍♂️,"Hip Adduction · Machine",,,,,,""
11/07/2024,🔹,"Hip Adduction · Machine",1,80,lb,15,rep,""
11/07/2024,🔹,"Hip Adduction · Machine",2,80,lb,15,rep,""
11/07/2024,🏋️‍♂️,"Calf Press · Machine",,,,,,""
11/07/2024,🔹,"Calf Press · Machine",1,150,kg,25,rep,""
11/07/2024,🔹,"Calf Press · Machine",2,150,kg,18,rep,""
13/07/2024,📅,,,,,,,"65 min"
13/07/2024,🏋️‍♂️,"Tricep Extension · Cable",,,,,,""
13/07/2024,🔹,"Tricep Extension · Cable",1,32.5,lb,13,rep,""
13/07/2024,🔹,"Tricep Extension · Cable",2,32.5,lb,13,rep,""
13/07/2024,🔹,"Tricep Extension · Cable",3,32.5,lb,13,rep,""
13/07/2024,🔹,"Tricep Extension · Cable",4,32.5,lb,13,rep,""
13/07/2024,🏋️‍♂️,"Skull crusher",,,,,,""
13/07/2024,🔹,"Skull crusher",1,14,kg,12,rep,""
13/07/2024,🔹,"Skull crusher",2,14,kg,10,rep,""
13/07/2024,🔹,"Skull crusher",3,14,kg,10,rep,""
13/07/2024,🏋️‍♂️,"Bench Press · Dumbbell",,,,,,""
13/07/2024,🔹,"Bench Press · Dumbbell",1,30,kg,8,rep,""
13/07/2024,🔹,"Bench Press · Dumbbell",2,30,kg,10,rep,""
13/07/2024,🏋️‍♂️,"Incline Bench Machine ",,,,,,""
13/07/2024,🔹,"Incline Bench Machine ",1,70,lb,9,rep,""
13/07/2024,🔹,"Incline Bench Machine ",2,70,lb,9,rep,""
13/07/2024,🏋️‍♂️,"Pec Deck · Machine",,,,,,""
13/07/2024,🔹,"Pec Deck · Machine",1,80,lb,8,rep,""
13/07/2024,🔹,"Pec Deck · Machine",2,80,lb,8,rep,""
13/07/2024,🏋️‍♂️,"Rear Delt",,,,,,""
13/07/2024,🔹,"Rear Delt",1,50,lb,10,rep,""
13/07/2024,🔹,"Rear Delt",2,50,lb,12,rep,""
13/07/2024,🔹,"Rear Delt",3,50,lb,12,rep,""
13/07/2024,🏋️‍♂️,"Lateral Raise · Dumbbell",,,,,,""
13/07/2024,🔹,"Lateral Raise · Dumbbell",1,6,kg,10,rep,""
13/07/2024,🔹,"Lateral Raise · Dumbbell",2,6,kg,12,rep,""
13/07/2024,🔹,"Lateral Raise · Dumbbell",3,6,kg,12,rep,""
13/07/2024,🏋️‍♂️,"Hempen jig (double)",,,,,,""
13/07/2024,🔹,"Hempen jig (double)",1,30,sec,0,km,""
13/07/2024,🔹,"Hempen jig (double)",2,60,sec,0,km,""
13/07/2024,🔹,"Hempen jig (double)",3,39,sec,0,km,""
13/07/2024,🏋️‍♂️,"Tricep Dip",,,,,,""
13/07/2024,🔹,"Tricep Dip",1,0,kg,7,rep,""
13/07/2024,🔹,"Tricep Dip",2,0,kg,6,rep,""
13/07/2024,🔹,"Tricep Dip",3,0,kg,3,rep,""
15/07/2024,📅,,,,,,,"80 min"
15/07/2024,🏋️‍♂️,"Squat · Barbell",,,,,,""
15/07/2024,🔹,"Squat · Barbell",1,60,kg,10,rep,""
15/07/2024,🔹,"Squat · Barbell",2,70,kg,6,rep,""
15/07/2024,🔹,"Squat · Barbell",3,70,kg,6,rep,""
15/07/2024,🔹,"Squat · Barbell",4,70,kg,6,rep,""
15/07/2024,🏋️‍♂️,"Romanian Deadlift · Barbell",,,,,,""
15/07/2024,🔹,"Romanian Deadlift · Barbell",1,60,kg,10,rep,""
15/07/2024,🔹,"Romanian Deadlift · Barbell",2,60,kg,6,rep,""
15/07/2024,🔹,"Romanian Deadlift · Barbell",3,60,kg,7,rep,""
15/07/2024,🏋️‍♂️,"Hip Abduction · Machine",,,,,,""
15/07/2024,🔹,"Hip Abduction · Machine",1,90,lb,10,rep,""
15/07/2024,🔹,"Hip Abduction · Machine",2,90,lb,10,rep,""
15/07/2024,🔹,"Hip Abduction · Machine",3,90,lb,10,rep,""
15/07/2024,🏋️‍♂️,"Hip Adduction · Machine",,,,,,""
15/07/2024,🔹,"Hip Adduction · Machine",1,90,lb,10,rep,""
15/07/2024,🔹,"Hip Adduction · Machine",2,90,lb,10,rep,""
15/07/2024,🔹,"Hip Adduction · Machine",3,90,lb,10,rep,""
15/07/2024,🏋️‍♂️,"Calf Press · Machine",,,,,,""
15/07/2024,🔹,"Calf Press · Machine",1,150,kg,22,rep,""
15/07/2024,🔹,"Calf Press · Machine",2,150,kg,22,rep,""
15/07/2024,🔹,"Calf Press · Machine",3,150,kg,23,rep,""
15/07/2024,🏋️‍♂️,"Natural Grip Lat Machine",,,,,,""
15/07/2024,🔹,"Natural Grip Lat Machine",1,90,lb,15,rep,""
15/07/2024,🔹,"Natural Grip Lat Machine",2,105,lb,9,rep,""
15/07/2024,🔹,"Natural Grip Lat Machine",3,105,lb,8,rep,""
15/07/2024,🏋️‍♂️,"VAF Ruckeninsulator",,,,,,""
15/07/2024,🔹,"VAF Ruckeninsulator",1,9,kg,12,rep,""
15/07/2024,🔹,"VAF Ruckeninsulator",2,9,kg,12,rep,""
15/07/2024,🏋️‍♂️,"Preacher Curl · Barbell",,,,,,""
15/07/2024,🔹,"Preacher Curl · Barbell",1,19,kg,10,rep,""
15/07/2024,🔹,"Preacher Curl · Barbell",2,19,kg,9,rep,""
15/07/2024,🔹,"Preacher Curl · Barbell",3,19,kg,9,rep,""
15/07/2024,🏋️‍♂️,"Hammer Curl · Dumbbell",,,,,,""
15/07/2024,🔹,"Hammer Curl · Dumbbell",1,7,kg,11,rep,""
15/07/2024,🔹,"Hammer Curl · Dumbbell",2,7,kg,10,rep,""
15/07/2024,🔹,"Hammer Curl · Dumbbell",3,7,kg,10,rep,""
15/07/2024,🏋️‍♂️,"Assisted Pull Up",,,,,,""
15/07/2024,🔹,"Assisted Pull Up",1,6,kg,5,rep,""
15/07/2024,🔹,"Assisted Pull Up",2,6,kg,5,rep,""
17/07/2024,📅,,,,,,,"99 min"
17/07/2024,🏋️‍♂️,"Bench Press · Barbell",,,,,,""
17/07/2024,🔹,"Bench Press · Barbell",1,40,kg,9,rep,""
17/07/2024,🔹,"Bench Press · Barbell",2,40,kg,10,rep,""
17/07/2024,🔹,"Bench Press · Barbell",3,40,kg,10,rep,""
17/07/2024,🔹,"Bench Press · Barbell",4,40,kg,8,rep,""
17/07/2024,🏋️‍♂️,"Incline Bench Press · Barbell",,,,,,""
17/07/2024,🔹,"Incline Bench Press · Barbell",1,30,kg,12,rep,""
17/07/2024,🔹,"Incline Bench Press · Barbell",2,30,kg,12,rep,""
17/07/2024,🔹,"Incline Bench Press · Barbell",3,30,kg,9,rep,""
17/07/2024,🏋️‍♂️,"Pec Deck · Machine",,,,,,"improved form"
17/07/2024,🔹,"Pec Deck · Machine",1,80,lb,12,rep,""
17/07/2024,🔹,"Pec Deck · Machine",2,80,lb,12,rep,""
17/07/2024,🔹,"Pec Deck · Machine",3,80,lb,12,rep,""
17/07/2024,🏋️‍♂️,"Rear Delt",,,,,,""
17/07/2024,🔹,"Rear Delt",1,50,lb,12,rep,""
17/07/2024,🔹,"Rear Delt",2,50,lb,12,rep,""
17/07/2024,🏋️‍♂️,"Seated Overhead Press · Dumbbell",,,,,,""
17/07/2024,🔹,"Seated Overhead Press · Dumbbell",1,20,kg,10,rep,""
17/07/2024,🔹,"Seated Overhead Press · Dumbbell",2,20,kg,6,rep,""
17/07/2024,🔹,"Seated Overhead Press · Dumbbell",3,20,kg,7,rep,""
17/07/2024,🏋️‍♂️,"Cable Raise",,,,,,""
17/07/2024,🔹,"Cable Raise",1,5,lb,15,rep,""
17/07/2024,🔹,"Cable Raise",2,10,lb,7,rep,""
17/07/2024,🏋️‍♂️,"Tricep Extension · Cable",,,,,,""
17/07/2024,🔹,"Tricep Extension · Cable",1,32.5,lb,15,rep,""
17/07/2024,🔹,"Tricep Extension · Cable",2,32.5,lb,15,rep,""
17/07/2024,🔹,"Tricep Extension · Cable",3,32.5,lb,15,rep,""
17/07/2024,🏋️‍♂️,"Standing Cable Triceps extension",,,,,,"11, maybe lower"
17/07/2024,🔹,"Standing Cable Triceps extension",1,20,lb,12,rep,""
17/07/2024,🔹,"Standing Cable Triceps extension",2,20,lb,12,rep,""
17/07/2024,🏋️‍♂️,"Cable Kickback",,,,,,""
17/07/2024,🔹,"Cable Kickback",1,10,lb,10,rep,""
17/07/2024,🔹,"Cable Kickback",2,10,lb,10,rep,""
17/07/2024,🏋️‍♂️,"Tricep Dip",,,,,,""
17/07/2024,🔹,"Tricep Dip",1,0,kg,4,rep,""
17/07/2024,🔹,"Tricep Dip",2,0,kg,5,rep,""
17/07/2024,🔹,"Tricep Dip",3,0,kg,4,rep,""
17/07/2024,🏋️‍♂️,"Hempen jig (double)",,,,,,""
17/07/2024,🔹,"Hempen jig (double)",1,30,sec,0,km,""
17/07/2024,🔹,"Hempen jig (double)",2,60,sec,0,km,""
17/07/2024,🔹,"Hempen jig (double)",3,46,sec,0,km,""
18/07/2024,📅,,,,,,,"84 min"
18/07/2024,🏋️‍♂️,"Deadlift · Barbell",,,,,,""
18/07/2024,🔹,"Deadlift · Barbell",1,80,kg,6,rep,""
18/07/2024,🔹,"Deadlift · Barbell",2,80,kg,6,rep,""
18/07/2024,🔹,"Deadlift · Barbell",3,80,kg,8,rep,""
18/07/2024,🏋️‍♂️,"Bent Over Row · Barbell",,,,,,""
18/07/2024,🔹,"Bent Over Row · Barbell",1,40,kg,12,rep,""
18/07/2024,🔹,"Bent Over Row · Barbell",2,40,kg,12,rep,""
18/07/2024,🏋️‍♂️,"Seated Row · Cable",,,,,,""
18/07/2024,🔹,"Seated Row · Cable",1,34,kg,13,rep,""
18/07/2024,🔹,"Seated Row · Cable",2,34,kg,13,rep,""
18/07/2024,🔹,"Seated Row · Cable",3,34,kg,13,rep,""
18/07/2024,🏋️‍♂️,"Lat Pull Down · Cable",,,,,,""
18/07/2024,🔹,"Lat Pull Down · Cable",1,41,kg,10,rep,""
18/07/2024,🔹,"Lat Pull Down · Cable",2,41,kg,10,rep,""
18/07/2024,🔹,"Lat Pull Down · Cable",3,41,kg,10,rep,""
18/07/2024,🏋️‍♂️,"Preacher Curl · Barbell",,,,,,""
18/07/2024,🔹,"Preacher Curl · Barbell",1,19,kg,10,rep,""
18/07/2024,🔹,"Preacher Curl · Barbell",2,19,kg,10,rep,""
18/07/2024,🔹,"Preacher Curl · Barbell",3,19,kg,8,rep,""
18/07/2024,🏋️‍♂️,"Hammer Curl · Dumbbell",,,,,,""
18/07/2024,🔹,"Hammer Curl · Dumbbell",1,8,kg,8,rep,""
18/07/2024,🔹,"Hammer Curl · Dumbbell",2,8,kg,8,rep,""
18/07/2024,🏋️‍♂️,"Cybex Hack Squat",,,,,,""
18/07/2024,🔹,"Cybex Hack Squat",1,8,kg,12,rep,""
18/07/2024,🔹,"Cybex Hack Squat",2,8,kg,12,rep,""
18/07/2024,🏋️‍♂️,"Leg Extension · Machine",,,,,,""
18/07/2024,🔹,"Leg Extension · Machine",1,80,lb,12,rep,""
18/07/2024,🔹,"Leg Extension · Machine",2,70,lb,15,rep,""
18/07/2024,🏋️‍♂️🔗,"Leg Curl · Machine",,,,,,""
18/07/2024,🔹,"Leg Curl · Machine",1,80,lb,15,rep,""
18/07/2024,🔹,"Leg Curl · Machine",2,80,lb,15,rep,""
18/07/2024,🏋️‍♂️,"Hip Abduction · Machine",,,,,,""
18/07/2024,🔹,"Hip Abduction · Machine",1,90,lb,15,rep,""
18/07/2024,🔹,"Hip Abduction · Machine",2,90,lb,15,rep,""
18/07/2024,🏋️‍♂️🔗,"Hip Adduction · Machine",,,,,,""
18/07/2024,🔹,"Hip Adduction · Machine",1,90,lb,15,rep,""
18/07/2024,🔹,"Hip Adduction · Machine",2,90,lb,15,rep,""
18/07/2024,🏋️‍♂️,"Calf Press · Machine",,,,,,""
18/07/2024,🔹,"Calf Press · Machine",1,150,kg,25,rep,""
18/07/2024,🔹,"Calf Press · Machine",2,150,kg,20,rep,""
20/07/2024,📅,,,,,,,"91 min"
20/07/2024,🏋️‍♂️,"Overhead Press · Barbell",,,,,,""
20/07/2024,🔹,"Overhead Press · Barbell",1,30,kg,5,rep,""
20/07/2024,🔹,"Overhead Press · Barbell",2,30,kg,5,rep,""
20/07/2024,🏋️‍♂️,"Lateral Raise · Dumbbell",,,,,,""
20/07/2024,🔹,"Lateral Raise · Dumbbell",1,6,kg,12,rep,""
20/07/2024,🔹,"Lateral Raise · Dumbbell",2,6,kg,12,rep,""
20/07/2024,🔹,"Lateral Raise · Dumbbell",3,6,kg,12,rep,""
20/07/2024,🏋️‍♂️,"Rear Delt",,,,,,""
20/07/2024,🔹,"Rear Delt",1,50,lb,13,rep,""
20/07/2024,🔹,"Rear Delt",2,50,lb,13,rep,""
20/07/2024,🔹,"Rear Delt",3,50,lb,13,rep,""
20/07/2024,🏋️‍♂️,"Tricep Extension · Cable",,,,,,""
20/07/2024,🔹,"Tricep Extension · Cable",1,40,lb,9,rep,""
20/07/2024,🔹,"Tricep Extension · Cable",2,40,lb,9,rep,""
20/07/2024,🔹,"Tricep Extension · Cable",3,40,lb,9,rep,""
20/07/2024,🔹,"Tricep Extension · Cable",4,40,lb,9,rep,""
20/07/2024,🏋️‍♂️,"Cable Kickback",,,,,,""
20/07/2024,🔹,"Cable Kickback",1,10,lb,10,rep,""
20/07/2024,🔹,"Cable Kickback",2,10,lb,12,rep,""
20/07/2024,🔹,"Cable Kickback",3,12,lb,11,rep,""
20/07/2024,🏋️‍♂️,"Skull crusher",,,,,,"improved form"
20/07/2024,🔹,"Skull crusher",1,14,kg,10,rep,""
20/07/2024,🔹,"Skull crusher",2,14,kg,10,rep,""
20/07/2024,🔹,"Skull crusher",3,14,kg,9,rep,""
20/07/2024,🏋️‍♂️,"Bench Press · Dumbbell",,,,,,""
20/07/2024,🔹,"Bench Press · Dumbbell",1,30,kg,10,rep,""
20/07/2024,🔹,"Bench Press · Dumbbell",2,30,kg,9,rep,""
20/07/2024,🏋️‍♂️,"Incline Bench Machine ",,,,,,""
20/07/2024,🔹,"Incline Bench Machine ",1,70,lb,10,rep,""
20/07/2024,🔹,"Incline Bench Machine ",2,70,lb,11,rep,""
20/07/2024,🏋️‍♂️,"Pec Deck · Machine",,,,,,""
20/07/2024,🔹,"Pec Deck · Machine",1,80,lb,10,rep,""
20/07/2024,🔹,"Pec Deck · Machine",2,80,lb,10,rep,""
20/07/2024,🏋️‍♂️,"Hempen jig (double)",,,,,,""
20/07/2024,🔹,"Hempen jig (double)",1,30,sec,0,km,""
20/07/2024,🔹,"Hempen jig (double)",2,60,sec,0,km,""
20/07/2024,🔹,"Hempen jig (double)",3,42,sec,0,km,""
20/07/2024,🏋️‍♂️,"Tricep Dip",,,,,,""
20/07/2024,🔹,"Tricep Dip",1,0,kg,8,rep,""
20/07/2024,🔹,"Tricep Dip",2,0,kg,8,rep,"Hard"
20/07/2024,🔹,"Tricep Dip",3,0,kg,6,rep,""
22/07/2024,📅,,,,,,,"77 min"
22/07/2024,🏋️‍♂️,"Squat · Barbell",,,,,,""
22/07/2024,🔹,"Squat · Barbell",1,70,kg,7,rep,""
22/07/2024,🔹,"Squat · Barbell",2,70,kg,7,rep,""
22/07/2024,🔹,"Squat · Barbell",3,70,kg,7,rep,""
22/07/2024,🔹,"Squat · Barbell",4,70,kg,7,rep,""
22/07/2024,🏋️‍♂️,"Romanian Deadlift · Barbell",,,,,,""
22/07/2024,🔹,"Romanian Deadlift · Barbell",1,60,kg,10,rep,""
22/07/2024,🔹,"Romanian Deadlift · Barbell",2,60,kg,10,rep,""
22/07/2024,🔹,"Romanian Deadlift · Barbell",3,60,kg,10,rep,""
22/07/2024,🏋️‍♂️,"Hip Abduction · Machine",,,,,,""
22/07/2024,🔹,"Hip Abduction · Machine",1,90,lb,12,rep,""
22/07/2024,🔹,"Hip Abduction · Machine",2,90,lb,10,rep,""
22/07/2024,🔹,"Hip Abduction · Machine",3,90,lb,12,rep,""
22/07/2024,🏋️‍♂️🔗,"Hip Adduction · Machine",,,,,,""
22/07/2024,🔹,"Hip Adduction · Machine",1,90,lb,12,rep,""
22/07/2024,🔹,"Hip Adduction · Machine",2,90,lb,12,rep,""
22/07/2024,🔹,"Hip Adduction · Machine",3,90,lb,12,rep,""
22/07/2024,🏋️‍♂️,"Calf Press · Machine",,,,,,""
22/07/2024,🔹,"Calf Press · Machine",1,150,kg,25,rep,""
22/07/2024,🔹,"Calf Press · Machine",2,150,kg,25,rep,""
22/07/2024,🔹,"Calf Press · Machine",3,150,kg,20,rep,""
22/07/2024,🏋️‍♂️,"Single Arm Bent Over Row · Dumbbell",,,,,,""
22/07/2024,🔹,"Single Arm Bent Over Row · Dumbbell",1,12.5,kg,12,rep,""
22/07/2024,🔹,"Single Arm Bent Over Row · Dumbbell",2,12.5,kg,15,rep,""
22/07/2024,🔹,"Single Arm Bent Over Row · Dumbbell",3,12.5,kg,15,rep,""
22/07/2024,🏋️‍♂️,"Dual Cable Lat Pulldown ",,,,,,""
22/07/2024,🔹,"Dual Cable Lat Pulldown ",1,34,kg,10,rep,""
22/07/2024,🔹,"Dual Cable Lat Pulldown ",2,34,kg,12,rep,""
22/07/2024,🔹,"Dual Cable Lat Pulldown ",3,34,kg,12,rep,""
22/07/2024,🏋️‍♂️,"Supinating Curl · Dumbbell",,,,,,""
22/07/2024,🔹,"Supinating Curl · Dumbbell",1,7,kg,10,rep,""
22/07/2024,🔹,"Supinating Curl · Dumbbell",2,7,kg,10,rep,""
22/07/2024,🏋️‍♂️,"Concentration Curl · Dumbbell",,,,,,""
22/07/2024,🔹,"Concentration Curl · Dumbbell",1,7,kg,11,rep,""
22/07/2024,🔹,"Concentration Curl · Dumbbell",2,7,kg,11,rep,""
23/07/2024,📅,,,,,,,"86 min"
23/07/2024,🏋️‍♂️,"Bench Press · Barbell",,,,,,""
23/07/2024,🔹,"Bench Press · Barbell",1,40,kg,10,rep,""
23/07/2024,🔹,"Bench Press · Barbell",2,40,kg,10,rep,""
23/07/2024,🔹,"Bench Press · Barbell",3,40,kg,10,rep,""
23/07/2024,🔹,"Bench Press · Barbell",4,40,kg,10,rep,""
23/07/2024,🏋️‍♂️,"Incline Bench Press · Barbell",,,,,,""
23/07/2024,🔹,"Incline Bench Press · Barbell",1,30,kg,12,rep,""
23/07/2024,🔹,"Incline Bench Press · Barbell",2,30,kg,10,rep,""
23/07/2024,🔹,"Incline Bench Press · Barbell",3,30,kg,10,rep,""
23/07/2024,🏋️‍♂️,"Pec Deck · Machine",,,,,,""
23/07/2024,🔹,"Pec Deck · Machine",1,80,lb,12,rep,""
23/07/2024,🔹,"Pec Deck · Machine",2,80,lb,12,rep,""
23/07/2024,🔹,"Pec Deck · Machine",3,80,lb,12,rep,""
23/07/2024,🏋️‍♂️,"Rear Delt",,,,,,""
23/07/2024,🔹,"Rear Delt",1,55,lb,12,rep,""
23/07/2024,🔹,"Rear Delt",2,55,lb,12,rep,""
23/07/2024,🏋️‍♂️,"Seated Overhead Press · Dumbbell",,,,,,""
23/07/2024,🔹,"Seated Overhead Press · Dumbbell",1,20,kg,12,rep,""
23/07/2024,🔹,"Seated Overhead Press · Dumbbell",2,20,kg,12,rep,""
23/07/2024,🔹,"Seated Overhead Press · Dumbbell",3,20,kg,11,rep,""
23/07/2024,🏋️‍♂️,"Cable Raise",,,,,,""
23/07/2024,🔹,"Cable Raise",1,7,lb,12,rep,""
23/07/2024,🔹,"Cable Raise",2,7,lb,12,rep,""
23/07/2024,🏋️‍♂️,"Tricep Extension · Cable",,,,,,""
23/07/2024,🔹,"Tricep Extension · Cable",1,40,lb,10,rep,""
23/07/2024,🔹,"Tricep Extension · Cable",2,40,lb,12,rep,""
23/07/2024,🏋️‍♂️,"Cable Kickback",,,,,,""
23/07/2024,🔹,"Cable Kickback",1,10,lb,12,rep,""
23/07/2024,🔹,"Cable Kickback",2,10,lb,12,rep,""
23/07/2024,🏋️‍♂️,"Single Arm Overhead Triceps Extension · Dumbbell",,,,,,""
23/07/2024,🔹,"Single Arm Overhead Triceps Extension · Dumbbell",1,5,kg,9,rep,""
23/07/2024,🔹,"Single Arm Overhead Triceps Extension · Dumbbell",2,5,kg,9,rep,""
23/07/2024,🏋️‍♂️,"Hempen jig (double)",,,,,,""
23/07/2024,🔹,"Hempen jig (double)",1,60,sec,0,km,""
23/07/2024,🏋️‍♂️,"Tricep Dip",,,,,,""
23/07/2024,🔹,"Tricep Dip",1,0,kg,5,rep,""
23/07/2024,🔹,"Tricep Dip",2,0,kg,5,rep,""
23/07/2024,🔹,"Tricep Dip",3,0,kg,4,rep,""
25/07/2024,📅,,,,,,,"68 min"
25/07/2024,🏋️‍♂️,"Deadlift · Barbell",,,,,,""
25/07/2024,🔹,"Deadlift · Barbell",1,80,kg,8,rep,""
25/07/2024,🔹,"Deadlift · Barbell",2,80,kg,8,rep,""
25/07/2024,🔹,"Deadlift · Barbell",3,80,kg,8,rep,""
25/07/2024,🏋️‍♂️,"VAF Ruckeninsulator",,,,,,""
25/07/2024,🔹,"VAF Ruckeninsulator",1,9,kg,13,rep,""
25/07/2024,🔹,"VAF Ruckeninsulator",2,9,kg,10,rep,""
25/07/2024,🏋️‍♂️,"Seated Row · Cable",,,,,,""
25/07/2024,🔹,"Seated Row · Cable",1,34,kg,13,rep,""
25/07/2024,🔹,"Seated Row · Cable",2,34,kg,13,rep,""
25/07/2024,🏋️‍♂️,"Lat Pull Down · Cable",,,,,,""
25/07/2024,🔹,"Lat Pull Down · Cable",1,41,kg,10,rep,""
25/07/2024,🔹,"Lat Pull Down · Cable",2,41,kg,10,rep,""
25/07/2024,🏋️‍♂️,"Natural Grip Lat Machine",,,,,,""
25/07/2024,🔹,"Natural Grip Lat Machine",1,105,lb,9,rep,""
25/07/2024,🔹,"Natural Grip Lat Machine",2,105,lb,9,rep,""
25/07/2024,🏋️‍♂️,"Preacher Curl · Barbell",,,,,,""
25/07/2024,🔹,"Preacher Curl · Barbell",1,19,kg,12,rep,""
25/07/2024,🔹,"Preacher Curl · Barbell",2,19,kg,10,rep,""
25/07/2024,🔹,"Preacher Curl · Barbell",3,19,kg,8,rep,""
25/07/2024,🏋️‍♂️,"Hammer Curl · Dumbbell",,,,,,""
25/07/2024,🔹,"Hammer Curl · Dumbbell",1,8,kg,8,rep,""
25/07/2024,🔹,"Hammer Curl · Dumbbell",2,8,kg,8,rep,""
25/07/2024,🏋️‍♂️,"Cybex Hack Squat",,,,,,""
25/07/2024,🔹,"Cybex Hack Squat",1,8,kg,15,rep,""
25/07/2024,🔹,"Cybex Hack Squat",2,8,kg,15,rep,""
25/07/2024,🏋️‍♂️,"Leg Extension · Machine",,,,,,""
25/07/2024,🔹,"Leg Extension · Machine",1,80,lb,12,rep,""
25/07/2024,🔹,"Leg Extension · Machine",2,80,lb,12,rep,""
25/07/2024,🏋️‍♂️🔗,"Leg Curl · Machine",,,,,,""
25/07/2024,🔹,"Leg Curl · Machine",1,80,lb,15,rep,""
25/07/2024,🔹,"Leg Curl · Machine",2,80,lb,15,rep,""
25/07/2024,🏋️‍♂️,"Hip Adduction · Machine",,,,,,""
25/07/2024,🔹,"Hip Adduction · Machine",1,90,lb,15,rep,""
25/07/2024,🔹,"Hip Adduction · Machine",2,90,lb,15,rep,""
25/07/2024,🏋️‍♂️🔗,"Hip Abduction · Machine",,,,,,""
25/07/2024,🔹,"Hip Abduction · Machine",1,90,lb,15,rep,""
25/07/2024,🔹,"Hip Abduction · Machine",2,90,lb,15,rep,""
25/07/2024,🏋️‍♂️,"Calf Press · Machine",,,,,,""
25/07/2024,🔹,"Calf Press · Machine",1,150,kg,25,rep,""
25/07/2024,🔹,"Calf Press · Machine",2,150,kg,20,rep,""
26/07/2024,📅,,,,,,,"74 min"
26/07/2024,🏋️‍♂️,"Tricep Extension · Cable",,,,,,""
26/07/2024,🔹,"Tricep Extension · Cable",1,40,lb,10,rep,""
26/07/2024,🔹,"Tricep Extension · Cable",2,40,lb,10,rep,""
26/07/2024,🔹,"Tricep Extension · Cable",3,40,lb,10,rep,""
26/07/2024,🔹,"Tricep Extension · Cable",4,40,lb,9,rep,""
26/07/2024,🏋️‍♂️,"Standing Cable Triceps extension",,,,,,""
26/07/2024,🔹,"Standing Cable Triceps extension",1,20,lb,12,rep,""
26/07/2024,🔹,"Standing Cable Triceps extension",2,25,lb,12,rep,""
26/07/2024,🔹,"Standing Cable Triceps extension",3,20,lb,12,rep,""
26/07/2024,🏋️‍♂️,"Skull crusher",,,,,,""
26/07/2024,🔹,"Skull crusher",1,14,kg,12,rep,""
26/07/2024,🔹,"Skull crusher",2,14,kg,12,rep,""
26/07/2024,🏋️‍♂️,"Overhead Press · Barbell",,,,,,""
26/07/2024,🔹,"Overhead Press · Barbell",1,30,kg,4,rep,""
26/07/2024,🔹,"Overhead Press · Barbell",2,30,kg,5,rep,""
26/07/2024,🏋️‍♂️,"Lateral Raise · Dumbbell",,,,,,""
26/07/2024,🔹,"Lateral Raise · Dumbbell",1,6,kg,14,rep,""
26/07/2024,🔹,"Lateral Raise · Dumbbell",2,6,kg,14,rep,""
26/07/2024,🔹,"Lateral Raise · Dumbbell",3,6,kg,12,rep,""
26/07/2024,🏋️‍♂️,"Rear Delt",,,,,,""
26/07/2024,🔹,"Rear Delt",1,55,lb,12,rep,""
26/07/2024,🔹,"Rear Delt",2,55,lb,10,rep,""
26/07/2024,🔹,"Rear Delt",3,55,lb,10,rep,""
26/07/2024,🏋️‍♂️,"Bench Press · Dumbbell",,,,,,""
26/07/2024,🔹,"Bench Press · Dumbbell",1,30,kg,12,rep,""
26/07/2024,🔹,"Bench Press · Dumbbell",2,30,kg,12,rep,""
26/07/2024,🏋️‍♂️,"Incline Bench Machine ",,,,,,""
26/07/2024,🔹,"Incline Bench Machine ",1,70,lb,15,rep,""
26/07/2024,🔹,"Incline Bench Machine ",2,70,lb,11,rep,""
26/07/2024,🏋️‍♂️,"Pec Deck · Machine",,,,,,""
26/07/2024,🔹,"Pec Deck · Machine",1,80,lb,10,rep,""
26/07/2024,🔹,"Pec Deck · Machine",2,80,lb,12,rep,""
26/07/2024,🏋️‍♂️,"Tricep Dip",,,,,,""
26/07/2024,🔹,"Tricep Dip",1,0,kg,8,rep,""
26/07/2024,🔹,"Tricep Dip",2,0,kg,6,rep,""
26/07/2024,🔹,"Tricep Dip",3,0,kg,6,rep,""
29/07/2024,📅,,,,,,,"73 min"
29/07/2024,🏋️‍♂️,"Squat · Barbell",,,,,,"improved form: deeper and stalled when low"
29/07/2024,🔹,"Squat · Barbell",1,70,kg,7,rep,""
29/07/2024,🔹,"Squat · Barbell",2,70,kg,5,rep,""
29/07/2024,🔹,"Squat · Barbell",3,70,kg,6,rep,""
29/07/2024,🔹,"Squat · Barbell",4,70,kg,5,rep,""
29/07/2024,🏋️‍♂️,"Romanian Deadlift · Barbell",,,,,,""
29/07/2024,🔹,"Romanian Deadlift · Barbell",1,60,kg,12,rep,""
29/07/2024,🔹,"Romanian Deadlift · Barbell",2,60,kg,12,rep,""
29/07/2024,🔹,"Romanian Deadlift · Barbell",3,60,kg,12,rep,""
29/07/2024,🏋️‍♂️,"Hip Abduction · Machine",,,,,,""
29/07/2024,🔹,"Hip Abduction · Machine",1,90,lb,12,rep,""
29/07/2024,🔹,"Hip Abduction · Machine",2,90,lb,12,rep,""
29/07/2024,🔹,"Hip Abduction · Machine",3,90,lb,12,rep,""
29/07/2024,🏋️‍♂️🔗,"Hip Adduction · Machine",,,,,,""
29/07/2024,🔹,"Hip Adduction · Machine",1,90,lb,12,rep,""
29/07/2024,🔹,"Hip Adduction · Machine",2,90,lb,12,rep,""
29/07/2024,🔹,"Hip Adduction · Machine",3,90,lb,15,rep,""
29/07/2024,🏋️‍♂️,"Calf Press · Machine",,,,,,""
29/07/2024,🔹,"Calf Press · Machine",1,150,kg,25,rep,""
29/07/2024,🔹,"Calf Press · Machine",2,150,kg,25,rep,""
29/07/2024,🔹,"Calf Press · Machine",3,150,kg,20,rep,""
29/07/2024,🏋️‍♂️,"Single Arm Bent Over Row · Dumbbell",,,,,,""
29/07/2024,🔹,"Single Arm Bent Over Row · Dumbbell",1,12.5,kg,15,rep,""
29/07/2024,🔹,"Single Arm Bent Over Row · Dumbbell",2,12.5,kg,15,rep,""
29/07/2024,🔹,"Single Arm Bent Over Row · Dumbbell",3,12.5,kg,15,rep,""
29/07/2024,🏋️‍♂️,"Dual Cable Lat Pulldown ",,,,,,""
29/07/2024,🔹,"Dual Cable Lat Pulldown ",1,34,kg,12,rep,""
29/07/2024,🔹,"Dual Cable Lat Pulldown ",2,34,kg,12,rep,""
29/07/2024,🔹,"Dual Cable Lat Pulldown ",3,34,kg,12,rep,""
29/07/2024,🏋️‍♂️,"Supinating Curl · Dumbbell",,,,,,""
29/07/2024,🔹,"Supinating Curl · Dumbbell",1,7,kg,12,rep,""
29/07/2024,🔹,"Supinating Curl · Dumbbell",2,7,kg,10,rep,""
29/07/2024,🏋️‍♂️,"Concentration Curl · Dumbbell",,,,,,""
29/07/2024,🔹,"Concentration Curl · Dumbbell",1,7,kg,12,rep,""
29/07/2024,🔹,"Concentration Curl · Dumbbell",2,7,kg,12,rep,""
30/07/2024,📅,,,,,,,"84 min"
30/07/2024,🏋️‍♂️,"Bench Press · Barbell",,,,,,""
30/07/2024,🔹,"Bench Press · Barbell",1,40,kg,10,rep,""
30/07/2024,🔹,"Bench Press · Barbell",2,50,kg,6,rep,""
30/07/2024,🔹,"Bench Press · Barbell",3,50,kg,6,rep,""
30/07/2024,🔹,"Bench Press · Barbell",4,50,kg,6,rep,""
30/07/2024,🔹,"Bench Press · Barbell",5,50,kg,6,rep,""
30/07/2024,🏋️‍♂️,"Incline Bench Press · Barbell",,,,,,""
30/07/2024,🔹,"Incline Bench Press · Barbell",1,30,kg,12,rep,""
30/07/2024,🔹,"Incline Bench Press · Barbell",2,30,kg,12,rep,""
30/07/2024,🔹,"Incline Bench Press · Barbell",3,30,kg,9,rep,""
30/07/2024,🏋️‍♂️,"Pec Deck · Machine",,,,,,""
30/07/2024,🔹,"Pec Deck · Machine",1,85,lb,10,rep,""
30/07/2024,🔹,"Pec Deck · Machine",2,85,lb,10,rep,""
30/07/2024,🏋️‍♂️,"Rear Delt",,,,,,""
30/07/2024,🔹,"Rear Delt",1,60,lb,9,rep,""
30/07/2024,🔹,"Rear Delt",2,60,lb,9,rep,""
30/07/2024,🏋️‍♂️,"Seated Overhead Press · Dumbbell",,,,,,""
30/07/2024,🔹,"Seated Overhead Press · Dumbbell",1,20,kg,12,rep,""
30/07/2024,🔹,"Seated Overhead Press · Dumbbell",2,20,kg,11,rep,""
30/07/2024,🔹,"Seated Overhead Press · Dumbbell",3,20,kg,11,rep,""
30/07/2024,🏋️‍♂️,"Cable Raise",,,,,,""
30/07/2024,🔹,"Cable Raise",1,7,lb,12,rep,""
30/07/2024,🔹,"Cable Raise",2,7,lb,12,rep,""
30/07/2024,🏋️‍♂️,"Tricep Extension · Cable",,,,,,""
30/07/2024,🔹,"Tricep Extension · Cable",1,40,lb,12,rep,""
30/07/2024,🔹,"Tricep Extension · Cable",2,40,lb,11,rep,""
30/07/2024,🏋️‍♂️,"Cable Kickback",,,,,,""
30/07/2024,🔹,"Cable Kickback",1,10,lb,13,rep,""
30/07/2024,🔹,"Cable Kickback",2,10,lb,12,rep,""
30/07/2024,🏋️‍♂️,"Single Arm Overhead Triceps Extension · Dumbbell",,,,,,""
30/07/2024,🔹,"Single Arm Overhead Triceps Extension · Dumbbell",1,5,kg,11,rep,""
30/07/2024,🔹,"Single Arm Overhead Triceps Extension · Dumbbell",2,5,kg,9,rep,""
30/07/2024,🏋️‍♂️,"Tricep Dip",,,,,,""
30/07/2024,🔹,"Tricep Dip",1,0,kg,6,rep,""
30/07/2024,🔹,"Tricep Dip",2,0,kg,5,rep,""
01/08/2024,📅,,,,,,,"94 min"
01/08/2024,🏋️‍♂️,"Deadlift · Barbell",,,,,,""
01/08/2024,🔹,"Deadlift · Barbell",1,80,kg,8,rep,""
01/08/2024,🔹,"Deadlift · Barbell",2,90,kg,6,rep,""
01/08/2024,🔹,"Deadlift · Barbell",3,90,kg,6,rep,""
01/08/2024,🏋️‍♂️,"VAF Ruckeninsulator",,,,,,""
01/08/2024,🔹,"VAF Ruckeninsulator",1,9,kg,12,rep,""
01/08/2024,🔹,"VAF Ruckeninsulator",2,9,kg,12,rep,""
01/08/2024,🏋️‍♂️,"Seated Row · Cable",,,,,,""
01/08/2024,🔹,"Seated Row · Cable",1,34,kg,14,rep,""
01/08/2024,🔹,"Seated Row · Cable",2,34,kg,13,rep,""
01/08/2024,🏋️‍♂️,"Lat Pull Down · Cable",,,,,,""
01/08/2024,🔹,"Lat Pull Down · Cable",1,41,kg,12,rep,""
01/08/2024,🔹,"Lat Pull Down · Cable",2,41,kg,12,rep,""
01/08/2024,🏋️‍♂️,"Natural Grip Lat Machine",,,,,,""
01/08/2024,🔹,"Natural Grip Lat Machine",1,105,lb,9,rep,""
01/08/2024,🔹,"Natural Grip Lat Machine",2,105,lb,9,rep,""
01/08/2024,🏋️‍♂️,"Preacher Curl · Barbell",,,,,,""
01/08/2024,🔹,"Preacher Curl · Barbell",1,19,kg,12,rep,""
01/08/2024,🔹,"Preacher Curl · Barbell",2,19,kg,10,rep,""
01/08/2024,🔹,"Preacher Curl · Barbell",3,19,kg,9,rep,""
01/08/2024,🏋️‍♂️,"Hammer Curl · Dumbbell",,,,,,""
01/08/2024,🔹,"Hammer Curl · Dumbbell",1,8,kg,8,rep,""
01/08/2024,🔹,"Hammer Curl · Dumbbell",2,8,kg,8,rep,""
01/08/2024,🏋️‍♂️,"Cybex Hack Squat",,,,,,""
01/08/2024,🔹,"Cybex Hack Squat",1,9,kg,12,rep,""
01/08/2024,🔹,"Cybex Hack Squat",2,8,kg,15,rep,""
01/08/2024,🏋️‍♂️,"Leg Extension · Machine",,,,,,""
01/08/2024,🔹,"Leg Extension · Machine",1,100,lb,12,rep,""
01/08/2024,🔹,"Leg Extension · Machine",2,100,lb,12,rep,""
01/08/2024,🏋️‍♂️🔗,"Leg Curl · Machine",,,,,,""
01/08/2024,🔹,"Leg Curl · Machine",1,100,lb,10,rep,""
01/08/2024,🔹,"Leg Curl · Machine",2,100,lb,10,rep,""
01/08/2024,🏋️‍♂️,"Hip Adduction · Machine",,,,,,""
01/08/2024,🔹,"Hip Adduction · Machine",1,90,lb,15,rep,""
01/08/2024,🔹,"Hip Adduction · Machine",2,90,lb,15,rep,""
01/08/2024,🏋️‍♂️🔗,"Hip Abduction · Machine",,,,,,""
01/08/2024,🔹,"Hip Abduction · Machine",1,90,lb,15,rep,""
01/08/2024,🔹,"Hip Abduction · Machine",2,90,lb,15,rep,""
01/08/2024,🏋️‍♂️,"Calf Press · Machine",,,,,,""
01/08/2024,🔹,"Calf Press · Machine",1,150,kg,25,rep,""
01/08/2024,🔹,"Calf Press · Machine",2,170,kg,20,rep,""
02/08/2024,📅,,,,,,,"85 min"
02/08/2024,🏋️‍♂️,"Seated Overhead Press · Dumbbell",,,,,,""
02/08/2024,🔹,"Seated Overhead Press · Dumbbell",1,20,kg,12,rep,""
02/08/2024,🔹,"Seated Overhead Press · Dumbbell",2,20,kg,15,rep,""
02/08/2024,🔹,"Seated Overhead Press · Dumbbell",3,20,kg,12,rep,""
02/08/2024,🏋️‍♂️,"Lateral Raise · Dumbbell",,,,,,""
02/08/2024,🔹,"Lateral Raise · Dumbbell",1,6,kg,15,rep,""
02/08/2024,🔹,"Lateral Raise · Dumbbell",2,6,kg,15,rep,""
02/08/2024,🔹,"Lateral Raise · Dumbbell",3,6,kg,15,rep,""
02/08/2024,🏋️‍♂️,"Rear Delt",,,,,,""
02/08/2024,🔹,"Rear Delt",1,60,lb,9,rep,""
02/08/2024,🔹,"Rear Delt",2,60,lb,9,rep,""
02/08/2024,🔹,"Rear Delt",3,55,lb,9,rep,""
02/08/2024,🏋️‍♂️,"Tricep Extension · Cable",,,,,,""
02/08/2024,🔹,"Tricep Extension · Cable",1,40,lb,12,rep,""
02/08/2024,🔹,"Tricep Extension · Cable",2,40,lb,12,rep,""
02/08/2024,🔹,"Tricep Extension · Cable",3,40,lb,12,rep,""
02/08/2024,🔹,"Tricep Extension · Cable",4,40,lb,12,rep,""
02/08/2024,🏋️‍♂️,"Standing Cable Triceps extension",,,,,,""
02/08/2024,🔹,"Standing Cable Triceps extension",1,20,lb,15,rep,""
02/08/2024,🔹,"Standing Cable Triceps extension",2,20,lb,15,rep,""
02/08/2024,🔹,"Standing Cable Triceps extension",3,20,lb,12,rep,""
02/08/2024,🏋️‍♂️,"Skull crusher",,,,,,""
02/08/2024,🔹,"Skull crusher",1,14,kg,12,rep,""
02/08/2024,🔹,"Skull crusher",2,14,kg,12,rep,""
02/08/2024,🏋️‍♂️,"Bench Press · Dumbbell",,,,,,""
02/08/2024,🔹,"Bench Press · Dumbbell",1,35,kg,6,rep,"Hard"
02/08/2024,🔹,"Bench Press · Dumbbell",2,30,kg,10,rep,""
02/08/2024,🏋️‍♂️,"Incline Bench Machine ",,,,,,""
02/08/2024,🔹,"Incline Bench Machine ",1,70,lb,15,rep,""
02/08/2024,🔹,"Incline Bench Machine ",2,70,lb,15,rep,""
02/08/2024,🏋️‍♂️,"Pec Deck · Machine",,,,,,""
02/08/2024,🔹,"Pec Deck · Machine",1,85,lb,10,rep,""
02/08/2024,🔹,"Pec Deck · Machine",2,85,lb,12,rep,""
02/08/2024,🏋️‍♂️,"Tricep Dip",,,,,,""
02/08/2024,🔹,"Tricep Dip",1,0,kg,6,rep,""
02/08/2024,🔹,"Tricep Dip",2,0,kg,6,rep,""
23/08/2024,📅,,,,,,,"77 min"
23/08/2024,🏋️‍♂️,"Squat · Barbell",,,,,,""
23/08/2024,🔹,"Squat · Barbell",1,60,kg,8,rep,""
23/08/2024,🔹,"Squat · Barbell",2,60,kg,8,rep,""
23/08/2024,🔹,"Squat · Barbell",3,60,kg,8,rep,""
23/08/2024,🏋️‍♂️,"Deadlift · Barbell",,,,,,""
23/08/2024,🔹,"Deadlift · Barbell",1,80,kg,5,rep,""
23/08/2024,🔹,"Deadlift · Barbell",2,80,kg,6,rep,""
23/08/2024,🔹,"Deadlift · Barbell",3,80,kg,6,rep,""
23/08/2024,🏋️‍♂️,"Leg Extension · Machine",,,,,,""
23/08/2024,🔹,"Leg Extension · Machine",1,90,lb,12,rep,""
23/08/2024,🔹,"Leg Extension · Machine",2,90,lb,12,rep,""
23/08/2024,🏋️‍♂️🔗,"Leg Curl · Machine",,,,,,""
23/08/2024,🔹,"Leg Curl · Machine",1,90,lb,12,rep,""
23/08/2024,🔹,"Leg Curl · Machine",2,90,lb,12,rep,""
23/08/2024,🏋️‍♂️,"Natural Grip Lat Machine",,,,,,""
23/08/2024,🔹,"Natural Grip Lat Machine",1,105,lb,9,rep,""
23/08/2024,🔹,"Natural Grip Lat Machine",2,105,lb,9,rep,""
23/08/2024,🏋️‍♂️,"Lat Pull Down · Cable",,,,,,""
23/08/2024,🔹,"Lat Pull Down · Cable",1,41,kg,10,rep,""
23/08/2024,🔹,"Lat Pull Down · Cable",2,41,kg,9,rep,""
23/08/2024,🏋️‍♂️,"Hip Adduction · Machine",,,,,,""
23/08/2024,🔹,"Hip Adduction · Machine",1,90,lb,10,rep,""
23/08/2024,🔹,"Hip Adduction · Machine",2,90,lb,12,rep,""
23/08/2024,🏋️‍♂️🔗,"Hip Abduction · Machine",,,,,,""
23/08/2024,🔹,"Hip Abduction · Machine",1,90,lb,10,rep,""
23/08/2024,🔹,"Hip Abduction · Machine",2,90,lb,12,rep,""
23/08/2024,🏋️‍♂️,"VAF Ruckeninsulator",,,,,,""
23/08/2024,🔹,"VAF Ruckeninsulator",1,9,kg,12,rep,""
23/08/2024,🔹,"VAF Ruckeninsulator",2,9,kg,12,rep,""
23/08/2024,🏋️‍♂️,"Seated Row · Cable",,,,,,""
23/08/2024,🔹,"Seated Row · Cable",1,27,kg,12,rep,""
23/08/2024,🔹,"Seated Row · Cable",2,27,kg,12,rep,""
23/08/2024,🏋️‍♂️,"Calf Press · Machine",,,,,,""
23/08/2024,🔹,"Calf Press · Machine",1,150,kg,25,rep,""
23/08/2024,🔹,"Calf Press · Machine",2,150,kg,25,rep,""
23/08/2024,🏋️‍♂️,"Preacher Curl · Barbell",,,,,,""
23/08/2024,🔹,"Preacher Curl · Barbell",1,19,kg,10,rep,""
23/08/2024,🔹,"Preacher Curl · Barbell",2,19,kg,10,rep,""
23/08/2024,🏋️‍♂️,"Hammer Curl · Dumbbell",,,,,,""
23/08/2024,🔹,"Hammer Curl · Dumbbell",1,7,kg,8,rep,""
23/08/2024,🔹,"Hammer Curl · Dumbbell",2,8,kg,8,rep,""
23/08/2024,🏋️‍♂️,"Concentration Curl · Dumbbell",,,,,,""
23/08/2024,🔹,"Concentration Curl · Dumbbell",1,7,kg,12,rep,""
23/08/2024,🔹,"Concentration Curl · Dumbbell",2,7,kg,12,rep,""
24/08/2024,📅,,,,,,,"62 min"
24/08/2024,🏋️‍♂️,"Bench Press · Barbell",,,,,,""
24/08/2024,🔹,"Bench Press · Barbell",1,40,kg,9,rep,""
24/08/2024,🔹,"Bench Press · Barbell",2,40,kg,10,rep,""
24/08/2024,🔹,"Bench Press · Barbell",3,40,kg,10,rep,""
24/08/2024,🏋️‍♂️,"Incline Bench Press · Barbell",,,,,,""
24/08/2024,🔹,"Incline Bench Press · Barbell",1,30,kg,9,rep,""
24/08/2024,🔹,"Incline Bench Press · Barbell",2,30,kg,9,rep,""
24/08/2024,🏋️‍♂️,"Pec Deck · Machine",,,,,,""
24/08/2024,🔹,"Pec Deck · Machine",1,80,lb,12,rep,""
24/08/2024,🔹,"Pec Deck · Machine",2,80,lb,10,rep,""
24/08/2024,🏋️‍♂️,"Rear Delt",,,,,,""
24/08/2024,🔹,"Rear Delt",1,50,lb,9,rep,""
24/08/2024,🔹,"Rear Delt",2,50,lb,10,rep,""
24/08/2024,🏋️‍♂️,"Seated Overhead Press · Dumbbell",,,,,,""
24/08/2024,🔹,"Seated Overhead Press · Dumbbell",1,20,kg,10,rep,""
24/08/2024,🔹,"Seated Overhead Press · Dumbbell",2,20,kg,10,rep,""
24/08/2024,🔹,"Seated Overhead Press · Dumbbell",3,20,kg,11,rep,""
24/08/2024,🏋️‍♂️,"Cable Raise",,,,,,""
24/08/2024,🔹,"Cable Raise",1,5,lb,12,rep,""
24/08/2024,🔹,"Cable Raise",2,5,lb,12,rep,""
24/08/2024,🏋️‍♂️,"Tricep Extension · Cable",,,,,,""
24/08/2024,🔹,"Tricep Extension · Cable",1,32.5,lb,15,rep,""
24/08/2024,🔹,"Tricep Extension · Cable",2,32.5,lb,12,rep,""
24/08/2024,🏋️‍♂️,"Cable Kickback",,,,,,""
24/08/2024,🔹,"Cable Kickback",1,10,lb,10,rep,""
24/08/2024,🔹,"Cable Kickback",2,10,lb,12,rep,""
24/08/2024,🏋️‍♂️,"Single Arm Overhead Triceps Extension · Dumbbell",,,,,,""
24/08/2024,🔹,"Single Arm Overhead Triceps Extension · Dumbbell",1,5,kg,9,rep,""
24/08/2024,🔹,"Single Arm Overhead Triceps Extension · Dumbbell",2,5,kg,9,rep,""
31/08/2024,📅,,,,,,,"86 min"
31/08/2024,🏋️‍♂️,"Squat · Barbell",,,,,,""
31/08/2024,🔹,"Squat · Barbell",1,60,kg,9,rep,""
31/08/2024,🔹,"Squat · Barbell",2,60,kg,9,rep,""
31/08/2024,🔹,"Squat · Barbell",3,60,kg,8,rep,""
31/08/2024,🏋️‍♂️,"Deadlift · Barbell",,,,,,""
31/08/2024,🔹,"Deadlift · Barbell",1,80,kg,6,rep,""
31/08/2024,🔹,"Deadlift · Barbell",2,80,kg,6,rep,""
31/08/2024,🔹,"Deadlift · Barbell",3,80,kg,6,rep,""
31/08/2024,🏋️‍♂️,"Leg Extension · Machine",,,,,,""
31/08/2024,🔹,"Leg Extension · Machine",1,95,lb,13,rep,""
31/08/2024,🔹,"Leg Extension · Machine",2,95,lb,12,rep,""
31/08/2024,🏋️‍♂️🔗,"Leg Curl · Machine",,,,,,""
31/08/2024,🔹,"Leg Curl · Machine",1,95,lb,12,rep,""
31/08/2024,🔹,"Leg Curl · Machine",2,95,lb,9,rep,""
31/08/2024,🏋️‍♂️,"Natural Grip Lat Machine",,,,,,""
31/08/2024,🔹,"Natural Grip Lat Machine",1,105,lb,12,rep,""
31/08/2024,🔹,"Natural Grip Lat Machine",2,105,lb,8,rep,""
31/08/2024,🏋️‍♂️,"Lat Pull Down · Cable",,,,,,""
31/08/2024,🔹,"Lat Pull Down · Cable",1,41,kg,10,rep,""
31/08/2024,🔹,"Lat Pull Down · Cable",2,41,kg,10,rep,""
31/08/2024,🏋️‍♂️,"Hip Adduction · Machine",,,,,,""
31/08/2024,🔹,"Hip Adduction · Machine",1,95,lb,12,rep,""
31/08/2024,🔹,"Hip Adduction · Machine",2,90,lb,12,rep,""
31/08/2024,🏋️‍♂️🔗,"Hip Abduction · Machine",,,,,,""
31/08/2024,🔹,"Hip Abduction · Machine",1,95,lb,12,rep,""
31/08/2024,🔹,"Hip Abduction · Machine",2,90,lb,12,rep,""
31/08/2024,🏋️‍♂️,"VAF Ruckeninsulator",,,,,,""
31/08/2024,🔹,"VAF Ruckeninsulator",1,9,kg,12,rep,""
31/08/2024,🔹,"VAF Ruckeninsulator",2,9,kg,12,rep,""
31/08/2024,🏋️‍♂️,"Seated Row · Cable",,,,,,""
31/08/2024,🔹,"Seated Row · Cable",1,27,kg,12,rep,""
31/08/2024,🔹,"Seated Row · Cable",2,27,kg,12,rep,""
31/08/2024,🏋️‍♂️,"Calf Press · Machine",,,,,,""
31/08/2024,🔹,"Calf Press · Machine",1,150,kg,25,rep,""
31/08/2024,🔹,"Calf Press · Machine",2,150,kg,25,rep,""
31/08/2024,🏋️‍♂️,"Preacher Curl · Barbell",,,,,,""
31/08/2024,🔹,"Preacher Curl · Barbell",1,19,kg,10,rep,""
31/08/2024,🔹,"Preacher Curl · Barbell",2,19,kg,10,rep,""
31/08/2024,🏋️‍♂️,"Hammer Curl · Dumbbell",,,,,,""
31/08/2024,🔹,"Hammer Curl · Dumbbell",1,7,kg,10,rep,""
31/08/2024,🔹,"Hammer Curl · Dumbbell",2,7,kg,10,rep,""
31/08/2024,🏋️‍♂️,"Concentration Curl · Dumbbell",,,,,,""
31/08/2024,🔹,"Concentration Curl · Dumbbell",1,7,kg,12,rep,""
31/08/2024,🔹,"Concentration Curl · Dumbbell",2,7,kg,12,rep,""
01/09/2024,📅,,,,,,,"70 min"
01/09/2024,🏋️‍♂️,"Bench Press · Barbell",,,,,,""
01/09/2024,🔹,"Bench Press · Barbell",1,40,kg,10,rep,""
01/09/2024,🔹,"Bench Press · Barbell",2,40,kg,10,rep,""
01/09/2024,🔹,"Bench Press · Barbell",3,40,kg,10,rep,""
01/09/2024,🏋️‍♂️,"Incline Bench Press · Barbell",,,,,,""
01/09/2024,🔹,"Incline Bench Press · Barbell",1,30,kg,12,rep,""
01/09/2024,🔹,"Incline Bench Press · Barbell",2,30,kg,9,rep,""
01/09/2024,🏋️‍♂️,"Pec Deck · Machine",,,,,,""
01/09/2024,🔹,"Pec Deck · Machine",1,80,lb,12,rep,""
01/09/2024,🔹,"Pec Deck · Machine",2,80,lb,12,rep,""
01/09/2024,🏋️‍♂️,"Rear Delt",,,,,,""
01/09/2024,🔹,"Rear Delt",1,50,lb,12,rep,""
01/09/2024,🔹,"Rear Delt",2,50,lb,12,rep,""
01/09/2024,🏋️‍♂️,"Seated Overhead Press · Dumbbell",,,,,,""
01/09/2024,🔹,"Seated Overhead Press · Dumbbell",1,20,kg,12,rep,""
01/09/2024,🔹,"Seated Overhead Press · Dumbbell",2,20,kg,9,rep,""
01/09/2024,🔹,"Seated Overhead Press · Dumbbell",3,20,kg,11,rep,""
01/09/2024,🏋️‍♂️,"Cable Raise",,,,,,""
01/09/2024,🔹,"Cable Raise",1,5,lb,15,rep,""
01/09/2024,🔹,"Cable Raise",2,5,lb,12,rep,""
01/09/2024,🏋️‍♂️,"Tricep Extension · Cable",,,,,,""
01/09/2024,🔹,"Tricep Extension · Cable",1,32.5,lb,15,rep,""
01/09/2024,🔹,"Tricep Extension · Cable",2,32.5,lb,15,rep,""
01/09/2024,🏋️‍♂️,"Cable Kickback",,,,,,""
01/09/2024,🔹,"Cable Kickback",1,10,lb,10,rep,""
01/09/2024,🔹,"Cable Kickback",2,10,lb,12,rep,""
01/09/2024,🏋️‍♂️,"Single Arm Overhead Triceps Extension · Dumbbell",,,,,,""
01/09/2024,🔹,"Single Arm Overhead Triceps Extension · Dumbbell",1,5,kg,10,rep,""
01/09/2024,🔹,"Single Arm Overhead Triceps Extension · Dumbbell",2,5,kg,9,rep,""
02/09/2024,📅,,,,,,,"97 min"
02/09/2024,🏋️‍♂️,"Squat · Barbell",,,,,,""
02/09/2024,🔹,"Squat · Barbell",1,60,kg,9,rep,""
02/09/2024,🔹,"Squat · Barbell",2,70,kg,6,rep,""
02/09/2024,🔹,"Squat · Barbell",3,70,kg,6,rep,""
02/09/2024,🔹,"Squat · Barbell",4,70,kg,6,rep,""
02/09/2024,🏋️‍♂️,"Romanian Deadlift · Barbell",,,,,,""
02/09/2024,🔹,"Romanian Deadlift · Barbell",1,60,kg,12,rep,""
02/09/2024,🔹,"Romanian Deadlift · Barbell",2,60,kg,12,rep,""
02/09/2024,🔹,"Romanian Deadlift · Barbell",3,60,kg,12,rep,""
02/09/2024,🏋️‍♂️,"Hip Abduction · Machine",,,,,,""
02/09/2024,🔹,"Hip Abduction · Machine",1,95,lb,12,rep,""
02/09/2024,🔹,"Hip Abduction · Machine",2,95,lb,12,rep,""
02/09/2024,🔹,"Hip Abduction · Machine",3,95,lb,12,rep,""
02/09/2024,🏋️‍♂️🔗,"Hip Adduction · Machine",,,,,,""
02/09/2024,🔹,"Hip Adduction · Machine",1,95,lb,12,rep,""
02/09/2024,🔹,"Hip Adduction · Machine",2,95,lb,12,rep,""
02/09/2024,🔹,"Hip Adduction · Machine",3,95,lb,12,rep,""
02/09/2024,🏋️‍♂️,"Calf Press · Machine",,,,,,""
02/09/2024,🔹,"Calf Press · Machine",1,150,kg,25,rep,""
02/09/2024,🔹,"Calf Press · Machine",2,150,kg,25,rep,""
02/09/2024,🔹,"Calf Press · Machine",3,150,kg,25,rep,""
02/09/2024,🏋️‍♂️,"Single Arm Bent Over Row · Dumbbell",,,,,,""
02/09/2024,🔹,"Single Arm Bent Over Row · Dumbbell",1,15,kg,10,rep,""
02/09/2024,🔹,"Single Arm Bent Over Row · Dumbbell",2,15,kg,12,rep,""
02/09/2024,🔹,"Single Arm Bent Over Row · Dumbbell",3,15,kg,13,rep,""
02/09/2024,🏋️‍♂️,"Dual Cable Lat Pulldown ",,,,,,""
02/09/2024,🔹,"Dual Cable Lat Pulldown ",1,34,kg,10,rep,""
02/09/2024,🔹,"Dual Cable Lat Pulldown ",2,34,kg,12,rep,""
02/09/2024,🔹,"Dual Cable Lat Pulldown ",3,34,kg,6,rep,""
02/09/2024,🏋️‍♂️,"Supinating Curl · Dumbbell",,,,,,""
02/09/2024,🔹,"Supinating Curl · Dumbbell",1,7,kg,12,rep,""
02/09/2024,🔹,"Supinating Curl · Dumbbell",2,7,kg,12,rep,""
02/09/2024,🏋️‍♂️,"Concentration Curl · Dumbbell",,,,,,""
02/09/2024,🔹,"Concentration Curl · Dumbbell",1,7,kg,9,rep,""
02/09/2024,🔹,"Concentration Curl · Dumbbell",2,7,kg,10,rep,""
03/09/2024,📅,,,,,,,"89 min"
03/09/2024,🏋️‍♂️,"Bench Press · Barbell",,,,,,""
03/09/2024,🔹,"Bench Press · Barbell",1,50,kg,5,rep,""
03/09/2024,🔹,"Bench Press · Barbell",2,50,kg,5,rep,""
03/09/2024,🔹,"Bench Press · Barbell",3,50,kg,5,rep,""
03/09/2024,🔹,"Bench Press · Barbell",4,50,kg,5,rep,""
03/09/2024,🔹,"Bench Press · Barbell",5,50,kg,5,rep,""
03/09/2024,🏋️‍♂️,"Incline Bench Press · Barbell",,,,,,""
03/09/2024,🔹,"Incline Bench Press · Barbell",1,30,kg,12,rep,""
03/09/2024,🔹,"Incline Bench Press · Barbell",2,30,kg,12,rep,""
03/09/2024,🔹,"Incline Bench Press · Barbell",3,30,kg,11,rep,""
03/09/2024,🏋️‍♂️,"Pec Deck · Machine",,,,,,""
03/09/2024,🔹,"Pec Deck · Machine",1,85,lb,10,rep,""
03/09/2024,🔹,"Pec Deck · Machine",2,85,lb,9,rep,""
03/09/2024,🏋️‍♂️,"Rear Delt",,,,,,""
03/09/2024,🔹,"Rear Delt",1,55,lb,12,rep,""
03/09/2024,🔹,"Rear Delt",2,55,lb,12,rep,""
03/09/2024,🏋️‍♂️,"Seated Overhead Press · Dumbbell",,,,,,""
03/09/2024,🔹,"Seated Overhead Press · Dumbbell",1,20,kg,12,rep,""
03/09/2024,🔹,"Seated Overhead Press · Dumbbell",2,20,kg,10,rep,""
03/09/2024,🔹,"Seated Overhead Press · Dumbbell",3,20,kg,9,rep,""
03/09/2024,🏋️‍♂️,"Cable Raise (Freie)",,,,,,""
03/09/2024,🔹,"Cable Raise (Freie)",1,25,kg,15,rep,""
03/09/2024,🔹,"Cable Raise (Freie)",2,25,kg,15,rep,""
03/09/2024,🏋️‍♂️,"Tricep Extension · Cable",,,,,,""
03/09/2024,🔹,"Tricep Extension · Cable",1,32.5,lb,15,rep,""
03/09/2024,🔹,"Tricep Extension · Cable",2,32.5,lb,15,rep,""
03/09/2024,🏋️‍♂️,"Cable Kickback",,,,,,""
03/09/2024,🔹,"Cable Kickback",1,10,lb,9,rep,""
03/09/2024,🔹,"Cable Kickback",2,10,lb,9,rep,""
03/09/2024,🏋️‍♂️,"Single Arm Overhead Triceps Extension · Dumbbell",,,,,,""
03/09/2024,🔹,"Single Arm Overhead Triceps Extension · Dumbbell",1,5,kg,8,rep,""
03/09/2024,🔹,"Single Arm Overhead Triceps Extension · Dumbbell",2,5,kg,9,rep,""
03/09/2024,🏋️‍♂️,"Tricep Dip",,,,,,""
03/09/2024,🔹,"Tricep Dip",1,0,kg,7,rep,""
03/09/2024,🔹,"Tricep Dip",2,0,kg,6,rep,""
05/09/2024,📅,,,,,,,"83 min"
05/09/2024,🏋️‍♂️,"Deadlift · Barbell",,,,,,""
05/09/2024,🔹,"Deadlift · Barbell",1,80,kg,8,rep,""
05/09/2024,🔹,"Deadlift · Barbell",2,90,kg,6,rep,""
05/09/2024,🔹,"Deadlift · Barbell",3,90,kg,6,rep,""
05/09/2024,🔹,"Deadlift · Barbell",4,90,kg,6,rep,""
05/09/2024,🔹,"Deadlift · Barbell",5,80,kg,6,rep,""
05/09/2024,🏋️‍♂️,"VAF Ruckeninsulator",,,,,,""
05/09/2024,🔹,"VAF Ruckeninsulator",1,9,kg,15,rep,""
05/09/2024,🔹,"VAF Ruckeninsulator",2,9,kg,12,rep,""
05/09/2024,🏋️‍♂️,"Seated Row · Cable",,,,,,""
05/09/2024,🔹,"Seated Row · Cable",1,27,kg,15,rep,""
05/09/2024,🔹,"Seated Row · Cable",2,27,kg,15,rep,""
05/09/2024,🏋️‍♂️,"Lat Pull Down · Cable",,,,,,""
05/09/2024,🔹,"Lat Pull Down · Cable",1,41,kg,12,rep,""
05/09/2024,🔹,"Lat Pull Down · Cable",2,41,kg,12,rep,""
05/09/2024,🏋️‍♂️,"Preacher Curl · Barbell",,,,,,""
05/09/2024,🔹,"Preacher Curl · Barbell",1,19,kg,12,rep,""
05/09/2024,🔹,"Preacher Curl · Barbell",2,19,kg,12,rep,""
05/09/2024,🔹,"Preacher Curl · Barbell",3,19,kg,9,rep,""
05/09/2024,🏋️‍♂️,"Hammer Curl · Dumbbell",,,,,,""
05/09/2024,🔹,"Hammer Curl · Dumbbell",1,7,kg,10,rep,""
05/09/2024,🔹,"Hammer Curl · Dumbbell",2,7,kg,10,rep,""
05/09/2024,🏋️‍♂️,"Cybex Hack Squat",,,,,,""
05/09/2024,🔹,"Cybex Hack Squat",1,9,kg,15,rep,""
05/09/2024,🔹,"Cybex Hack Squat",2,9,kg,15,rep,""
05/09/2024,🏋️‍♂️,"Leg Extension · Machine",,,,,,""
05/09/2024,🔹,"Leg Extension · Machine",1,95,lb,12,rep,""
05/09/2024,🔹,"Leg Extension · Machine",2,95,lb,12,rep,""
05/09/2024,🏋️‍♂️🔗,"Leg Curl · Machine",,,,,,""
05/09/2024,🔹,"Leg Curl · Machine",1,95,lb,12,rep,""
05/09/2024,🔹,"Leg Curl · Machine",2,95,lb,10,rep,""
05/09/2024,🏋️‍♂️,"Hip Adduction · Machine",,,,,,""
05/09/2024,🔹,"Hip Adduction · Machine",1,95,lb,15,rep,""
05/09/2024,🔹,"Hip Adduction · Machine",2,95,lb,15,rep,""
05/09/2024,🏋️‍♂️🔗,"Hip Abduction · Machine",,,,,,""
05/09/2024,🔹,"Hip Abduction · Machine",1,95,lb,15,rep,""
05/09/2024,🔹,"Hip Abduction · Machine",2,95,lb,15,rep,""
05/09/2024,🏋️‍♂️,"Calf Press · Machine",,,,,,""
05/09/2024,🔹,"Calf Press · Machine",1,150,kg,25,rep,""
05/09/2024,🔹,"Calf Press · Machine",2,150,kg,25,rep,""
07/09/2024,📅,,,,,,,"104 min"
07/09/2024,🏋️‍♂️,"Seated Overhead Press · Dumbbell",,,,,,""
07/09/2024,🔹,"Seated Overhead Press · Dumbbell",1,20,kg,15,rep,""
07/09/2024,🔹,"Seated Overhead Press · Dumbbell",2,20,kg,15,rep,""
07/09/2024,🔹,"Seated Overhead Press · Dumbbell",3,20,kg,15,rep,""
07/09/2024,🏋️‍♂️,"Lateral Raise · Dumbbell",,,,,,""
07/09/2024,🔹,"Lateral Raise · Dumbbell",1,7,kg,15,rep,""
07/09/2024,🔹,"Lateral Raise · Dumbbell",2,7,kg,12,rep,""
07/09/2024,🔹,"Lateral Raise · Dumbbell",3,7,kg,10,rep,""
07/09/2024,🏋️‍♂️,"Rear Delt",,,,,,""
07/09/2024,🔹,"Rear Delt",1,55,lb,15,rep,""
07/09/2024,🔹,"Rear Delt",2,55,lb,12,rep,""
07/09/2024,🔹,"Rear Delt",3,55,lb,10,rep,""
07/09/2024,🏋️‍♂️,"Around bar Shrugs",,,,,,""
07/09/2024,🔹,"Around bar Shrugs",1,20,kg,15,rep,""
07/09/2024,🔹,"Around bar Shrugs",2,20,kg,15,rep,""
07/09/2024,🔹,"Around bar Shrugs",3,20,kg,15,rep,""
07/09/2024,🏋️‍♂️,"Tricep Extension · Cable",,,,,,""
07/09/2024,🔹,"Tricep Extension · Cable",1,32.5,lb,15,rep,""
07/09/2024,🔹,"Tricep Extension · Cable",2,32.5,lb,15,rep,""
07/09/2024,🔹,"Tricep Extension · Cable",3,32.5,lb,15,rep,""
07/09/2024,🔹,"Tricep Extension · Cable",4,32.5,lb,15,rep,""
07/09/2024,🏋️‍♂️,"Cable Kickback",,,,,,""
07/09/2024,🔹,"Cable Kickback",1,10,lb,12,rep,""
07/09/2024,🔹,"Cable Kickback",2,10,lb,11,rep,""
07/09/2024,🔹,"Cable Kickback",3,10,lb,12,rep,""
07/09/2024,🏋️‍♂️,"Skull crusher",,,,,,""
07/09/2024,🔹,"Skull crusher",1,14,kg,14,rep,""
07/09/2024,🔹,"Skull crusher",2,14,kg,12,rep,""
07/09/2024,🏋️‍♂️,"Bench Press · Dumbbell",,,,,,""
07/09/2024,🔹,"Bench Press · Dumbbell",1,30,kg,12,rep,""
07/09/2024,🔹,"Bench Press · Dumbbell",2,30,kg,12,rep,""
07/09/2024,🏋️‍♂️,"Incline Bench Machine ",,,,,,""
07/09/2024,🔹,"Incline Bench Machine ",1,80,lb,10,rep,""
07/09/2024,🔹,"Incline Bench Machine ",2,80,lb,9,rep,""
07/09/2024,🏋️‍♂️,"Pec Deck · Machine",,,,,,""
07/09/2024,🔹,"Pec Deck · Machine",1,85,lb,12,rep,""
07/09/2024,🔹,"Pec Deck · Machine",2,85,lb,12,rep,""
07/09/2024,🏋️‍♂️,"Tricep Dip",,,,,,""
07/09/2024,🔹,"Tricep Dip",1,0,kg,7,rep,""
07/09/2024,🔹,"Tricep Dip",2,0,kg,6,rep,""
12/09/2024,📅,,,,,,,"69 min"
12/09/2024,🏋️‍♂️,"Squat · Barbell",,,,,,""
12/09/2024,🔹,"Squat · Barbell",1,60,kg,8,rep,""
12/09/2024,🔹,"Squat · Barbell",2,70,kg,6,rep,""
12/09/2024,🔹,"Squat · Barbell",3,70,kg,6,rep,""
12/09/2024,🏋️‍♂️,"Deadlift · Barbell",,,,,,""
12/09/2024,🔹,"Deadlift · Barbell",1,80,kg,6,rep,""
12/09/2024,🔹,"Deadlift · Barbell",2,80,kg,6,rep,""
12/09/2024,🏋️‍♂️,"Leg Extension · Machine",,,,,,""
12/09/2024,🔹,"Leg Extension · Machine",1,95,lb,15,rep,""
12/09/2024,🔹,"Leg Extension · Machine",2,95,lb,15,rep,""
12/09/2024,🏋️‍♂️🔗,"Leg Curl · Machine",,,,,,""
12/09/2024,🔹,"Leg Curl · Machine",1,95,lb,12,rep,""
12/09/2024,🔹,"Leg Curl · Machine",2,95,lb,8,rep,""
12/09/2024,🏋️‍♂️,"Natural Grip Lat Machine",,,,,,""
12/09/2024,🔹,"Natural Grip Lat Machine",1,105,lb,8,rep,""
12/09/2024,🔹,"Natural Grip Lat Machine",2,105,lb,6,rep,""
12/09/2024,🏋️‍♂️,"Lat Pull Down · Cable",,,,,,""
12/09/2024,🔹,"Lat Pull Down · Cable",1,41,kg,10,rep,""
12/09/2024,🔹,"Lat Pull Down · Cable",2,41,kg,10,rep,""
12/09/2024,🏋️‍♂️,"Hip Adduction · Machine",,,,,,""
12/09/2024,🔹,"Hip Adduction · Machine",1,95,lb,15,rep,""
12/09/2024,🔹,"Hip Adduction · Machine",2,95,lb,12,rep,""
12/09/2024,🏋️‍♂️🔗,"Hip Abduction · Machine",,,,,,""
12/09/2024,🔹,"Hip Abduction · Machine",1,95,lb,15,rep,""
12/09/2024,🔹,"Hip Abduction · Machine",2,95,lb,12,rep,""
12/09/2024,🏋️‍♂️,"VAF Ruckeninsulator",,,,,,""
12/09/2024,🔹,"VAF Ruckeninsulator",1,9,kg,12,rep,""
12/09/2024,🔹,"VAF Ruckeninsulator",2,9,kg,12,rep,""
12/09/2024,🏋️‍♂️,"Seated Row · Cable",,,,,,""
12/09/2024,🔹,"Seated Row · Cable",1,27,kg,15,rep,""
12/09/2024,🔹,"Seated Row · Cable",2,27,kg,12,rep,""
12/09/2024,🏋️‍♂️,"Calf Press · Machine",,,,,,""
12/09/2024,🔹,"Calf Press · Machine",1,150,kg,25,rep,""
12/09/2024,🔹,"Calf Press · Machine",2,150,kg,25,rep,""
12/09/2024,🏋️‍♂️,"Preacher Curl · Barbell",,,,,,""
12/09/2024,🔹,"Preacher Curl · Barbell",1,19,kg,13,rep,""
12/09/2024,🔹,"Preacher Curl · Barbell",2,19,kg,10,rep,""
12/09/2024,🏋️‍♂️,"Hammer Curl · Dumbbell",,,,,,""
12/09/2024,🔹,"Hammer Curl · Dumbbell",1,7,kg,8,rep,""
12/09/2024,🔹,"Hammer Curl · Dumbbell",2,7,kg,10,rep,""
17/09/2024,📅,,,,,,,"86 min"
17/09/2024,🏋️‍♂️,"Squat · Barbell",,,,,,""
17/09/2024,🔹,"Squat · Barbell",1,70,kg,7,rep,""
17/09/2024,🔹,"Squat · Barbell",2,70,kg,7,rep,""
17/09/2024,🔹,"Squat · Barbell",3,70,kg,7,rep,""
17/09/2024,🔹,"Squat · Barbell",4,70,kg,7,rep,""
17/09/2024,🏋️‍♂️,"Romanian Deadlift · Barbell",,,,,,""
17/09/2024,🔹,"Romanian Deadlift · Barbell",1,60,kg,12,rep,""
17/09/2024,🔹,"Romanian Deadlift · Barbell",2,60,kg,12,rep,""
17/09/2024,🔹,"Romanian Deadlift · Barbell",3,60,kg,12,rep,""
17/09/2024,🏋️‍♂️,"Hip Abduction · Machine",,,,,,""
17/09/2024,🔹,"Hip Abduction · Machine",1,100,lb,13,rep,""
17/09/2024,🔹,"Hip Abduction · Machine",2,100,lb,12,rep,""
17/09/2024,🔹,"Hip Abduction · Machine",3,100,lb,12,rep,""
17/09/2024,🏋️‍♂️🔗,"Hip Adduction · Machine",,,,,,""
17/09/2024,🔹,"Hip Adduction · Machine",1,100,lb,14,rep,""
17/09/2024,🔹,"Hip Adduction · Machine",2,100,lb,14,rep,""
17/09/2024,🔹,"Hip Adduction · Machine",3,100,lb,12,rep,""
17/09/2024,🏋️‍♂️,"Calf Press · Machine",,,,,,""
17/09/2024,🔹,"Calf Press · Machine",1,170,kg,20,rep,""
17/09/2024,🔹,"Calf Press · Machine",2,170,kg,20,rep,""
17/09/2024,🔹,"Calf Press · Machine",3,150,kg,25,rep,""
17/09/2024,🏋️‍♂️,"Single Arm Bent Over Row · Dumbbell",,,,,,""
17/09/2024,🔹,"Single Arm Bent Over Row · Dumbbell",1,15,kg,15,rep,""
17/09/2024,🔹,"Single Arm Bent Over Row · Dumbbell",2,15,kg,15,rep,""
17/09/2024,🔹,"Single Arm Bent Over Row · Dumbbell",3,15,kg,15,rep,""
17/09/2024,🏋️‍♂️,"Dual Cable Lat Pulldown ",,,,,,""
17/09/2024,🔹,"Dual Cable Lat Pulldown ",1,34,kg,10,rep,""
17/09/2024,🔹,"Dual Cable Lat Pulldown ",2,34,kg,10,rep,""
17/09/2024,🔹,"Dual Cable Lat Pulldown ",3,34,kg,6,rep,""
17/09/2024,🏋️‍♂️,"Supinating Curl · Dumbbell",,,,,,""
17/09/2024,🔹,"Supinating Curl · Dumbbell",1,8,kg,10,rep,""
17/09/2024,🔹,"Supinating Curl · Dumbbell",2,8,kg,10,rep,""
17/09/2024,🏋️‍♂️,"Concentration Curl · Dumbbell",,,,,,""
17/09/2024,🔹,"Concentration Curl · Dumbbell",1,8,kg,7,rep,""
17/09/2024,🔹,"Concentration Curl · Dumbbell",2,8,kg,7,rep,""
18/09/2024,📅,,,,,,,"92 min"
18/09/2024,🏋️‍♂️,"Bench Press · Barbell",,,,,,""
18/09/2024,🔹,"Bench Press · Barbell",1,50,kg,7,rep,""
18/09/2024,🔹,"Bench Press · Barbell",2,50,kg,7,rep,""
18/09/2024,🔹,"Bench Press · Barbell",3,50,kg,7,rep,""
18/09/2024,🔹,"Bench Press · Barbell",4,50,kg,7,rep,""
18/09/2024,🔹,"Bench Press · Barbell",5,50,kg,7,rep,""
18/09/2024,🏋️‍♂️,"Incline Bench Press · Barbell",,,,,,""
18/09/2024,🔹,"Incline Bench Press · Barbell",1,35,kg,10,rep,""
18/09/2024,🔹,"Incline Bench Press · Barbell",2,35,kg,10,rep,""
18/09/2024,🔹,"Incline Bench Press · Barbell",3,35,kg,10,rep,"Hard"
18/09/2024,🏋️‍♂️,"Pec Deck · Machine",,,,,,""
18/09/2024,🔹,"Pec Deck · Machine",1,85,lb,8,rep,""
18/09/2024,🔹,"Pec Deck · Machine",2,85,lb,8,rep,""
18/09/2024,🏋️‍♂️,"Rear Delt",,,,,,""
18/09/2024,🔹,"Rear Delt",1,55,lb,12,rep,""
18/09/2024,🔹,"Rear Delt",2,55,lb,12,rep,""
18/09/2024,🏋️‍♂️,"Seated Overhead Press · Dumbbell",,,,,,""
18/09/2024,🔹,"Seated Overhead Press · Dumbbell",1,20,kg,11,rep,""
18/09/2024,🔹,"Seated Overhead Press · Dumbbell",2,20,kg,9,rep,""
18/09/2024,🔹,"Seated Overhead Press · Dumbbell",3,20,kg,9,rep,""
18/09/2024,🏋️‍♂️,"Cable Raise (Freie)",,,,,,""
18/09/2024,🔹,"Cable Raise (Freie)",1,35,kg,15,rep,""
18/09/2024,🔹,"Cable Raise (Freie)",2,35,kg,15,rep,""
18/09/2024,🏋️‍♂️,"Tricep Extension · Cable",,,,,,""
18/09/2024,🔹,"Tricep Extension · Cable",1,40,lb,10,rep,""
18/09/2024,🔹,"Tricep Extension · Cable",2,40,lb,10,rep,""
18/09/2024,🏋️‍♂️,"Cable Kickback",,,,,,""
18/09/2024,🔹,"Cable Kickback",1,10,lb,9,rep,""
18/09/2024,🔹,"Cable Kickback",2,10,lb,9,rep,""
18/09/2024,🏋️‍♂️,"Single Arm Overhead Triceps Extension · Dumbbell",,,,,,""
18/09/2024,🔹,"Single Arm Overhead Triceps Extension · Dumbbell",1,5,kg,8,rep,""
18/09/2024,🔹,"Single Arm Overhead Triceps Extension · Dumbbell",2,5,kg,9,rep,""
18/09/2024,🏋️‍♂️,"Tricep Dip",,,,,,""
18/09/2024,🔹,"Tricep Dip",1,0,kg,7,rep,""
18/09/2024,🔹,"Tricep Dip",2,0,kg,5,rep,""
20/09/2024,📅,,,,,,,"65 min"
20/09/2024,🏋️‍♂️,"Deadlift · Barbell",,,,,,""
20/09/2024,🔹,"Deadlift · Barbell",1,90,kg,6,rep,""
20/09/2024,🔹,"Deadlift · Barbell",2,90,kg,6,rep,""
20/09/2024,🔹,"Deadlift · Barbell",3,90,kg,6,rep,""
20/09/2024,🔹,"Deadlift · Barbell",4,90,kg,6,rep,""
20/09/2024,🔹,"Deadlift · Barbell",5,90,kg,6,rep,""
20/09/2024,🏋️‍♂️,"VAF Ruckeninsulator",,,,,,""
20/09/2024,🔹,"VAF Ruckeninsulator",1,9,kg,15,rep,""
20/09/2024,🔹,"VAF Ruckeninsulator",2,9,kg,15,rep,""
20/09/2024,🏋️‍♂️,"Seated Row · Cable",,,,,,""
20/09/2024,🔹,"Seated Row · Cable",1,34,kg,15,rep,""
20/09/2024,🔹,"Seated Row · Cable",2,34,kg,15,rep,""
20/09/2024,🏋️‍♂️,"Lat Pull Down · Cable",,,,,,""
20/09/2024,🔹,"Lat Pull Down · Cable",1,41,kg,12,rep,""
20/09/2024,🔹,"Lat Pull Down · Cable",2,41,kg,12,rep,""
20/09/2024,🏋️‍♂️,"Preacher Curl · Barbell",,,,,,""
20/09/2024,🔹,"Preacher Curl · Barbell",1,19,kg,12,rep,""
20/09/2024,🔹,"Preacher Curl · Barbell",2,19,kg,12,rep,""
20/09/2024,🔹,"Preacher Curl · Barbell",3,19,kg,10,rep,""
20/09/2024,🏋️‍♂️,"Hammer Curl · Dumbbell",,,,,,""
20/09/2024,🔹,"Hammer Curl · Dumbbell",1,7,kg,9,rep,""
20/09/2024,🔹,"Hammer Curl · Dumbbell",2,7,kg,9,rep,""
20/09/2024,🏋️‍♂️,"Cybex Hack Squat",,,,,,""
20/09/2024,🔹,"Cybex Hack Squat",1,10,kg,12,rep,""
20/09/2024,🔹,"Cybex Hack Squat",2,9,kg,15,rep,""
20/09/2024,🏋️‍♂️,"Leg Extension · Machine",,,,,,""
20/09/2024,🔹,"Leg Extension · Machine",1,95,lb,12,rep,""
20/09/2024,🔹,"Leg Extension · Machine",2,95,lb,12,rep,""
20/09/2024,🏋️‍♂️🔗,"Leg Curl · Machine",,,,,,""
20/09/2024,🔹,"Leg Curl · Machine",1,95,lb,12,rep,""
20/09/2024,🔹,"Leg Curl · Machine",2,95,lb,10,rep,""
20/09/2024,🏋️‍♂️,"Hip Adduction · Machine",,,,,,""
20/09/2024,🔹,"Hip Adduction · Machine",1,100,lb,15,rep,""
20/09/2024,🔹,"Hip Adduction · Machine",2,100,lb,15,rep,""
20/09/2024,🏋️‍♂️🔗,"Hip Abduction · Machine",,,,,,""
20/09/2024,🔹,"Hip Abduction · Machine",1,100,lb,15,rep,""
20/09/2024,🔹,"Hip Abduction · Machine",2,100,lb,15,rep,""
20/09/2024,🏋️‍♂️,"Calf Press · Machine",,,,,,""
20/09/2024,🔹,"Calf Press · Machine",1,170,kg,25,rep,""
20/09/2024,🔹,"Calf Press · Machine",2,170,kg,25,rep,""
21/09/2024,📅,,,,,,,"93 min"
21/09/2024,🏋️‍♂️,"Tricep Extension · Cable",,,,,,""
21/09/2024,🔹,"Tricep Extension · Cable",1,40,lb,12,rep,""
21/09/2024,🔹,"Tricep Extension · Cable",2,40,lb,12,rep,""
21/09/2024,🔹,"Tricep Extension · Cable",3,40,lb,12,rep,""
21/09/2024,🔹,"Tricep Extension · Cable",4,40,lb,12,rep,""
21/09/2024,🏋️‍♂️,"Skull crusher",,,,,,""
21/09/2024,🔹,"Skull crusher",1,14,kg,15,rep,""
21/09/2024,🔹,"Skull crusher",2,14,kg,15,rep,""
21/09/2024,🔹,"Skull crusher",3,14,kg,15,rep,""
21/09/2024,🔹,"Skull crusher",4,14,kg,12,rep,""
21/09/2024,🏋️‍♂️,"Seated Overhead Press · Dumbbell",,,,,,""
21/09/2024,🔹,"Seated Overhead Press · Dumbbell",1,20,kg,12,rep,""
21/09/2024,🔹,"Seated Overhead Press · Dumbbell",2,20,kg,12,rep,""
21/09/2024,🔹,"Seated Overhead Press · Dumbbell",3,20,kg,12,rep,""
21/09/2024,🏋️‍♂️,"Lateral Raise · Dumbbell",,,,,,""
21/09/2024,🔹,"Lateral Raise · Dumbbell",1,7,kg,15,rep,""
21/09/2024,🔹,"Lateral Raise · Dumbbell",2,7,kg,13,rep,""
21/09/2024,🔹,"Lateral Raise · Dumbbell",3,7,kg,12,rep,""
21/09/2024,🏋️‍♂️,"Rear Delt",,,,,,""
21/09/2024,🔹,"Rear Delt",1,55,lb,11,rep,""
21/09/2024,🔹,"Rear Delt",2,55,lb,11,rep,""
21/09/2024,🔹,"Rear Delt",3,55,lb,9,rep,""
21/09/2024,🏋️‍♂️,"Around bar Shrugs",,,,,,""
21/09/2024,🔹,"Around bar Shrugs",1,30,kg,20,rep,""
21/09/2024,🔹,"Around bar Shrugs",2,30,kg,20,rep,""
21/09/2024,🔹,"Around bar Shrugs",3,20,kg,20,rep,""
21/09/2024,🏋️‍♂️,"Bench Press · Dumbbell",,,,,,""
21/09/2024,🔹,"Bench Press · Dumbbell",1,30,kg,15,rep,""
21/09/2024,🔹,"Bench Press · Dumbbell",2,30,kg,10,rep,""
21/09/2024,🏋️‍♂️,"Incline Bench Machine ",,,,,,""
21/09/2024,🔹,"Incline Bench Machine ",1,80,lb,10,rep,""
21/09/2024,🔹,"Incline Bench Machine ",2,80,lb,10,rep,""
21/09/2024,🏋️‍♂️,"Pec Deck · Machine",,,,,,""
21/09/2024,🔹,"Pec Deck · Machine",1,85,lb,12,rep,""
21/09/2024,🔹,"Pec Deck · Machine",2,85,lb,12,rep,""
23/09/2024,📅,,,,,,,"89 min"
23/09/2024,🏋️‍♂️,"Squat · Barbell",,,,,,""
23/09/2024,🔹,"Squat · Barbell",1,70,kg,8,rep,""
23/09/2024,🔹,"Squat · Barbell",2,70,kg,8,rep,""
23/09/2024,🔹,"Squat · Barbell",3,70,kg,8,rep,""
23/09/2024,🔹,"Squat · Barbell",4,70,kg,6,rep,""
23/09/2024,🏋️‍♂️,"Romanian Deadlift · Barbell",,,,,,""
23/09/2024,🔹,"Romanian Deadlift · Barbell",1,60,kg,12,rep,""
23/09/2024,🔹,"Romanian Deadlift · Barbell",2,60,kg,12,rep,""
23/09/2024,🔹,"Romanian Deadlift · Barbell",3,60,kg,12,rep,""
23/09/2024,🏋️‍♂️,"Hip Abduction · Machine",,,,,,""
23/09/2024,🔹,"Hip Abduction · Machine",1,105,lb,15,rep,""
23/09/2024,🔹,"Hip Abduction · Machine",2,105,lb,12,rep,""
23/09/2024,🔹,"Hip Abduction · Machine",3,105,lb,12,rep,""
23/09/2024,🏋️‍♂️🔗,"Hip Adduction · Machine",,,,,,""
23/09/2024,🔹,"Hip Adduction · Machine",1,105,lb,15,rep,""
23/09/2024,🔹,"Hip Adduction · Machine",2,105,lb,15,rep,""
23/09/2024,🔹,"Hip Adduction · Machine",3,105,lb,12,rep,""
23/09/2024,🏋️‍♂️,"Calf Press · Machine",,,,,,""
23/09/2024,🔹,"Calf Press · Machine",1,190,kg,25,rep,""
23/09/2024,🔹,"Calf Press · Machine",2,190,kg,25,rep,""
23/09/2024,🔹,"Calf Press · Machine",3,190,kg,25,rep,""
23/09/2024,🏋️‍♂️,"Single Arm Bent Over Row · Dumbbell",,,,,,""
23/09/2024,🔹,"Single Arm Bent Over Row · Dumbbell",1,17.5,kg,12,rep,""
23/09/2024,🔹,"Single Arm Bent Over Row · Dumbbell",2,17.5,kg,15,rep,""
23/09/2024,🔹,"Single Arm Bent Over Row · Dumbbell",3,17.5,kg,15,rep,""
23/09/2024,🏋️‍♂️,"Dual Cable Lat Pulldown ",,,,,,""
23/09/2024,🔹,"Dual Cable Lat Pulldown ",1,34,kg,10,rep,""
23/09/2024,🔹,"Dual Cable Lat Pulldown ",2,34,kg,10,rep,""
23/09/2024,🔹,"Dual Cable Lat Pulldown ",3,34,kg,10,rep,""
23/09/2024,🏋️‍♂️,"Supinating Curl · Dumbbell",,,,,,""
23/09/2024,🔹,"Supinating Curl · Dumbbell",1,8,kg,12,rep,""
23/09/2024,🔹,"Supinating Curl · Dumbbell",2,8,kg,10,rep,""
23/09/2024,🏋️‍♂️,"Concentration Curl · Dumbbell",,,,,,""
23/09/2024,🔹,"Concentration Curl · Dumbbell",1,8,kg,8,rep,""
23/09/2024,🔹,"Concentration Curl · Dumbbell",2,8,kg,7,rep,""
25/09/2024,📅,,,,,,,"92 min"
25/09/2024,🏋️‍♂️,"Bench Press · Barbell",,,,,,""
25/09/2024,🔹,"Bench Press · Barbell",1,50,kg,9,rep,""
25/09/2024,🔹,"Bench Press · Barbell",2,50,kg,9,rep,""
25/09/2024,🔹,"Bench Press · Barbell",3,50,kg,9,rep,""
25/09/2024,🔹,"Bench Press · Barbell",4,50,kg,9,rep,""
25/09/2024,🔹,"Bench Press · Barbell",5,50,kg,8,rep,""
25/09/2024,🏋️‍♂️,"Incline Bench Press · Barbell",,,,,,""
25/09/2024,🔹,"Incline Bench Press · Barbell",1,30,kg,12,rep,""
25/09/2024,🔹,"Incline Bench Press · Barbell",2,35,kg,12,rep,""
25/09/2024,🔹,"Incline Bench Press · Barbell",3,35,kg,8,rep,""
25/09/2024,🏋️‍♂️,"Pec Deck · Machine",,,,,,""
25/09/2024,🔹,"Pec Deck · Machine",1,85,lb,10,rep,""
25/09/2024,🔹,"Pec Deck · Machine",2,85,lb,10,rep,""
25/09/2024,🏋️‍♂️,"Rear Delt",,,,,,""
25/09/2024,🔹,"Rear Delt",1,55,lb,15,rep,""
25/09/2024,🔹,"Rear Delt",2,55,lb,15,rep,""
25/09/2024,🏋️‍♂️,"Seated Overhead Press · Dumbbell",,,,,,""
25/09/2024,🔹,"Seated Overhead Press · Dumbbell",1,20,kg,12,rep,""
25/09/2024,🔹,"Seated Overhead Press · Dumbbell",2,20,kg,12,rep,""
25/09/2024,🔹,"Seated Overhead Press · Dumbbell",3,20,kg,12,rep,""
25/09/2024,🏋️‍♂️,"Cable Raise (Freie)",,,,,,""
25/09/2024,🔹,"Cable Raise (Freie)",1,40,kg,15,rep,""
25/09/2024,🔹,"Cable Raise (Freie)",2,40,kg,15,rep,""
25/09/2024,🏋️‍♂️,"Tricep Extension · Cable",,,,,,""
25/09/2024,🔹,"Tricep Extension · Cable",1,40,lb,13,rep,""
25/09/2024,🔹,"Tricep Extension · Cable",2,40,lb,13,rep,""
25/09/2024,🏋️‍♂️,"Cable Kickback",,,,,,""
25/09/2024,🔹,"Cable Kickback",1,10,lb,10,rep,""
25/09/2024,🔹,"Cable Kickback",2,10,lb,10,rep,""
25/09/2024,🏋️‍♂️,"Single Arm Overhead Triceps Extension · Dumbbell",,,,,,""
25/09/2024,🔹,"Single Arm Overhead Triceps Extension · Dumbbell",1,5,kg,8,rep,""
25/09/2024,🔹,"Single Arm Overhead Triceps Extension · Dumbbell",2,5,kg,8,rep,""
25/09/2024,🏋️‍♂️,"Tricep Dip",,,,,,""
25/09/2024,🔹,"Tricep Dip",1,0,kg,8,rep,""
25/09/2024,🔹,"Tricep Dip",2,0,kg,6,rep,""
26/09/2024,📅,,,,,,,"94 min"
26/09/2024,🏋️‍♂️,"Deadlift · Barbell",,,,,,""
26/09/2024,🔹,"Deadlift · Barbell",1,90,kg,8,rep,""
26/09/2024,🔹,"Deadlift · Barbell",2,90,kg,8,rep,""
26/09/2024,🔹,"Deadlift · Barbell",3,90,kg,8,rep,""
26/09/2024,🔹,"Deadlift · Barbell",4,90,kg,8,rep,""
26/09/2024,🔹,"Deadlift · Barbell",5,90,kg,8,rep,""
26/09/2024,🏋️‍♂️,"VAF Ruckeninsulator",,,,,,""
26/09/2024,🔹,"VAF Ruckeninsulator",1,9.5,kg,12,rep,""
26/09/2024,🔹,"VAF Ruckeninsulator",2,9.5,kg,12,rep,""
26/09/2024,🏋️‍♂️,"Seated Row · Cable",,,,,,"slow and controlled"
26/09/2024,🔹,"Seated Row · Cable",1,41,kg,6,rep,""
26/09/2024,🔹,"Seated Row · Cable",2,34,kg,12,rep,""
26/09/2024,🏋️‍♂️,"Lat Pull Down · Cable",,,,,,"slow and controlled"
26/09/2024,🔹,"Lat Pull Down · Cable",1,34,kg,12,rep,""
26/09/2024,🔹,"Lat Pull Down · Cable",2,34,kg,12,rep,""
26/09/2024,🏋️‍♂️,"Calf Press · Machine",,,,,,""
26/09/2024,🔹,"Calf Press · Machine",1,190,kg,25,rep,""
26/09/2024,🔹,"Calf Press · Machine",2,190,kg,25,rep,""
26/09/2024,🔹,"Calf Press · Machine",3,190,kg,20,rep,""
26/09/2024,🏋️‍♂️,"Preacher Curl · Barbell",,,,,,""
26/09/2024,🔹,"Preacher Curl · Barbell",1,19,kg,15,rep,""
26/09/2024,🔹,"Preacher Curl · Barbell",2,19,kg,12,rep,""
26/09/2024,🔹,"Preacher Curl · Barbell",3,19,kg,10,rep,""
26/09/2024,🏋️‍♂️,"Hammer Curl · Dumbbell",,,,,,""
26/09/2024,🔹,"Hammer Curl · Dumbbell",1,7,kg,10,rep,""
26/09/2024,🔹,"Hammer Curl · Dumbbell",2,7,kg,12,rep,""
26/09/2024,🏋️‍♂️,"Cybex Hack Squat",,,,,,""
26/09/2024,🔹,"Cybex Hack Squat",1,10,kg,15,rep,""
26/09/2024,🔹,"Cybex Hack Squat",2,9,kg,15,rep,""
26/09/2024,🏋️‍♂️,"Leg Extension · Machine",,,,,,""
26/09/2024,🔹,"Leg Extension · Machine",1,100,lb,10,rep,""
26/09/2024,🔹,"Leg Extension · Machine",2,100,lb,10,rep,""
26/09/2024,🏋️‍♂️🔗,"Leg Curl · Machine",,,,,,""
26/09/2024,🔹,"Leg Curl · Machine",1,95,lb,10,rep,""
26/09/2024,🔹,"Leg Curl · Machine",2,95,lb,10,rep,""
26/09/2024,🏋️‍♂️,"Hip Adduction · Machine",,,,,,""
26/09/2024,🔹,"Hip Adduction · Machine",1,105,lb,15,rep,""
26/09/2024,🔹,"Hip Adduction · Machine",2,105,lb,12,rep,""
26/09/2024,🏋️‍♂️🔗,"Hip Abduction · Machine",,,,,,""
26/09/2024,🔹,"Hip Abduction · Machine",1,105,lb,15,rep,""
26/09/2024,🔹,"Hip Abduction · Machine",2,105,lb,15,rep,""
28/09/2024,📅,,,,,,,"92 min"
28/09/2024,🏋️‍♂️,"Seated Overhead Press · Dumbbell",,,,,,""
28/09/2024,🔹,"Seated Overhead Press · Dumbbell",1,20,kg,15,rep,""
28/09/2024,🔹,"Seated Overhead Press · Dumbbell",2,20,kg,15,rep,""
28/09/2024,🔹,"Seated Overhead Press · Dumbbell",3,20,kg,15,rep,""
28/09/2024,🏋️‍♂️,"Lateral Raise · Dumbbell",,,,,,""
28/09/2024,🔹,"Lateral Raise · Dumbbell",1,7,kg,15,rep,""
28/09/2024,🔹,"Lateral Raise · Dumbbell",2,7,kg,15,rep,""
28/09/2024,🔹,"Lateral Raise · Dumbbell",3,7,kg,15,rep,""
28/09/2024,🏋️‍♂️,"Rear Delt",,,,,,""
28/09/2024,🔹,"Rear Delt",1,55,lb,15,rep,""
28/09/2024,🔹,"Rear Delt",2,55,lb,14,rep,""
28/09/2024,🔹,"Rear Delt",3,55,lb,12,rep,""
28/09/2024,🏋️‍♂️,"Around bar Shrugs",,,,,,""
28/09/2024,🔹,"Around bar Shrugs",1,40,kg,20,rep,""
28/09/2024,🔹,"Around bar Shrugs",2,40,kg,20,rep,""
28/09/2024,🔹,"Around bar Shrugs",3,20,kg,20,rep,""
28/09/2024,🏋️‍♂️,"Tricep Extension · Cable",,,,,,""
28/09/2024,🔹,"Tricep Extension · Cable",1,40,lb,15,rep,""
28/09/2024,🔹,"Tricep Extension · Cable",2,40,lb,15,rep,""
28/09/2024,🔹,"Tricep Extension · Cable",3,40,lb,15,rep,""
28/09/2024,🔹,"Tricep Extension · Cable",4,40,lb,14,rep,""
28/09/2024,🏋️‍♂️,"Skull crusher",,,,,,""
28/09/2024,🔹,"Skull crusher",1,16.5,kg,9,rep,""
28/09/2024,🔹,"Skull crusher",2,16.5,kg,9,rep,""
28/09/2024,🔹,"Skull crusher",3,16.5,kg,9,rep,""
28/09/2024,🏋️‍♂️,"Bench Press · Dumbbell",,,,,,""
28/09/2024,🔹,"Bench Press · Dumbbell",1,30,kg,15,rep,""
28/09/2024,🔹,"Bench Press · Dumbbell",2,30,kg,14,rep,""
28/09/2024,🏋️‍♂️,"Incline Bench Machine ",,,,,,""
28/09/2024,🔹,"Incline Bench Machine ",1,80,lb,11,rep,""
28/09/2024,🔹,"Incline Bench Machine ",2,80,lb,10,rep,""
28/09/2024,🏋️‍♂️,"Pec Deck · Machine",,,,,,""
28/09/2024,🔹,"Pec Deck · Machine",1,85,lb,12,rep,""
28/09/2024,🔹,"Pec Deck · Machine",2,85,lb,12,rep,""
28/09/2024,🏋️‍♂️,"Tricep press",,,,,,""
28/09/2024,🔹,"Tricep press",1,50,kg,15,rep,""
30/09/2024,📅,,,,,,,"123 min"
30/09/2024,🏋️‍♂️,"Squat · Barbell",,,,,,""
30/09/2024,🔹,"Squat · Barbell",1,70,kg,8,rep,""
30/09/2024,🔹,"Squat · Barbell",2,70,kg,8,rep,""
30/09/2024,🔹,"Squat · Barbell",3,70,kg,8,rep,""
30/09/2024,🔹,"Squat · Barbell",4,70,kg,9,rep,""
30/09/2024,🏋️‍♂️,"Romanian Deadlift · Barbell",,,,,,""
30/09/2024,🔹,"Romanian Deadlift · Barbell",1,60,kg,12,rep,""
30/09/2024,🔹,"Romanian Deadlift · Barbell",2,60,kg,12,rep,""
30/09/2024,🔹,"Romanian Deadlift · Barbell",3,60,kg,12,rep,""
30/09/2024,🏋️‍♂️,"Hip Abduction · Machine",,,,,,""
30/09/2024,🔹,"Hip Abduction · Machine",1,110,lb,15,rep,""
30/09/2024,🔹,"Hip Abduction · Machine",2,110,lb,12,rep,""
30/09/2024,🔹,"Hip Abduction · Machine",3,110,lb,12,rep,""
30/09/2024,🏋️‍♂️🔗,"Hip Adduction · Machine",,,,,,""
30/09/2024,🔹,"Hip Adduction · Machine",1,110,lb,15,rep,""
30/09/2024,🔹,"Hip Adduction · Machine",2,110,lb,15,rep,""
30/09/2024,🔹,"Hip Adduction · Machine",3,110,lb,15,rep,""
30/09/2024,🏋️‍♂️,"Calf Press · Machine",,,,,,""
30/09/2024,🔹,"Calf Press · Machine",1,190,kg,25,rep,""
30/09/2024,🔹,"Calf Press · Machine",2,190,kg,25,rep,""
30/09/2024,🔹,"Calf Press · Machine",3,190,kg,25,rep,""
30/09/2024,🏋️‍♂️,"Dual Cable Lat Pulldown ",,,,,,""
30/09/2024,🔹,"Dual Cable Lat Pulldown ",1,34,kg,12,rep,""
30/09/2024,🔹,"Dual Cable Lat Pulldown ",2,41,kg,12,rep,""
30/09/2024,🔹,"Dual Cable Lat Pulldown ",3,41,kg,12,rep,""
30/09/2024,🏋️‍♂️,"Single Arm Bent Over Row · Dumbbell",,,,,,""
30/09/2024,🔹,"Single Arm Bent Over Row · Dumbbell",1,17.5,kg,15,rep,""
30/09/2024,🔹,"Single Arm Bent Over Row · Dumbbell",2,17.5,kg,15,rep,""
30/09/2024,🔹,"Single Arm Bent Over Row · Dumbbell",3,17.5,kg,12,rep,""
30/09/2024,🏋️‍♂️,"Supinating Curl · Dumbbell",,,,,,""
30/09/2024,🔹,"Supinating Curl · Dumbbell",1,8,kg,9,rep,""
30/09/2024,🔹,"Supinating Curl · Dumbbell",2,8,kg,9,rep,""
30/09/2024,🏋️‍♂️,"Concentration Curl · Dumbbell",,,,,,""
30/09/2024,🔹,"Concentration Curl · Dumbbell",1,8,kg,9,rep,""
30/09/2024,🔹,"Concentration Curl · Dumbbell",2,8,kg,9,rep,""
01/10/2024,📅,,,,,,,"73 min"
01/10/2024,🏋️‍♂️,"Bench Press · Barbell",,,,,,""
01/10/2024,🔹,"Bench Press · Barbell",1,50,kg,9,rep,""
01/10/2024,🔹,"Bench Press · Barbell",2,50,kg,9,rep,""
01/10/2024,🔹,"Bench Press · Barbell",3,50,kg,9,rep,""
01/10/2024,🔹,"Bench Press · Barbell",4,50,kg,8,rep,""
01/10/2024,🔹,"Bench Press · Barbell",5,50,kg,6,rep,""
01/10/2024,🏋️‍♂️,"Incline Bench Press · Barbell",,,,,,""
01/10/2024,🔹,"Incline Bench Press · Barbell",1,35,kg,12,rep,""
01/10/2024,🔹,"Incline Bench Press · Barbell",2,35,kg,12,rep,""
01/10/2024,🔹,"Incline Bench Press · Barbell",3,35,kg,11,rep,""
01/10/2024,🏋️‍♂️,"Pec Deck · Machine",,,,,,""
01/10/2024,🔹,"Pec Deck · Machine",1,85,lb,13,rep,""
01/10/2024,🔹,"Pec Deck · Machine",2,85,lb,10,rep,""
01/10/2024,🏋️‍♂️,"Rear Delt",,,,,,""
01/10/2024,🔹,"Rear Delt",1,60,lb,10,rep,""
01/10/2024,🔹,"Rear Delt",2,60,lb,12,rep,""
01/10/2024,🏋️‍♂️,"Seated Overhead Press · Dumbbell",,,,,,""
01/10/2024,🔹,"Seated Overhead Press · Dumbbell",1,20,kg,13,rep,""
01/10/2024,🔹,"Seated Overhead Press · Dumbbell",2,20,kg,12,rep,""
01/10/2024,🔹,"Seated Overhead Press · Dumbbell",3,20,kg,10,rep,""
01/10/2024,🏋️‍♂️,"Cable Raise (Freie)",,,,,,""
01/10/2024,🔹,"Cable Raise (Freie)",1,45,kg,13,rep,""
01/10/2024,🔹,"Cable Raise (Freie)",2,45,kg,13,rep,""
01/10/2024,🏋️‍♂️,"Tricep Extension · Cable",,,,,,""
01/10/2024,🔹,"Tricep Extension · Cable",1,40,lb,15,rep,""
01/10/2024,🔹,"Tricep Extension · Cable",2,40,lb,15,rep,""
01/10/2024,🏋️‍♂️,"Cable Kickback",,,,,,""
01/10/2024,🔹,"Cable Kickback",1,10,lb,12,rep,""
01/10/2024,🔹,"Cable Kickback",2,10,lb,12,rep,""
01/10/2024,🏋️‍♂️,"Single Arm Overhead Triceps Extension · Dumbbell",,,,,,""
01/10/2024,🔹,"Single Arm Overhead Triceps Extension · Dumbbell",1,5,kg,9,rep,""
01/10/2024,🔹,"Single Arm Overhead Triceps Extension · Dumbbell",2,5,kg,10,rep,""
01/10/2024,🏋️‍♂️,"Tricep Dip",,,,,,""
01/10/2024,🔹,"Tricep Dip",1,0,kg,8,rep,""
01/10/2024,🔹,"Tricep Dip",2,0,kg,8,rep,""
04/10/2024,📅,,,,,,,"89 min"
04/10/2024,🏋️‍♂️,"VAF Ruckeninsulator",,,,,,""
04/10/2024,🔹,"VAF Ruckeninsulator",1,9.5,kg,12,rep,""
04/10/2024,🔹,"VAF Ruckeninsulator",2,9.5,kg,12,rep,""
04/10/2024,🏋️‍♂️,"Seated Row · Cable",,,,,,""
04/10/2024,🔹,"Seated Row · Cable",1,39,kg,20,rep,""
04/10/2024,🔹,"Seated Row · Cable",2,41,kg,12,rep,""
04/10/2024,🏋️‍♂️,"Lat Pull Down · Cable",,,,,,""
04/10/2024,🔹,"Lat Pull Down · Cable",1,34,kg,15,rep,""
04/10/2024,🔹,"Lat Pull Down · Cable",2,41,kg,12,rep,""
04/10/2024,🔹,"Lat Pull Down · Cable",3,41,kg,12,rep,""
04/10/2024,🔹,"Lat Pull Down · Cable",4,41,kg,12,rep,""
04/10/2024,🏋️‍♂️,"Calf Press · Machine",,,,,,""
04/10/2024,🔹,"Calf Press · Machine",1,210,kg,25,rep,""
04/10/2024,🔹,"Calf Press · Machine",2,210,kg,22,rep,""
04/10/2024,🔹,"Calf Press · Machine",3,210,kg,20,rep,""
04/10/2024,🏋️‍♂️,"Hammer Curl · Dumbbell",,,,,,""
04/10/2024,🔹,"Hammer Curl · Dumbbell",1,7,kg,15,rep,""
04/10/2024,🔹,"Hammer Curl · Dumbbell",2,8,kg,12,rep,""
04/10/2024,🔹,"Hammer Curl · Dumbbell",3,8,kg,12,rep,""
04/10/2024,🔹,"Hammer Curl · Dumbbell",4,7,kg,12,rep,""
04/10/2024,🏋️‍♂️,"Cybex Hack Squat",,,,,,""
04/10/2024,🔹,"Cybex Hack Squat",1,10,kg,15,rep,""
04/10/2024,🔹,"Cybex Hack Squat",2,11,kg,9,rep,""
04/10/2024,🏋️‍♂️,"Leg Extension · Machine",,,,,,""
04/10/2024,🔹,"Leg Extension · Machine",1,100,lb,12,rep,""
04/10/2024,🔹,"Leg Extension · Machine",2,100,lb,12,rep,""
04/10/2024,🔹,"Leg Extension · Machine",3,100,lb,12,rep,""
04/10/2024,🏋️‍♂️🔗,"Leg Curl · Machine",,,,,,""
04/10/2024,🔹,"Leg Curl · Machine",1,100,lb,12,rep,""
04/10/2024,🔹,"Leg Curl · Machine",2,100,lb,12,rep,""
04/10/2024,🔹,"Leg Curl · Machine",3,100,lb,12,rep,""
04/10/2024,🏋️‍♂️,"Pull Up",,,,,,""
04/10/2024,🔹,"Pull Up",1,0,kg,6,rep,""
04/10/2024,🔹,"Pull Up",2,0,kg,6,rep,""
04/10/2024,🔹,"Pull Up",3,0,kg,4,rep,""
05/10/2024,📅,,,,,,,"98 min"
05/10/2024,🏋️‍♂️,"Tricep Extension · Cable",,,,,,""
05/10/2024,🔹,"Tricep Extension · Cable",1,40,lb,15,rep,""
05/10/2024,🔹,"Tricep Extension · Cable",2,40,lb,15,rep,""
05/10/2024,🔹,"Tricep Extension · Cable",3,40,lb,12,rep,""
05/10/2024,🔹,"Tricep Extension · Cable",4,40,lb,12,rep,""
05/10/2024,🏋️‍♂️,"Skull crusher",,,,,,""
05/10/2024,🔹,"Skull crusher",1,16.5,kg,9,rep,""
05/10/2024,🔹,"Skull crusher",2,16.5,kg,9,rep,""
05/10/2024,🔹,"Skull crusher",3,16.5,kg,9,rep,""
05/10/2024,🏋️‍♂️,"Seated Overhead Press · Dumbbell",,,,,,""
05/10/2024,🔹,"Seated Overhead Press · Dumbbell",1,20,kg,15,rep,""
05/10/2024,🔹,"Seated Overhead Press · Dumbbell",2,20,kg,15,rep,""
05/10/2024,🔹,"Seated Overhead Press · Dumbbell",3,20,kg,15,rep,""
05/10/2024,🏋️‍♂️,"Lateral Raise · Dumbbell",,,,,,""
05/10/2024,🔹,"Lateral Raise · Dumbbell",1,8,kg,9,rep,""
05/10/2024,🔹,"Lateral Raise · Dumbbell",2,8,kg,9,rep,""
05/10/2024,🔹,"Lateral Raise · Dumbbell",3,8,kg,9,rep,""
05/10/2024,🏋️‍♂️,"Rear Delt",,,,,,""
05/10/2024,🔹,"Rear Delt",1,60,lb,12,rep,""
05/10/2024,🔹,"Rear Delt",2,60,lb,11,rep,""
05/10/2024,🔹,"Rear Delt",3,60,lb,10,rep,""
05/10/2024,🏋️‍♂️,"Around bar Shrugs",,,,,,""
05/10/2024,🔹,"Around bar Shrugs",1,40,kg,25,rep,""
05/10/2024,🔹,"Around bar Shrugs",2,40,kg,25,rep,""
05/10/2024,🔹,"Around bar Shrugs",3,40,kg,25,rep,""
05/10/2024,🏋️‍♂️,"Bench Press · Dumbbell",,,,,,""
05/10/2024,🔹,"Bench Press · Dumbbell",1,30,kg,15,rep,""
05/10/2024,🔹,"Bench Press · Dumbbell",2,30,kg,15,rep,""
05/10/2024,🏋️‍♂️,"Incline Bench Machine ",,,,,,""
05/10/2024,🔹,"Incline Bench Machine ",1,80,lb,15,rep,""
05/10/2024,🔹,"Incline Bench Machine ",2,80,lb,14,rep,""
05/10/2024,🏋️‍♂️,"Pec Deck · Machine",,,,,,""
05/10/2024,🔹,"Pec Deck · Machine",1,80,lb,12,rep,""
05/10/2024,🔹,"Pec Deck · Machine",2,80,lb,12,rep,""
05/10/2024,🏋️‍♂️,"Tricep Dip",,,,,,""
05/10/2024,🔹,"Tricep Dip",1,0,kg,8,rep,""
05/10/2024,🔹,"Tricep Dip",2,0,kg,6,rep,""
07/10/2024,📅,,,,,,,"152 min"
07/10/2024,🏋️‍♂️,"Squat · Barbell",,,,,,""
07/10/2024,🔹,"Squat · Barbell",1,70,kg,9,rep,""
07/10/2024,🔹,"Squat · Barbell",2,70,kg,9,rep,""
07/10/2024,🔹,"Squat · Barbell",3,70,kg,9,rep,""
07/10/2024,🔹,"Squat · Barbell",4,70,kg,9,rep,""
07/10/2024,🏋️‍♂️,"Romanian Deadlift · Barbell",,,,,,""
07/10/2024,🔹,"Romanian Deadlift · Barbell",1,60,kg,12,rep,""
07/10/2024,🔹,"Romanian Deadlift · Barbell",2,60,kg,12,rep,""
07/10/2024,🔹,"Romanian Deadlift · Barbell",3,60,kg,12,rep,""
07/10/2024,🏋️‍♂️,"Hip Abduction · Machine",,,,,,""
07/10/2024,🔹,"Hip Abduction · Machine",1,110,lb,15,rep,""
07/10/2024,🔹,"Hip Abduction · Machine",2,110,lb,15,rep,""
07/10/2024,🔹,"Hip Abduction · Machine",3,110,lb,12,rep,""
07/10/2024,🏋️‍♂️🔗,"Hip Adduction · Machine",,,,,,""
07/10/2024,🔹,"Hip Adduction · Machine",1,110,lb,15,rep,""
07/10/2024,🔹,"Hip Adduction · Machine",2,110,lb,15,rep,""
07/10/2024,🔹,"Hip Adduction · Machine",3,110,lb,15,rep,""
07/10/2024,🏋️‍♂️,"Calf Press · Machine",,,,,,""
07/10/2024,🔹,"Calf Press · Machine",1,210,kg,30,rep,""
07/10/2024,🔹,"Calf Press · Machine",2,210,kg,25,rep,""
07/10/2024,🔹,"Calf Press · Machine",3,210,kg,25,rep,""
07/10/2024,🏋️‍♂️,"Single arm lat pulldown",,,,,,""
07/10/2024,🔹,"Single arm lat pulldown",1,34,kg,12,rep,""
07/10/2024,🔹,"Single arm lat pulldown",2,41,kg,15,rep,""
07/10/2024,🔹,"Single arm lat pulldown",3,47.5,kg,12,rep,""
07/10/2024,🏋️‍♂️,"Single Arm Bent Over Row · Dumbbell",,,,,,""
07/10/2024,🔹,"Single Arm Bent Over Row · Dumbbell",1,20,kg,12,rep,""
07/10/2024,🔹,"Single Arm Bent Over Row · Dumbbell",2,20,kg,12,rep,""
07/10/2024,🔹,"Single Arm Bent Over Row · Dumbbell",3,20,kg,12,rep,""
07/10/2024,🏋️‍♂️,"Supinating Curl · Dumbbell",,,,,,""
07/10/2024,🔹,"Supinating Curl · Dumbbell",1,8,kg,11,rep,""
07/10/2024,🔹,"Supinating Curl · Dumbbell",2,8,kg,10,rep,""
07/10/2024,🏋️‍♂️,"Concentration Curl · Dumbbell",,,,,,""
07/10/2024,🔹,"Concentration Curl · Dumbbell",1,8,kg,11,rep,""
07/10/2024,🔹,"Concentration Curl · Dumbbell",2,8,kg,9,rep,""
07/10/2024,🏋️‍♂️,"Chin Up",,,,,,""
07/10/2024,🔹,"Chin Up",1,0,kg,5,rep,""
07/10/2024,🔹,"Chin Up",2,0,kg,5,rep,""
08/10/2024,📅,,,,,,,"96 min"
08/10/2024,🏋️‍♂️,"Bench Press · Barbell",,,,,,""
08/10/2024,🔹,"Bench Press · Barbell",1,50,kg,9,rep,""
08/10/2024,🔹,"Bench Press · Barbell",2,50,kg,9,rep,""
08/10/2024,🔹,"Bench Press · Barbell",3,50,kg,9,rep,""
08/10/2024,🔹,"Bench Press · Barbell",4,50,kg,7,rep,""
08/10/2024,🔹,"Bench Press · Barbell",5,50,kg,5,rep,""
08/10/2024,🏋️‍♂️,"Incline Bench Press · Barbell",,,,,,""
08/10/2024,🔹,"Incline Bench Press · Barbell",1,40,kg,8,rep,""
08/10/2024,🔹,"Incline Bench Press · Barbell",2,40,kg,7,rep,""
08/10/2024,🔹,"Incline Bench Press · Barbell",3,40,kg,6,rep,""
08/10/2024,🏋️‍♂️,"Pec Deck · Machine",,,,,,""
08/10/2024,🔹,"Pec Deck · Machine",1,80,lb,12,rep,""
08/10/2024,🔹,"Pec Deck · Machine",2,80,lb,12,rep,""
08/10/2024,🏋️‍♂️,"Rear Delt",,,,,,""
08/10/2024,🔹,"Rear Delt",1,60,lb,12,rep,""
08/10/2024,🔹,"Rear Delt",2,60,lb,12,rep,""
08/10/2024,🏋️‍♂️,"Seated Overhead Press · Dumbbell",,,,,,""
08/10/2024,🔹,"Seated Overhead Press · Dumbbell",1,20,kg,15,rep,""
08/10/2024,🔹,"Seated Overhead Press · Dumbbell",2,20,kg,13,rep,""
08/10/2024,🔹,"Seated Overhead Press · Dumbbell",3,20,kg,12,rep,""
08/10/2024,🏋️‍♂️,"Cable Raise (Freie)",,,,,,""
08/10/2024,🔹,"Cable Raise (Freie)",1,45,kg,15,rep,""
08/10/2024,🔹,"Cable Raise (Freie)",2,45,kg,13,rep,""
08/10/2024,🏋️‍♂️,"Tricep Extension · Cable",,,,,,""
08/10/2024,🔹,"Tricep Extension · Cable",1,40,lb,12,rep,""
08/10/2024,🔹,"Tricep Extension · Cable",2,40,lb,12,rep,""
08/10/2024,🏋️‍♂️,"Cable Kickback",,,,,,""
08/10/2024,🔹,"Cable Kickback",1,10,lb,13,rep,""
08/10/2024,🔹,"Cable Kickback",2,10,lb,13,rep,""
08/10/2024,🏋️‍♂️,"Single Arm Overhead Triceps Extension · Dumbbell",,,,,,""
08/10/2024,🔹,"Single Arm Overhead Triceps Extension · Dumbbell",1,5,kg,12,rep,""
08/10/2024,🔹,"Single Arm Overhead Triceps Extension · Dumbbell",2,5,kg,12,rep,""
08/10/2024,🏋️‍♂️,"Tricep Dip",,,,,,""
08/10/2024,🔹,"Tricep Dip",1,0,kg,9,rep,""
08/10/2024,🔹,"Tricep Dip",2,0,kg,6,rep,""
11/10/2024,📅,,,,,,,"88 min"
11/10/2024,🏋️‍♂️,"VAF Ruckeninsulator",,,,,,""
11/10/2024,🔹,"VAF Ruckeninsulator",1,9.5,kg,12,rep,""
11/10/2024,🔹,"VAF Ruckeninsulator",2,9.5,kg,12,rep,""
11/10/2024,🏋️‍♂️,"Seated Row · Cable",,,,,,""
11/10/2024,🔹,"Seated Row · Cable",1,41,kg,12,rep,""
11/10/2024,🔹,"Seated Row · Cable",2,41,kg,12,rep,""
11/10/2024,🔹,"Seated Row · Cable",3,41,kg,12,rep,""
11/10/2024,🏋️‍♂️,"Lat Pull Down · Cable",,,,,,""
11/10/2024,🔹,"Lat Pull Down · Cable",1,41,kg,12,rep,""
11/10/2024,🔹,"Lat Pull Down · Cable",2,41,kg,12,rep,""
11/10/2024,🔹,"Lat Pull Down · Cable",3,41,kg,12,rep,""
11/10/2024,🔹,"Lat Pull Down · Cable",4,41,kg,12,rep,""
11/10/2024,🏋️‍♂️,"Preacher Curl · Barbell",,,,,,""
11/10/2024,🔹,"Preacher Curl · Barbell",1,19,kg,15,rep,""
11/10/2024,🔹,"Preacher Curl · Barbell",2,19,kg,12,rep,""
11/10/2024,🔹,"Preacher Curl · Barbell",3,19,kg,12,rep,""
11/10/2024,🏋️‍♂️,"Hammer Curl · Dumbbell",,,,,,""
11/10/2024,🔹,"Hammer Curl · Dumbbell",1,8,kg,12,rep,""
11/10/2024,🔹,"Hammer Curl · Dumbbell",2,8,kg,12,rep,""
11/10/2024,🏋️‍♂️,"Calf Press · Machine",,,,,,""
11/10/2024,🔹,"Calf Press · Machine",1,210,kg,20,rep,""
11/10/2024,🔹,"Calf Press · Machine",2,210,kg,20,rep,""
11/10/2024,🔹,"Calf Press · Machine",3,210,kg,20,rep,""
11/10/2024,🏋️‍♂️,"Cybex Hack Squat",,,,,,""
11/10/2024,🔹,"Cybex Hack Squat",1,11,kg,10,rep,""
11/10/2024,🔹,"Cybex Hack Squat",2,11,kg,10,rep,""
11/10/2024,🏋️‍♂️,"Leg Extension · Machine",,,,,,""
11/10/2024,🔹,"Leg Extension · Machine",1,100,lb,12,rep,""
11/10/2024,🔹,"Leg Extension · Machine",2,100,lb,12,rep,""
11/10/2024,🔹,"Leg Extension · Machine",3,100,lb,12,rep,""
11/10/2024,🏋️‍♂️🔗,"Leg Curl · Machine",,,,,,""
11/10/2024,🔹,"Leg Curl · Machine",1,100,lb,12,rep,""
11/10/2024,🔹,"Leg Curl · Machine",2,100,lb,9,rep,""
11/10/2024,🔹,"Leg Curl · Machine",3,100,lb,12,rep,""
11/10/2024,🏋️‍♂️,"Pull Up",,,,,,""
11/10/2024,🔹,"Pull Up",1,0,kg,6,rep,""
11/10/2024,🔹,"Pull Up",2,0,kg,6,rep,""
11/10/2024,🔹,"Pull Up",3,0,kg,6,rep,""
12/10/2024,📅,,,,,,,"88 min"
12/10/2024,🏋️‍♂️,"Seated Overhead Press · Dumbbell",,,,,,""
12/10/2024,🔹,"Seated Overhead Press · Dumbbell",1,25,kg,10,rep,""
12/10/2024,🔹,"Seated Overhead Press · Dumbbell",2,25,kg,10,rep,""
12/10/2024,🔹,"Seated Overhead Press · Dumbbell",3,20,kg,15,rep,""
12/10/2024,🏋️‍♂️,"Lateral Raise · Dumbbell",,,,,,""
12/10/2024,🔹,"Lateral Raise · Dumbbell",1,8,kg,10,rep,""
12/10/2024,🔹,"Lateral Raise · Dumbbell",2,8,kg,10,rep,""
12/10/2024,🔹,"Lateral Raise · Dumbbell",3,8,kg,10,rep,""
12/10/2024,🏋️‍♂️,"Rear Delt",,,,,,""
12/10/2024,🔹,"Rear Delt",1,60,lb,12,rep,""
12/10/2024,🔹,"Rear Delt",2,60,lb,12,rep,""
12/10/2024,🔹,"Rear Delt",3,60,lb,12,rep,""
12/10/2024,🏋️‍♂️,"Around bar Shrugs",,,,,,""
12/10/2024,🔹,"Around bar Shrugs",1,60,kg,15,rep,""
12/10/2024,🔹,"Around bar Shrugs",2,60,kg,15,rep,""
12/10/2024,🔹,"Around bar Shrugs",3,60,kg,11,rep,""
12/10/2024,🏋️‍♂️,"Tricep Extension · Cable",,,,,,""
12/10/2024,🔹,"Tricep Extension · Cable",1,40,lb,15,rep,""
12/10/2024,🔹,"Tricep Extension · Cable",2,40,lb,15,rep,""
12/10/2024,🔹,"Tricep Extension · Cable",3,40,lb,12,rep,""
12/10/2024,🔹,"Tricep Extension · Cable",4,40,lb,12,rep,""
12/10/2024,🏋️‍♂️,"Skull crusher",,,,,,""
12/10/2024,🔹,"Skull crusher",1,16.5,kg,6,rep,""
12/10/2024,🔹,"Skull crusher",2,16.5,kg,6,rep,""
12/10/2024,🔹,"Skull crusher",3,16.5,kg,9,rep,""
12/10/2024,🏋️‍♂️,"Bench Press · Dumbbell",,,,,,""
12/10/2024,🔹,"Bench Press · Dumbbell",1,30,kg,15,rep,""
12/10/2024,🔹,"Bench Press · Dumbbell",2,30,kg,15,rep,""
12/10/2024,🏋️‍♂️,"Incline Bench Machine ",,,,,,""
12/10/2024,🔹,"Incline Bench Machine ",1,90,lb,13,rep,""
12/10/2024,🔹,"Incline Bench Machine ",2,90,lb,10,rep,""
12/10/2024,🏋️‍♂️,"Pec Deck · Machine",,,,,,""
12/10/2024,🔹,"Pec Deck · Machine",1,80,lb,15,rep,""
12/10/2024,🔹,"Pec Deck · Machine",2,80,lb,15,rep,""
12/10/2024,🏋️‍♂️,"Tricep Dip",,,,,,""
12/10/2024,🔹,"Tricep Dip",1,0,kg,8,rep,""
12/10/2024,🔹,"Tricep Dip",2,0,kg,6,rep,""
14/10/2024,📅,,,,,,,"88 min"
14/10/2024,🏋️‍♂️,"Squat · Barbell",,,,,,""
14/10/2024,🔹,"Squat · Barbell",1,70,kg,9,rep,""
14/10/2024,🔹,"Squat · Barbell",2,70,kg,9,rep,""
14/10/2024,🔹,"Squat · Barbell",3,70,kg,10,rep,""
14/10/2024,🔹,"Squat · Barbell",4,70,kg,9,rep,""
14/10/2024,🏋️‍♂️,"Romanian Deadlift · Barbell",,,,,,""
14/10/2024,🔹,"Romanian Deadlift · Barbell",1,60,kg,12,rep,""
14/10/2024,🔹,"Romanian Deadlift · Barbell",2,60,kg,12,rep,""
14/10/2024,🔹,"Romanian Deadlift · Barbell",3,60,kg,12,rep,""
14/10/2024,🏋️‍♂️,"Hip Abduction · Machine",,,,,,""
14/10/2024,🔹,"Hip Abduction · Machine",1,110,lb,15,rep,""
14/10/2024,🔹,"Hip Abduction · Machine",2,110,lb,12,rep,""
14/10/2024,🔹,"Hip Abduction · Machine",3,110,lb,12,rep,""
14/10/2024,🏋️‍♂️🔗,"Hip Adduction · Machine",,,,,,""
14/10/2024,🔹,"Hip Adduction · Machine",1,110,lb,15,rep,""
14/10/2024,🔹,"Hip Adduction · Machine",2,110,lb,15,rep,""
14/10/2024,🔹,"Hip Adduction · Machine",3,110,lb,15,rep,""
14/10/2024,🏋️‍♂️,"Calf Press · Machine",,,,,,""
14/10/2024,🔹,"Calf Press · Machine",1,230,kg,20,rep,""
14/10/2024,🔹,"Calf Press · Machine",2,210,kg,25,rep,""
14/10/2024,🔹,"Calf Press · Machine",3,210,kg,25,rep,""
14/10/2024,🏋️‍♂️,"Single arm lat pulldown",,,,,,""
14/10/2024,🔹,"Single arm lat pulldown",1,50,kg,12,rep,""
14/10/2024,🔹,"Single arm lat pulldown",2,50,kg,12,rep,""
14/10/2024,🔹,"Single arm lat pulldown",3,50,kg,9,rep,""
14/10/2024,🏋️‍♂️,"Single Arm Bent Over Row · Dumbbell",,,,,,""
14/10/2024,🔹,"Single Arm Bent Over Row · Dumbbell",1,20,kg,12,rep,""
14/10/2024,🔹,"Single Arm Bent Over Row · Dumbbell",2,20,kg,12,rep,""
14/10/2024,🔹,"Single Arm Bent Over Row · Dumbbell",3,20,kg,12,rep,""
14/10/2024,🏋️‍♂️,"Supinating Curl · Dumbbell",,,,,,""
14/10/2024,🔹,"Supinating Curl · Dumbbell",1,8,kg,11,rep,""
14/10/2024,🔹,"Supinating Curl · Dumbbell",2,8,kg,11,rep,""
14/10/2024,🏋️‍♂️,"Concentration Curl · Dumbbell",,,,,,""
14/10/2024,🔹,"Concentration Curl · Dumbbell",1,8,kg,11,rep,""
14/10/2024,🔹,"Concentration Curl · Dumbbell",2,8,kg,9,rep,""
14/10/2024,🏋️‍♂️,"Chin Up",,,,,,""
14/10/2024,🔹,"Chin Up",1,0,kg,5,rep,""
14/10/2024,🔹,"Chin Up",2,0,kg,5,rep,""
15/10/2024,📅,,,,,,,"73 min"
15/10/2024,🏋️‍♂️,"Bench Press · Barbell",,,,,,""
15/10/2024,🔹,"Bench Press · Barbell",1,50,kg,9,rep,""
15/10/2024,🔹,"Bench Press · Barbell",2,50,kg,9,rep,""
15/10/2024,🔹,"Bench Press · Barbell",3,50,kg,9,rep,""
15/10/2024,🔹,"Bench Press · Barbell",4,50,kg,9,rep,""
15/10/2024,🔹,"Bench Press · Barbell",5,50,kg,9,rep,""
15/10/2024,🏋️‍♂️,"Incline Bench Press · Barbell",,,,,,""
15/10/2024,🔹,"Incline Bench Press · Barbell",1,40,kg,9,rep,""
15/10/2024,🔹,"Incline Bench Press · Barbell",2,40,kg,9,rep,""
15/10/2024,🔹,"Incline Bench Press · Barbell",3,40,kg,8,rep,""
15/10/2024,🏋️‍♂️,"Pec Deck · Machine",,,,,,""
15/10/2024,🔹,"Pec Deck · Machine",1,80,lb,15,rep,""
15/10/2024,🔹,"Pec Deck · Machine",2,80,lb,15,rep,""
15/10/2024,🏋️‍♂️,"Rear Delt",,,,,,""
15/10/2024,🔹,"Rear Delt",1,60,lb,14,rep,""
15/10/2024,🔹,"Rear Delt",2,60,lb,14,rep,""
15/10/2024,🏋️‍♂️,"Seated Overhead Press · Dumbbell",,,,,,""
15/10/2024,🔹,"Seated Overhead Press · Dumbbell",1,25,kg,10,rep,""
15/10/2024,🔹,"Seated Overhead Press · Dumbbell",2,25,kg,9,rep,""
15/10/2024,🔹,"Seated Overhead Press · Dumbbell",3,25,kg,8,rep,""
15/10/2024,🏋️‍♂️,"Cable Raise (Freie)",,,,,,""
15/10/2024,🔹,"Cable Raise (Freie)",1,45,kg,15,rep,""
15/10/2024,🔹,"Cable Raise (Freie)",2,45,kg,15,rep,""
15/10/2024,🏋️‍♂️,"Tricep Extension · Cable",,,,,,""
15/10/2024,🔹,"Tricep Extension · Cable",1,40,lb,16,rep,""
15/10/2024,🔹,"Tricep Extension · Cable",2,40,lb,16,rep,""
15/10/2024,🏋️‍♂️,"Cable Kickback",,,,,,""
15/10/2024,🔹,"Cable Kickback",1,10,lb,14,rep,""
15/10/2024,🔹,"Cable Kickback",2,10,lb,14,rep,""
15/10/2024,🏋️‍♂️,"Single Arm Overhead Triceps Extension · Dumbbell",,,,,,""
15/10/2024,🔹,"Single Arm Overhead Triceps Extension · Dumbbell",1,5,kg,11,rep,""
15/10/2024,🔹,"Single Arm Overhead Triceps Extension · Dumbbell",2,5,kg,12,rep,""
15/10/2024,🏋️‍♂️,"Tricep Dip",,,,,,""
15/10/2024,🔹,"Tricep Dip",1,0,kg,9,rep,""
15/10/2024,🔹,"Tricep Dip",2,0,kg,6,rep,""
18/10/2024,📅,,,,,,,"88 min"
18/10/2024,🏋️‍♂️,"VAF Ruckeninsulator",,,,,,""
18/10/2024,🔹,"VAF Ruckeninsulator",1,9.5,kg,15,rep,""
18/10/2024,🔹,"VAF Ruckeninsulator",2,9.5,kg,15,rep,""
18/10/2024,🏋️‍♂️,"Seated Row · Cable",,,,,,""
18/10/2024,🔹,"Seated Row · Cable",1,41,kg,12,rep,""
18/10/2024,🔹,"Seated Row · Cable",2,41,kg,12,rep,""
18/10/2024,🔹,"Seated Row · Cable",3,41,kg,12,rep,""
18/10/2024,🏋️‍♂️,"Lat Pull Down · Cable",,,,,,""
18/10/2024,🔹,"Lat Pull Down · Cable",1,41,kg,13,rep,""
18/10/2024,🔹,"Lat Pull Down · Cable",2,41,kg,13,rep,""
18/10/2024,🔹,"Lat Pull Down · Cable",3,41,kg,13,rep,""
18/10/2024,🔹,"Lat Pull Down · Cable",4,41,kg,13,rep,""
18/10/2024,🏋️‍♂️,"Preacher Curl · Barbell",,,,,,""
18/10/2024,🔹,"Preacher Curl · Barbell",1,19,kg,15,rep,""
18/10/2024,🔹,"Preacher Curl · Barbell",2,19,kg,15,rep,""
18/10/2024,🔹,"Preacher Curl · Barbell",3,19,kg,10,rep,""
18/10/2024,🏋️‍♂️,"Hammer Curl · Dumbbell",,,,,,""
18/10/2024,🔹,"Hammer Curl · Dumbbell",1,8,kg,10,rep,""
18/10/2024,🔹,"Hammer Curl · Dumbbell",2,8,kg,10,rep,""
18/10/2024,🏋️‍♂️,"Calf Press · Machine",,,,,,""
18/10/2024,🔹,"Calf Press · Machine",1,210,kg,20,rep,""
18/10/2024,🔹,"Calf Press · Machine",2,210,kg,20,rep,""
18/10/2024,🔹,"Calf Press · Machine",3,210,kg,20,rep,""
18/10/2024,🏋️‍♂️,"Cybex Hack Squat",,,,,,""
18/10/2024,🔹,"Cybex Hack Squat",1,11,kg,12,rep,""
18/10/2024,🔹,"Cybex Hack Squat",2,11,kg,12,rep,""
18/10/2024,🏋️‍♂️,"Leg Extension · Machine",,,,,,""
18/10/2024,🔹,"Leg Extension · Machine",1,100,lb,15,rep,""
18/10/2024,🔹,"Leg Extension · Machine",2,100,lb,15,rep,""
18/10/2024,🔹,"Leg Extension · Machine",3,100,lb,15,rep,""
18/10/2024,🏋️‍♂️🔗,"Leg Curl · Machine",,,,,,""
18/10/2024,🔹,"Leg Curl · Machine",1,100,lb,12,rep,""
18/10/2024,🔹,"Leg Curl · Machine",2,100,lb,12,rep,""
18/10/2024,🔹,"Leg Curl · Machine",3,100,lb,12,rep,""
19/10/2024,📅,,,,,,,"96 min"
19/10/2024,🏋️‍♂️,"Tricep Extension · Cable",,,,,,""
19/10/2024,🔹,"Tricep Extension · Cable",1,43,lb,15,rep,""
19/10/2024,🔹,"Tricep Extension · Cable",2,43,lb,15,rep,""
19/10/2024,🔹,"Tricep Extension · Cable",3,43,lb,15,rep,""
19/10/2024,🔹,"Tricep Extension · Cable",4,43,lb,15,rep,""
19/10/2024,🏋️‍♂️,"Skull crusher",,,,,,""
19/10/2024,🔹,"Skull crusher",1,19,kg,9,rep,""
19/10/2024,🔹,"Skull crusher",2,19,kg,9,rep,""
19/10/2024,🔹,"Skull crusher",3,19,kg,7,rep,""
19/10/2024,🏋️‍♂️,"Seated Overhead Press · Dumbbell",,,,,,""
19/10/2024,🔹,"Seated Overhead Press · Dumbbell",1,25,kg,15,rep,""
19/10/2024,🔹,"Seated Overhead Press · Dumbbell",2,25,kg,14,rep,""
19/10/2024,🔹,"Seated Overhead Press · Dumbbell",3,25,kg,12,rep,""
19/10/2024,🏋️‍♂️,"Lateral Raise · Dumbbell",,,,,,""
19/10/2024,🔹,"Lateral Raise · Dumbbell",1,8,kg,10,rep,""
19/10/2024,🔹,"Lateral Raise · Dumbbell",2,8,kg,10,rep,""
19/10/2024,🔹,"Lateral Raise · Dumbbell",3,8,kg,10,rep,""
19/10/2024,🏋️‍♂️,"Rear Delt",,,,,,""
19/10/2024,🔹,"Rear Delt",1,60,lb,13,rep,""
19/10/2024,🔹,"Rear Delt",2,60,lb,13,rep,""
19/10/2024,🔹,"Rear Delt",3,60,lb,13,rep,""
19/10/2024,🏋️‍♂️,"Around bar Shrugs",,,,,,""
19/10/2024,🔹,"Around bar Shrugs",1,60,kg,15,rep,""
19/10/2024,🔹,"Around bar Shrugs",2,60,kg,15,rep,""
19/10/2024,🔹,"Around bar Shrugs",3,60,kg,15,rep,""
19/10/2024,🏋️‍♂️,"Bench Press · Dumbbell",,,,,,""
19/10/2024,🔹,"Bench Press · Dumbbell",1,35,kg,12,rep,""
19/10/2024,🔹,"Bench Press · Dumbbell",2,35,kg,11,rep,""
19/10/2024,🏋️‍♂️,"Incline Bench Machine ",,,,,,""
19/10/2024,🔹,"Incline Bench Machine ",1,90,lb,13,rep,""
19/10/2024,🔹,"Incline Bench Machine ",2,90,lb,13,rep,""
19/10/2024,🏋️‍♂️,"Pec Deck · Machine",,,,,,""
19/10/2024,🔹,"Pec Deck · Machine",1,90,lb,12,rep,""
19/10/2024,🔹,"Pec Deck · Machine",2,90,lb,12,rep,""
19/10/2024,🏋️‍♂️,"Tricep Dip",,,,,,""
19/10/2024,🔹,"Tricep Dip",1,0,kg,8,rep,""
19/10/2024,🔹,"Tricep Dip",2,0,kg,8,rep,""
21/10/2024,📅,,,,,,,"125 min"
21/10/2024,🏋️‍♂️,"Squat · Barbell",,,,,,""
21/10/2024,🔹,"Squat · Barbell",1,70,kg,10,rep,""
21/10/2024,🔹,"Squat · Barbell",2,70,kg,10,rep,""
21/10/2024,🔹,"Squat · Barbell",3,70,kg,10,rep,""
21/10/2024,🔹,"Squat · Barbell",4,70,kg,10,rep,""
21/10/2024,🏋️‍♂️,"Trapbar RDL",,,,,,""
21/10/2024,🔹,"Trapbar RDL",1,40,kg,12,rep,""
21/10/2024,🔹,"Trapbar RDL",2,40,kg,12,rep,""
21/10/2024,🔹,"Trapbar RDL",3,40,kg,15,rep,""
21/10/2024,🏋️‍♂️,"Hip Abduction · Machine",,,,,,""
21/10/2024,🔹,"Hip Abduction · Machine",1,110,lb,12,rep,""
21/10/2024,🔹,"Hip Abduction · Machine",2,110,lb,12,rep,""
21/10/2024,🔹,"Hip Abduction · Machine",3,110,lb,12,rep,""
21/10/2024,🏋️‍♂️🔗,"Hip Adduction · Machine",,,,,,""
21/10/2024,🔹,"Hip Adduction · Machine",1,110,lb,15,rep,""
21/10/2024,🔹,"Hip Adduction · Machine",2,110,lb,15,rep,""
21/10/2024,🔹,"Hip Adduction · Machine",3,110,lb,15,rep,""
21/10/2024,🏋️‍♂️,"Calf Press · Machine",,,,,,""
21/10/2024,🔹,"Calf Press · Machine",1,230,kg,25,rep,""
21/10/2024,🔹,"Calf Press · Machine",2,230,kg,20,rep,""
21/10/2024,🔹,"Calf Press · Machine",3,230,kg,20,rep,""
21/10/2024,🏋️‍♂️,"Single arm lat pulldown",,,,,,""
21/10/2024,🔹,"Single arm lat pulldown",1,50,kg,12,rep,""
21/10/2024,🔹,"Single arm lat pulldown",2,50,kg,12,rep,""
21/10/2024,🔹,"Single arm lat pulldown",3,50,kg,12,rep,""
21/10/2024,🏋️‍♂️,"Single arm seated cable row",,,,,,""
21/10/2024,🔹,"Single arm seated cable row",1,27,kg,12,rep,""
21/10/2024,🔹,"Single arm seated cable row",2,34,kg,12,rep,""
21/10/2024,🔹,"Single arm seated cable row",3,34,kg,12,rep,""
21/10/2024,🏋️‍♂️,"Supinating Curl · Dumbbell",,,,,,""
21/10/2024,🔹,"Supinating Curl · Dumbbell",1,8,kg,12,rep,""
21/10/2024,🔹,"Supinating Curl · Dumbbell",2,8,kg,12,rep,""
21/10/2024,🏋️‍♂️,"Concentration Curl · Dumbbell",,,,,,""
21/10/2024,🔹,"Concentration Curl · Dumbbell",1,8,kg,8,rep,""
21/10/2024,🔹,"Concentration Curl · Dumbbell",2,8,kg,10,rep,""
21/10/2024,🏋️‍♂️,"Chin Up",,,,,,""
21/10/2024,🔹,"Chin Up",1,0,kg,8,rep,""
21/10/2024,🔹,"Chin Up",2,0,kg,8,rep,""
22/10/2024,📅,,,,,,,"78 min"
22/10/2024,🏋️‍♂️,"Bench Press · Barbell",,,,,,""
22/10/2024,🔹,"Bench Press · Barbell",1,50,kg,10,rep,""
22/10/2024,🔹,"Bench Press · Barbell",2,50,kg,10,rep,""
22/10/2024,🔹,"Bench Press · Barbell",3,50,kg,10,rep,""
22/10/2024,🔹,"Bench Press · Barbell",4,50,kg,10,rep,""
22/10/2024,🔹,"Bench Press · Barbell",5,50,kg,10,rep,""
22/10/2024,🏋️‍♂️,"Incline Bench Press · Barbell",,,,,,""
22/10/2024,🔹,"Incline Bench Press · Barbell",1,40,kg,10,rep,""
22/10/2024,🔹,"Incline Bench Press · Barbell",2,40,kg,10,rep,""
22/10/2024,🔹,"Incline Bench Press · Barbell",3,40,kg,10,rep,""
22/10/2024,🏋️‍♂️,"Pec Deck · Machine",,,,,,""
22/10/2024,🔹,"Pec Deck · Machine",1,90,lb,12,rep,""
22/10/2024,🔹,"Pec Deck · Machine",2,90,lb,10,rep,""
22/10/2024,🏋️‍♂️,"Rear Delt",,,,,,""
22/10/2024,🔹,"Rear Delt",1,70,lb,10,rep,""
22/10/2024,🔹,"Rear Delt",2,70,lb,10,rep,""
22/10/2024,🏋️‍♂️,"Seated Overhead Press · Dumbbell",,,,,,""
22/10/2024,🔹,"Seated Overhead Press · Dumbbell",1,25,kg,10,rep,""
22/10/2024,🔹,"Seated Overhead Press · Dumbbell",2,25,kg,10,rep,""
22/10/2024,🔹,"Seated Overhead Press · Dumbbell",3,25,kg,10,rep,""
22/10/2024,🏋️‍♂️,"Cable Raise (Freie)",,,,,,""
22/10/2024,🔹,"Cable Raise (Freie)",1,50,kg,10,rep,""
22/10/2024,🔹,"Cable Raise (Freie)",2,50,kg,12,rep,""
22/10/2024,🏋️‍♂️,"Single Arm Overhead Triceps Extension · Dumbbell",,,,,,""
22/10/2024,🔹,"Single Arm Overhead Triceps Extension · Dumbbell",1,5,kg,15,rep,""
22/10/2024,🔹,"Single Arm Overhead Triceps Extension · Dumbbell",2,6,kg,12,rep,""
22/10/2024,🏋️‍♂️,"Cable Kickback",,,,,,""
22/10/2024,🔹,"Cable Kickback",1,10,lb,15,rep,""
22/10/2024,🔹,"Cable Kickback",2,10,lb,15,rep,""
22/10/2024,🏋️‍♂️,"Tricep Extension · Cable",,,,,,""
22/10/2024,🔹,"Tricep Extension · Cable",1,43,lb,16,rep,""
22/10/2024,🔹,"Tricep Extension · Cable",2,43,lb,16,rep,""
22/10/2024,🏋️‍♂️,"Tricep Dip",,,,,,""
22/10/2024,🔹,"Tricep Dip",1,0,kg,9,rep,""
22/10/2024,🔹,"Tricep Dip",2,0,kg,6,rep,""
24/10/2024,📅,,,,,,,"17 min | Upper"
24/10/2024,🏋️‍♂️,"VAF Ruckeninsulator",,,,,,""
24/10/2024,🔹,"VAF Ruckeninsulator",1,10,kg,12,rep,""
24/10/2024,🔹,"VAF Ruckeninsulator",2,10,kg,12,rep,""
24/10/2024,🏋️‍♂️,"Lat Pull Down · Cable",,,,,,""
24/10/2024,🔹,"Lat Pull Down · Cable",1,41,kg,15,rep,""
24/10/2024,🔹,"Lat Pull Down · Cable",2,41,kg,15,rep,""
24/10/2024,🔹,"Lat Pull Down · Cable",3,41,kg,15,rep,""
24/10/2024,🔹,"Lat Pull Down · Cable",4,41,kg,15,rep,""
24/10/2024,🏋️‍♂️,"Seated Row · Cable",,,,,,""
24/10/2024,🔹,"Seated Row · Cable",1,41,kg,12,rep,""
24/10/2024,🔹,"Seated Row · Cable",2,41,kg,12,rep,""
24/10/2024,🔹,"Seated Row · Cable",3,41,kg,12,rep,""
24/10/2024,🏋️‍♂️,"Preacher Curl · Barbell",,,,,,""
24/10/2024,🔹,"Preacher Curl · Barbell",1,19,kg,15,rep,""
24/10/2024,🔹,"Preacher Curl · Barbell",2,19,kg,15,rep,""
24/10/2024,🔹,"Preacher Curl · Barbell",3,19,kg,10,rep,""
24/10/2024,🏋️‍♂️,"Hammer Curl · Dumbbell",,,,,,""
24/10/2024,🔹,"Hammer Curl · Dumbbell",1,8,kg,10,rep,""
24/10/2024,🔹,"Hammer Curl · Dumbbell",2,8,kg,10,rep,""
24/10/2024,🏋️‍♂️,"Calf Press · Machine",,,,,,""
24/10/2024,🔹,"Calf Press · Machine",1,230,kg,20,rep,""
24/10/2024,🔹,"Calf Press · Machine",2,230,kg,20,rep,""
24/10/2024,🔹,"Calf Press · Machine",3,230,kg,20,rep,""
24/10/2024,🏋️‍♂️,"Cybex Hack Squat",,,,,,""
24/10/2024,🔹,"Cybex Hack Squat",1,11,kg,12,rep,""
24/10/2024,🔹,"Cybex Hack Squat",2,11,kg,12,rep,""
24/10/2024,🏋️‍♂️,"Leg Extension · Machine",,,,,,""
24/10/2024,🔹,"Leg Extension · Machine",1,100,lb,15,rep,""
24/10/2024,🔹,"Leg Extension · Machine",2,100,lb,15,rep,""
24/10/2024,🔹,"Leg Extension · Machine",3,100,lb,15,rep,""
24/10/2024,🏋️‍♂️🔗,"Leg Curl · Machine",,,,,,""
24/10/2024,🔹,"Leg Curl · Machine",1,100,lb,12,rep,""
24/10/2024,🔹,"Leg Curl · Machine",2,100,lb,12,rep,""
24/10/2024,🔹,"Leg Curl · Machine",3,100,lb,12,rep,""
25/10/2024,📅,,,,,,,"83 min"
25/10/2024,🏋️‍♂️,"Seated Overhead Press · Dumbbell",,,,,,""
25/10/2024,🔹,"Seated Overhead Press · Dumbbell",1,25,kg,15,rep,""
25/10/2024,🔹,"Seated Overhead Press · Dumbbell",2,25,kg,15,rep,""
25/10/2024,🔹,"Seated Overhead Press · Dumbbell",3,25,kg,15,rep,""
25/10/2024,🏋️‍♂️,"Lateral Raise · Dumbbell",,,,,,""
25/10/2024,🔹,"Lateral Raise · Dumbbell",1,8,kg,12,rep,""
25/10/2024,🔹,"Lateral Raise · Dumbbell",2,8,kg,12,rep,""
25/10/2024,🔹,"Lateral Raise · Dumbbell",3,8,kg,12,rep,""
25/10/2024,🏋️‍♂️,"Rear Delt",,,,,,""
25/10/2024,🔹,"Rear Delt",1,70,lb,12,rep,""
25/10/2024,🔹,"Rear Delt",2,70,lb,12,rep,""
25/10/2024,🔹,"Rear Delt",3,70,lb,12,rep,""
25/10/2024,🏋️‍♂️,"Around bar Shrugs",,,,,,""
25/10/2024,🔹,"Around bar Shrugs",1,60,kg,18,rep,""
25/10/2024,🔹,"Around bar Shrugs",2,60,kg,18,rep,""
25/10/2024,🏋️‍♂️,"Tricep Extension · Cable",,,,,,""
25/10/2024,🔹,"Tricep Extension · Cable",1,43,lb,16,rep,""
25/10/2024,🔹,"Tricep Extension · Cable",2,43,lb,16,rep,""
25/10/2024,🔹,"Tricep Extension · Cable",3,43,lb,16,rep,""
25/10/2024,🔹,"Tricep Extension · Cable",4,43,lb,16,rep,""
25/10/2024,🏋️‍♂️,"Skull crusher",,,,,,""
25/10/2024,🔹,"Skull crusher",1,19,kg,8,rep,""
25/10/2024,🔹,"Skull crusher",2,19,kg,8,rep,""
25/10/2024,🔹,"Skull crusher",3,19,kg,9,rep,""
25/10/2024,🏋️‍♂️,"Bench Press · Dumbbell",,,,,,""
25/10/2024,🔹,"Bench Press · Dumbbell",1,35,kg,15,rep,""
25/10/2024,🔹,"Bench Press · Dumbbell",2,35,kg,12,rep,""
25/10/2024,🏋️‍♂️,"Incline Bench Machine ",,,,,,""
25/10/2024,🔹,"Incline Bench Machine ",1,90,lb,14,rep,""
25/10/2024,🔹,"Incline Bench Machine ",2,90,lb,10,rep,""
25/10/2024,🏋️‍♂️,"Pec Deck · Machine",,,,,,""
25/10/2024,🔹,"Pec Deck · Machine",1,90,lb,13,rep,""
25/10/2024,🔹,"Pec Deck · Machine",2,90,lb,12,rep,""
25/10/2024,🏋️‍♂️,"Tricep Dip",,,,,,""
25/10/2024,🔹,"Tricep Dip",1,0,kg,8,rep,""
25/10/2024,🔹,"Tricep Dip",2,0,kg,8,rep,""
28/10/2024,📅,,,,,,,"96 min"
28/10/2024,🏋️‍♂️,"Squat · Barbell",,,,,,""
28/10/2024,🔹,"Squat · Barbell",1,80,kg,6,rep,""
28/10/2024,🔹,"Squat · Barbell",2,80,kg,6,rep,""
28/10/2024,🔹,"Squat · Barbell",3,80,kg,6,rep,""
28/10/2024,🔹,"Squat · Barbell",4,80,kg,6,rep,""
28/10/2024,🏋️‍♂️,"Trapbar RDL",,,,,,""
28/10/2024,🔹,"Trapbar RDL",1,40,kg,15,rep,""
28/10/2024,🔹,"Trapbar RDL",2,40,kg,15,rep,""
28/10/2024,🔹,"Trapbar RDL",3,40,kg,15,rep,""
28/10/2024,🏋️‍♂️,"Hip Abduction · Machine",,,,,,""
28/10/2024,🔹,"Hip Abduction · Machine",1,110,lb,13,rep,""
28/10/2024,🔹,"Hip Abduction · Machine",2,110,lb,12,rep,""
28/10/2024,🔹,"Hip Abduction · Machine",3,110,lb,12,rep,""
28/10/2024,🏋️‍♂️🔗,"Hip Adduction · Machine",,,,,,""
28/10/2024,🔹,"Hip Adduction · Machine",1,110,lb,15,rep,""
28/10/2024,🔹,"Hip Adduction · Machine",2,110,lb,15,rep,""
28/10/2024,🔹,"Hip Adduction · Machine",3,110,lb,15,rep,""
28/10/2024,🏋️‍♂️,"Calf Press · Machine",,,,,,""
28/10/2024,🔹,"Calf Press · Machine",1,230,kg,25,rep,""
28/10/2024,🔹,"Calf Press · Machine",2,230,kg,20,rep,""
28/10/2024,🔹,"Calf Press · Machine",3,230,kg,20,rep,""
28/10/2024,🏋️‍♂️,"Single arm lat pulldown",,,,,,""
28/10/2024,🔹,"Single arm lat pulldown",1,50,kg,12,rep,""
28/10/2024,🔹,"Single arm lat pulldown",2,50,kg,12,rep,""
28/10/2024,🔹,"Single arm lat pulldown",3,50,kg,12,rep,""
28/10/2024,🏋️‍♂️,"Single arm seated cable row",,,,,,""
28/10/2024,🔹,"Single arm seated cable row",1,34,kg,12,rep,""
28/10/2024,🔹,"Single arm seated cable row",2,34,kg,12,rep,""
28/10/2024,🔹,"Single arm seated cable row",3,34,kg,15,rep,""
28/10/2024,🏋️‍♂️,"Supinating Curl · Dumbbell",,,,,,""
28/10/2024,🔹,"Supinating Curl · Dumbbell",1,8,kg,14,rep,""
28/10/2024,🔹,"Supinating Curl · Dumbbell",2,8,kg,12,rep,""
28/10/2024,🏋️‍♂️,"Concentration Curl · Dumbbell",,,,,,""
28/10/2024,🔹,"Concentration Curl · Dumbbell",1,8,kg,10,rep,""
28/10/2024,🔹,"Concentration Curl · Dumbbell",2,8,kg,10,rep,""
28/10/2024,🏋️‍♂️,"Pull Up",,,,,,""
28/10/2024,🔹,"Pull Up",1,0,kg,6,rep,""
28/10/2024,🔹,"Pull Up",2,0,kg,8,rep,""
29/10/2024,📅,,,,,,,"93 min"
29/10/2024,🏋️‍♂️,"Bench Press · Barbell",,,,,,""
29/10/2024,🔹,"Bench Press · Barbell",1,50,kg,11,rep,""
29/10/2024,🔹,"Bench Press · Barbell",2,50,kg,11,rep,""
29/10/2024,🔹,"Bench Press · Barbell",3,50,kg,10,rep,""
29/10/2024,🔹,"Bench Press · Barbell",4,50,kg,8,rep,""
29/10/2024,🔹,"Bench Press · Barbell",5,50,kg,7,rep,""
29/10/2024,🏋️‍♂️,"Incline Bench Press · Barbell",,,,,,""
29/10/2024,🔹,"Incline Bench Press · Barbell",1,40,kg,8,rep,""
29/10/2024,🔹,"Incline Bench Press · Barbell",2,40,kg,9,rep,""
29/10/2024,🔹,"Incline Bench Press · Barbell",3,40,kg,8,rep,""
29/10/2024,🏋️‍♂️,"Pec Deck · Machine",,,,,,""
29/10/2024,🔹,"Pec Deck · Machine",1,90,lb,12,rep,""
29/10/2024,🔹,"Pec Deck · Machine",2,90,lb,12,rep,""
29/10/2024,🏋️‍♂️,"Rear Delt",,,,,,""
29/10/2024,🔹,"Rear Delt",1,70,lb,12,rep,""
29/10/2024,🔹,"Rear Delt",2,70,lb,12,rep,""
29/10/2024,🏋️‍♂️,"Seated Overhead Press · Dumbbell",,,,,,""
29/10/2024,🔹,"Seated Overhead Press · Dumbbell",1,25,kg,12,rep,""
29/10/2024,🔹,"Seated Overhead Press · Dumbbell",2,25,kg,12,rep,""
29/10/2024,🔹,"Seated Overhead Press · Dumbbell",3,25,kg,12,rep,""
29/10/2024,🏋️‍♂️,"Cable Raise (Freie)",,,,,,""
29/10/2024,🔹,"Cable Raise (Freie)",1,50,kg,13,rep,""
29/10/2024,🔹,"Cable Raise (Freie)",2,50,kg,13,rep,""
29/10/2024,🏋️‍♂️,"Single Arm Overhead Triceps Extension · Dumbbell",,,,,,""
29/10/2024,🔹,"Single Arm Overhead Triceps Extension · Dumbbell",1,6,kg,10,rep,""
29/10/2024,🔹,"Single Arm Overhead Triceps Extension · Dumbbell",2,6,kg,10,rep,""
29/10/2024,🏋️‍♂️,"Cable Kickback",,,,,,""
29/10/2024,🔹,"Cable Kickback",1,15,lb,9,rep,""
29/10/2024,🔹,"Cable Kickback",2,15,lb,7,rep,""
29/10/2024,🏋️‍♂️,"Tricep Extension · Cable",,,,,,""
29/10/2024,🔹,"Tricep Extension · Cable",1,47.5,lb,12,rep,""
29/10/2024,🔹,"Tricep Extension · Cable",2,47.5,lb,12,rep,""
30/10/2024,📅,,,,,,,"83 min"
30/10/2024,🏋️‍♂️,"VAF Ruckeninsulator",,,,,,""
30/10/2024,🔹,"VAF Ruckeninsulator",1,10,kg,13,rep,""
30/10/2024,🔹,"VAF Ruckeninsulator",2,10,kg,13,rep,""
30/10/2024,🏋️‍♂️,"Lat Pull Down · Cable",,,,,,""
30/10/2024,🔹,"Lat Pull Down · Cable",1,47.5,kg,10,rep,""
30/10/2024,🔹,"Lat Pull Down · Cable",2,45,kg,12,rep,""
30/10/2024,🔹,"Lat Pull Down · Cable",3,45,kg,12,rep,""
30/10/2024,🔹,"Lat Pull Down · Cable",4,45,kg,12,rep,""
30/10/2024,🏋️‍♂️,"Seated Row · Cable",,,,,,""
30/10/2024,🔹,"Seated Row · Cable",1,41,kg,14,rep,""
30/10/2024,🔹,"Seated Row · Cable",2,41,kg,14,rep,""
30/10/2024,🔹,"Seated Row · Cable",3,41,kg,14,rep,""
30/10/2024,🏋️‍♂️,"Good morning machine",,,,,,""
30/10/2024,🔹,"Good morning machine",1,130,kg,10,rep,""
30/10/2024,🔹,"Good morning machine",2,130,kg,15,rep,""
30/10/2024,🏋️‍♂️,"Preacher Curl · Barbell",,,,,,""
30/10/2024,🔹,"Preacher Curl · Barbell",1,19,kg,15,rep,""
30/10/2024,🔹,"Preacher Curl · Barbell",2,19,kg,15,rep,""
30/10/2024,🔹,"Preacher Curl · Barbell",3,19,kg,15,rep,""
30/10/2024,🏋️‍♂️,"Hammer Curl · Dumbbell",,,,,,""
30/10/2024,🔹,"Hammer Curl · Dumbbell",1,8,kg,10,rep,""
30/10/2024,🔹,"Hammer Curl · Dumbbell",2,8,kg,10,rep,""
30/10/2024,🏋️‍♂️,"Calf Press · Machine",,,,,,""
30/10/2024,🔹,"Calf Press · Machine",1,230,kg,25,rep,""
30/10/2024,🔹,"Calf Press · Machine",2,230,kg,21,rep,""
30/10/2024,🔹,"Calf Press · Machine",3,230,kg,20,rep,""
30/10/2024,🏋️‍♂️,"Cybex Hack Squat",,,,,,""
30/10/2024,🔹,"Cybex Hack Squat",1,11,kg,14,rep,""
30/10/2024,🔹,"Cybex Hack Squat",2,11,kg,15,rep,""
30/10/2024,🏋️‍♂️,"Leg Extension · Machine",,,,,,""
30/10/2024,🔹,"Leg Extension · Machine",1,100,lb,15,rep,""
30/10/2024,🔹,"Leg Extension · Machine",2,100,lb,15,rep,""
30/10/2024,🏋️‍♂️🔗,"Leg Curl · Machine",,,,,,""
30/10/2024,🔹,"Leg Curl · Machine",1,100,lb,13,rep,""
30/10/2024,🔹,"Leg Curl · Machine",2,100,lb,14,rep,""
01/11/2024,📅,,,,,,,"103 min"
01/11/2024,🏋️‍♂️,"Tricep Extension · Cable",,,,,,""
01/11/2024,🔹,"Tricep Extension · Cable",1,47.5,lb,12,rep,""
01/11/2024,🔹,"Tricep Extension · Cable",2,47.5,lb,12,rep,""
01/11/2024,🔹,"Tricep Extension · Cable",3,47.5,lb,12,rep,""
01/11/2024,🔹,"Tricep Extension · Cable",4,47.5,lb,12,rep,""
01/11/2024,🏋️‍♂️,"Skull crusher",,,,,,""
01/11/2024,🔹,"Skull crusher",1,19,kg,9,rep,""
01/11/2024,🔹,"Skull crusher",2,19,kg,10,rep,""
01/11/2024,🔹,"Skull crusher",3,19,kg,10,rep,""
01/11/2024,🏋️‍♂️,"Seated Overhead Press · Dumbbell",,,,,,""
01/11/2024,🔹,"Seated Overhead Press · Dumbbell",1,30,kg,9,rep,""
01/11/2024,🔹,"Seated Overhead Press · Dumbbell",2,30,kg,10,rep,""
01/11/2024,🔹,"Seated Overhead Press · Dumbbell",3,30,kg,10,rep,""
01/11/2024,🏋️‍♂️,"Lateral Raise · Dumbbell",,,,,,""
01/11/2024,🔹,"Lateral Raise · Dumbbell",1,8,kg,13,rep,""
01/11/2024,🔹,"Lateral Raise · Dumbbell",2,8,kg,13,rep,""
01/11/2024,🔹,"Lateral Raise · Dumbbell",3,8,kg,13,rep,""
01/11/2024,🏋️‍♂️,"Rear Delt",,,,,,""
01/11/2024,🔹,"Rear Delt",1,70,lb,10,rep,""
01/11/2024,🔹,"Rear Delt",2,70,lb,10,rep,""
01/11/2024,🏋️‍♂️,"Around bar Shrugs",,,,,,""
01/11/2024,🔹,"Around bar Shrugs",1,60,kg,20,rep,""
01/11/2024,🔹,"Around bar Shrugs",2,60,kg,18,rep,""
01/11/2024,🏋️‍♂️,"Bench Press · Dumbbell",,,,,,""
01/11/2024,🔹,"Bench Press · Dumbbell",1,35,kg,15,rep,""
01/11/2024,🔹,"Bench Press · Dumbbell",2,35,kg,15,rep,""
01/11/2024,🏋️‍♂️,"Incline Bench Machine ",,,,,,""
01/11/2024,🔹,"Incline Bench Machine ",1,90,lb,11,rep,""
01/11/2024,🔹,"Incline Bench Machine ",2,90,lb,9,rep,""
01/11/2024,🏋️‍♂️,"Pec Deck · Machine",,,,,,""
01/11/2024,🔹,"Pec Deck · Machine",1,90,lb,15,rep,""
01/11/2024,🔹,"Pec Deck · Machine",2,90,lb,12,rep,""
04/11/2024,📅,,,,,,,"106 min"
04/11/2024,🏋️‍♂️,"Squat · Barbell",,,,,,""
04/11/2024,🔹,"Squat · Barbell",1,60,kg,10,rep,""
04/11/2024,🔹,"Squat · Barbell",2,80,kg,6,rep,""
04/11/2024,🔹,"Squat · Barbell",3,80,kg,7,rep,""
04/11/2024,🔹,"Squat · Barbell",4,80,kg,7,rep,""
04/11/2024,🏋️‍♂️,"Trapbar RDL",,,,,,""
04/11/2024,🔹,"Trapbar RDL",1,40,kg,15,rep,""
04/11/2024,🔹,"Trapbar RDL",2,60,kg,12,rep,""
04/11/2024,🔹,"Trapbar RDL",3,60,kg,12,rep,""
04/11/2024,🏋️‍♂️,"Hip Abduction · Machine",,,,,,""
04/11/2024,🔹,"Hip Abduction · Machine",1,110,lb,13,rep,""
04/11/2024,🔹,"Hip Abduction · Machine",2,110,lb,13,rep,""
04/11/2024,🏋️‍♂️🔗,"Hip Adduction · Machine",,,,,,""
04/11/2024,🔹,"Hip Adduction · Machine",1,110,lb,15,rep,""
04/11/2024,🔹,"Hip Adduction · Machine",2,110,lb,15,rep,""
04/11/2024,🏋️‍♂️,"Calf Press · Machine",,,,,,""
04/11/2024,🔹,"Calf Press · Machine",1,230,kg,25,rep,""
04/11/2024,🔹,"Calf Press · Machine",2,230,kg,20,rep,""
04/11/2024,🔹,"Calf Press · Machine",3,230,kg,20,rep,""
04/11/2024,🏋️‍♂️,"Single arm lat pulldown",,,,,,""
04/11/2024,🔹,"Single arm lat pulldown",1,50,kg,15,rep,""
04/11/2024,🔹,"Single arm lat pulldown",2,50,kg,15,rep,""
04/11/2024,🔹,"Single arm lat pulldown",3,50,kg,12,rep,""
04/11/2024,🏋️‍♂️,"Single arm seated cable row",,,,,,""
04/11/2024,🔹,"Single arm seated cable row",1,34,kg,12,rep,""
04/11/2024,🔹,"Single arm seated cable row",2,34,kg,15,rep,""
04/11/2024,🔹,"Single arm seated cable row",3,34,kg,15,rep,""
04/11/2024,🏋️‍♂️,"Supinating Curl · Dumbbell",,,,,,""
04/11/2024,🔹,"Supinating Curl · Dumbbell",1,8,kg,15,rep,""
04/11/2024,🔹,"Supinating Curl · Dumbbell",2,8,kg,12,rep,""
04/11/2024,🏋️‍♂️,"Concentration Curl · Dumbbell",,,,,,""
04/11/2024,🔹,"Concentration Curl · Dumbbell",1,8,kg,11,rep,""
04/11/2024,🔹,"Concentration Curl · Dumbbell",2,8,kg,11,rep,""
04/11/2024,🏋️‍♂️,"Tricep Dip",,,,,,""
04/11/2024,🔹,"Tricep Dip",1,0,kg,10,rep,""
04/11/2024,🔹,"Tricep Dip",2,0,kg,10,rep,""
05/11/2024,📅,,,,,,,"90 min"
05/11/2024,🏋️‍♂️,"Bench Press · Barbell",,,,,,""
05/11/2024,🔹,"Bench Press · Barbell",1,50,kg,10,rep,""
05/11/2024,🔹,"Bench Press · Barbell",2,50,kg,9,rep,""
05/11/2024,🔹,"Bench Press · Barbell",3,50,kg,9,rep,""
05/11/2024,🔹,"Bench Press · Barbell",4,50,kg,8,rep,""
05/11/2024,🔹,"Bench Press · Barbell",5,50,kg,8,rep,""
05/11/2024,🏋️‍♂️,"Incline Bench Press · Barbell",,,,,,""
05/11/2024,🔹,"Incline Bench Press · Barbell",1,40,kg,10,rep,""
05/11/2024,🔹,"Incline Bench Press · Barbell",2,40,kg,8,rep,""
05/11/2024,🔹,"Incline Bench Press · Barbell",3,40,kg,9,rep,""
05/11/2024,🏋️‍♂️,"Pec Deck · Machine",,,,,,""
05/11/2024,🔹,"Pec Deck · Machine",1,100,lb,10,rep,""
05/11/2024,🔹,"Pec Deck · Machine",2,100,lb,10,rep,""
05/11/2024,🏋️‍♂️,"Rear Delt",,,,,,""
05/11/2024,🔹,"Rear Delt",1,70,lb,13,rep,""
05/11/2024,🔹,"Rear Delt",2,70,lb,13,rep,""
05/11/2024,🏋️‍♂️,"Seated Overhead Press · Dumbbell",,,,,,""
05/11/2024,🔹,"Seated Overhead Press · Dumbbell",1,30,kg,9,rep,""
05/11/2024,🔹,"Seated Overhead Press · Dumbbell",2,30,kg,9,rep,""
05/11/2024,🔹,"Seated Overhead Press · Dumbbell",3,30,kg,9,rep,""
05/11/2024,🏋️‍♂️,"Cable Raise (Freie)",,,,,,""
05/11/2024,🔹,"Cable Raise (Freie)",1,50,kg,13,rep,""
05/11/2024,🔹,"Cable Raise (Freie)",2,50,kg,13,rep,""
05/11/2024,🏋️‍♂️,"Single Arm Overhead Triceps Extension · Dumbbell",,,,,,""
05/11/2024,🔹,"Single Arm Overhead Triceps Extension · Dumbbell",1,6,kg,12,rep,""
05/11/2024,🔹,"Single Arm Overhead Triceps Extension · Dumbbell",2,6,kg,12,rep,""
05/11/2024,🏋️‍♂️,"Cable Kickback",,,,,,""
05/11/2024,🔹,"Cable Kickback",1,10,lb,15,rep,""
05/11/2024,🔹,"Cable Kickback",2,10,lb,15,rep,""
05/11/2024,🏋️‍♂️,"Tricep Extension · Cable",,,,,,""
05/11/2024,🔹,"Tricep Extension · Cable",1,47.5,lb,12,rep,""
05/11/2024,🔹,"Tricep Extension · Cable",2,47.5,lb,12,rep,""
05/11/2024,🏋️‍♂️,"Pull Up",,,,,,""
05/11/2024,🔹,"Pull Up",1,0,kg,7,rep,""
05/11/2024,🔹,"Pull Up",2,0,kg,8,rep,""
07/11/2024,📅,,,,,,,"84 min"
07/11/2024,🏋️‍♂️,"VAF Ruckeninsulator",,,,,,""
07/11/2024,🔹,"VAF Ruckeninsulator",1,10,kg,15,rep,""
07/11/2024,🔹,"VAF Ruckeninsulator",2,10,kg,15,rep,""
07/11/2024,🏋️‍♂️,"Lat Pull Down · Cable",,,,,,""
07/11/2024,🔹,"Lat Pull Down · Cable",1,45,kg,13,rep,""
07/11/2024,🔹,"Lat Pull Down · Cable",2,45,kg,14,rep,""
07/11/2024,🔹,"Lat Pull Down · Cable",3,45,kg,12,rep,""
07/11/2024,🔹,"Lat Pull Down · Cable",4,45,kg,12,rep,""
07/11/2024,🏋️‍♂️,"Seated Row · Cable",,,,,,""
07/11/2024,🔹,"Seated Row · Cable",1,47.5,kg,10,rep,""
07/11/2024,🔹,"Seated Row · Cable",2,47.5,kg,10,rep,""
07/11/2024,🔹,"Seated Row · Cable",3,47.5,kg,10,rep,""
07/11/2024,🏋️‍♂️,"Good morning machine",,,,,,""
07/11/2024,🔹,"Good morning machine",1,150,kg,15,rep,""
07/11/2024,🔹,"Good morning machine",2,150,kg,15,rep,""
07/11/2024,🏋️‍♂️,"Preacher Curl · Barbell",,,,,,""
07/11/2024,🔹,"Preacher Curl · Barbell",1,19,kg,16,rep,""
07/11/2024,🔹,"Preacher Curl · Barbell",2,19,kg,16,rep,""
07/11/2024,🔹,"Preacher Curl · Barbell",3,19,kg,16,rep,""
07/11/2024,🏋️‍♂️,"Hammer Curl · Dumbbell",,,,,,""
07/11/2024,🔹,"Hammer Curl · Dumbbell",1,8,kg,13,rep,""
07/11/2024,🔹,"Hammer Curl · Dumbbell",2,8,kg,12,rep,""
07/11/2024,🏋️‍♂️,"Calf Press · Machine",,,,,,""
07/11/2024,🔹,"Calf Press · Machine",1,230,kg,25,rep,""
07/11/2024,🔹,"Calf Press · Machine",2,230,kg,25,rep,""
07/11/2024,🏋️‍♂️,"Cybex Hack Squat",,,,,,""
07/11/2024,🔹,"Cybex Hack Squat",1,11,kg,15,rep,""
07/11/2024,🔹,"Cybex Hack Squat",2,11,kg,15,rep,""
07/11/2024,🏋️‍♂️,"Leg Extension · Machine",,,,,,""
07/11/2024,🔹,"Leg Extension · Machine",1,110,lb,12,rep,""
07/11/2024,🔹,"Leg Extension · Machine",2,110,lb,12,rep,""
07/11/2024,🏋️‍♂️🔗,"Leg Curl · Machine",,,,,,""
07/11/2024,🔹,"Leg Curl · Machine",1,105,lb,15,rep,""
07/11/2024,🔹,"Leg Curl · Machine",2,105,lb,14,rep,""
07/11/2024,🏋️‍♂️,"Push Up",,,,,,""
07/11/2024,🔹,"Push Up",1,0,kg,25,rep,""
07/11/2024,🔹,"Push Up",2,0,kg,15,rep,""
08/11/2024,📅,,,,,,,"83 min"
08/11/2024,🏋️‍♂️,"Seated Overhead Press · Dumbbell",,,,,,""
08/11/2024,🔹,"Seated Overhead Press · Dumbbell",1,30,kg,10,rep,""
08/11/2024,🔹,"Seated Overhead Press · Dumbbell",2,30,kg,12,rep,""
08/11/2024,🔹,"Seated Overhead Press · Dumbbell",3,30,kg,12,rep,""
08/11/2024,🏋️‍♂️,"Lateral Raise · Dumbbell",,,,,,""
08/11/2024,🔹,"Lateral Raise · Dumbbell",1,8,kg,15,rep,""
08/11/2024,🔹,"Lateral Raise · Dumbbell",2,8,kg,15,rep,""
08/11/2024,🔹,"Lateral Raise · Dumbbell",3,8,kg,15,rep,""
08/11/2024,🏋️‍♂️,"Rear Delt",,,,,,""
08/11/2024,🔹,"Rear Delt",1,70,lb,15,rep,""
08/11/2024,🔹,"Rear Delt",2,70,lb,12,rep,""
08/11/2024,🏋️‍♂️,"Tricep Extension · Cable",,,,,,""
08/11/2024,🔹,"Tricep Extension · Cable",1,47.5,lb,15,rep,""
08/11/2024,🔹,"Tricep Extension · Cable",2,47.5,lb,15,rep,""
08/11/2024,🔹,"Tricep Extension · Cable",3,47.5,lb,15,rep,""
08/11/2024,🔹,"Tricep Extension · Cable",4,47.5,lb,15,rep,""
08/11/2024,🏋️‍♂️,"Skull crusher",,,,,,""
08/11/2024,🔹,"Skull crusher",1,19,kg,11,rep,""
08/11/2024,🔹,"Skull crusher",2,19,kg,11,rep,""
08/11/2024,🔹,"Skull crusher",3,19,kg,11,rep,""
08/11/2024,🏋️‍♂️,"Bench Press · Dumbbell",,,,,,""
08/11/2024,🔹,"Bench Press · Dumbbell",1,35,kg,13,rep,""
08/11/2024,🔹,"Bench Press · Dumbbell",2,35,kg,12,rep,""
08/11/2024,🏋️‍♂️,"Incline Bench Machine ",,,,,,""
08/11/2024,🔹,"Incline Bench Machine ",1,90,lb,12,rep,""
08/11/2024,🔹,"Incline Bench Machine ",2,90,lb,12,rep,""
08/11/2024,🏋️‍♂️,"Pec Deck · Machine",,,,,,""
08/11/2024,🔹,"Pec Deck · Machine",1,100,lb,12,rep,""
08/11/2024,🔹,"Pec Deck · Machine",2,100,lb,12,rep,""
08/11/2024,🏋️‍♂️,"Chin Up",,,,,,""
08/11/2024,🔹,"Chin Up",1,0,kg,4,rep,""
08/11/2024,🔹,"Chin Up",2,0,kg,4,rep,""
11/11/2024,📅,,,,,,,"87 min"
11/11/2024,🏋️‍♂️,"Squat · Barbell",,,,,,""
11/11/2024,🔹,"Squat · Barbell",1,60,kg,10,rep,""
11/11/2024,🔹,"Squat · Barbell",2,60,kg,10,rep,""
11/11/2024,🔹,"Squat · Barbell",3,60,kg,10,rep,""
11/11/2024,🔹,"Squat · Barbell",4,60,kg,11,rep,""
11/11/2024,🏋️‍♂️,"Romanian Deadlift · Barbell",,,,,,""
11/11/2024,🔹,"Romanian Deadlift · Barbell",1,60,kg,12,rep,""
11/11/2024,🔹,"Romanian Deadlift · Barbell",2,60,kg,12,rep,""
11/11/2024,🔹,"Romanian Deadlift · Barbell",3,60,kg,12,rep,""
11/11/2024,🏋️‍♂️,"Hip Abduction · Machine",,,,,,""
11/11/2024,🔹,"Hip Abduction · Machine",1,100,lb,15,rep,""
11/11/2024,🔹,"Hip Abduction · Machine",2,100,lb,15,rep,""
11/11/2024,🏋️‍♂️🔗,"Hip Adduction · Machine",,,,,,""
11/11/2024,🔹,"Hip Adduction · Machine",1,100,lb,15,rep,""
11/11/2024,🔹,"Hip Adduction · Machine",2,100,lb,15,rep,""
11/11/2024,🏋️‍♂️,"Calf Press · Machine",,,,,,""
11/11/2024,🔹,"Calf Press · Machine",1,230,kg,26,rep,""
11/11/2024,🔹,"Calf Press · Machine",2,230,kg,20,rep,""
11/11/2024,🔹,"Calf Press · Machine",3,230,kg,20,rep,""
11/11/2024,🏋️‍♂️,"Single arm lat pulldown",,,,,,""
11/11/2024,🔹,"Single arm lat pulldown",1,50,kg,15,rep,""
11/11/2024,🔹,"Single arm lat pulldown",2,50,kg,12,rep,""
11/11/2024,🔹,"Single arm lat pulldown",3,50,kg,12,rep,""
11/11/2024,🏋️‍♂️,"Single arm seated cable row",,,,,,""
11/11/2024,🔹,"Single arm seated cable row",1,34,kg,15,rep,""
11/11/2024,🔹,"Single arm seated cable row",2,34,kg,15,rep,""
11/11/2024,🔹,"Single arm seated cable row",3,34,kg,15,rep,""
11/11/2024,🏋️‍♂️,"Supinating Curl · Dumbbell",,,,,,""
11/11/2024,🔹,"Supinating Curl · Dumbbell",1,8,kg,15,rep,""
11/11/2024,🔹,"Supinating Curl · Dumbbell",2,8,kg,12,rep,""
11/11/2024,🏋️‍♂️,"Concentration Curl · Dumbbell",,,,,,""
11/11/2024,🔹,"Concentration Curl · Dumbbell",1,8,kg,9,rep,""
11/11/2024,🔹,"Concentration Curl · Dumbbell",2,8,kg,11,rep,""
11/11/2024,🏋️‍♂️,"Tricep Dip",,,,,,""
11/11/2024,🔹,"Tricep Dip",1,0,kg,11,rep,""
11/11/2024,🔹,"Tricep Dip",2,0,kg,12,rep,""
12/11/2024,📅,,,,,,,"78 min"
12/11/2024,🏋️‍♂️,"Bench Press · Barbell",,,,,,""
12/11/2024,🔹,"Bench Press · Barbell",1,50,kg,9,rep,""
12/11/2024,🔹,"Bench Press · Barbell",2,50,kg,9,rep,""
12/11/2024,🔹,"Bench Press · Barbell",3,50,kg,9,rep,""
12/11/2024,🔹,"Bench Press · Barbell",4,50,kg,9,rep,""
12/11/2024,🔹,"Bench Press · Barbell",5,50,kg,9,rep,""
12/11/2024,🏋️‍♂️,"Incline Bench Press · Barbell",,,,,,""
12/11/2024,🔹,"Incline Bench Press · Barbell",1,40,kg,9,rep,""
12/11/2024,🔹,"Incline Bench Press · Barbell",2,40,kg,10,rep,""
12/11/2024,🔹,"Incline Bench Press · Barbell",3,40,kg,9,rep,""
12/11/2024,🏋️‍♂️,"Pec Deck · Machine",,,,,,""
12/11/2024,🔹,"Pec Deck · Machine",1,100,lb,10,rep,""
12/11/2024,🔹,"Pec Deck · Machine",2,100,lb,10,rep,""
12/11/2024,🏋️‍♂️,"Rear Delt",,,,,,""
12/11/2024,🔹,"Rear Delt",1,70,lb,15,rep,""
12/11/2024,🔹,"Rear Delt",2,70,lb,15,rep,""
12/11/2024,🏋️‍♂️,"Seated Overhead Press · Dumbbell",,,,,,""
12/11/2024,🔹,"Seated Overhead Press · Dumbbell",1,30,kg,9,rep,""
12/11/2024,🔹,"Seated Overhead Press · Dumbbell",2,30,kg,9,rep,""
12/11/2024,🔹,"Seated Overhead Press · Dumbbell",3,30,kg,9,rep,""
12/11/2024,🏋️‍♂️,"Cable Raise (Freie)",,,,,,""
12/11/2024,🔹,"Cable Raise (Freie)",1,50,kg,15,rep,""
12/11/2024,🔹,"Cable Raise (Freie)",2,50,kg,15,rep,"Hard"
12/11/2024,🏋️‍♂️,"Single Arm Overhead Triceps Extension · Dumbbell",,,,,,""
12/11/2024,🔹,"Single Arm Overhead Triceps Extension · Dumbbell",1,6,kg,12,rep,""
12/11/2024,🔹,"Single Arm Overhead Triceps Extension · Dumbbell",2,6,kg,12,rep,""
12/11/2024,🏋️‍♂️,"Cable Kickback",,,,,,""
12/11/2024,🔹,"Cable Kickback",1,10,lb,16,rep,""
12/11/2024,🔹,"Cable Kickback",2,10,lb,16,rep,""
12/11/2024,🏋️‍♂️,"Tricep Extension · Cable",,,,,,""
12/11/2024,🔹,"Tricep Extension · Cable",1,47.5,lb,13,rep,""
12/11/2024,🔹,"Tricep Extension · Cable",2,47.5,lb,12,rep,""
12/11/2024,🏋️‍♂️,"Pull Up",,,,,,""
12/11/2024,🔹,"Pull Up",1,0,kg,7,rep,""
12/11/2024,🔹,"Pull Up",2,0,kg,8,rep,""
14/11/2024,📅,,,,,,,"99 min"
14/11/2024,🏋️‍♂️,"VAF Ruckeninsulator",,,,,,""
14/11/2024,🔹,"VAF Ruckeninsulator",1,11,kg,11,rep,""
14/11/2024,🔹,"VAF Ruckeninsulator",2,11,kg,11,rep,""
14/11/2024,🔹,"VAF Ruckeninsulator",3,11,kg,11,rep,""
14/11/2024,🏋️‍♂️,"Lat Pull Down · Cable",,,,,,""
14/11/2024,🔹,"Lat Pull Down · Cable",1,47.5,kg,10,rep,""
14/11/2024,🔹,"Lat Pull Down · Cable",2,47.5,kg,10,rep,""
14/11/2024,🔹,"Lat Pull Down · Cable",3,47.5,kg,10,rep,""
14/11/2024,🏋️‍♂️,"Seated Row · Cable",,,,,,""
14/11/2024,🔹,"Seated Row · Cable",1,47.5,kg,12,rep,""
14/11/2024,🔹,"Seated Row · Cable",2,47.5,kg,12,rep,""
14/11/2024,🔹,"Seated Row · Cable",3,47.5,kg,10,rep,""
14/11/2024,🏋️‍♂️,"Good morning machine",,,,,,""
14/11/2024,🔹,"Good morning machine",1,160,kg,12,rep,""
14/11/2024,🔹,"Good morning machine",2,160,kg,12,rep,""
14/11/2024,🏋️‍♂️,"Preacher Curl · Barbell",,,,,,""
14/11/2024,🔹,"Preacher Curl · Barbell",1,19,kg,20,rep,""
14/11/2024,🔹,"Preacher Curl · Barbell",2,19,kg,17,rep,""
14/11/2024,🔹,"Preacher Curl · Barbell",3,19,kg,12,rep,""
14/11/2024,🏋️‍♂️,"Hammer Curl · Dumbbell",,,,,,""
14/11/2024,🔹,"Hammer Curl · Dumbbell",1,8,kg,13,rep,""
14/11/2024,🔹,"Hammer Curl · Dumbbell",2,8,kg,12,rep,""
14/11/2024,🏋️‍♂️,"Calf Press · Machine",,,,,,""
14/11/2024,🔹,"Calf Press · Machine",1,230,kg,25,rep,""
14/11/2024,🔹,"Calf Press · Machine",2,230,kg,25,rep,""
14/11/2024,🏋️‍♂️,"Cybex Hack Squat",,,,,,""
14/11/2024,🔹,"Cybex Hack Squat",1,12,kg,10,rep,""
14/11/2024,🔹,"Cybex Hack Squat",2,12,kg,10,rep,""
14/11/2024,🏋️‍♂️,"Leg Extension · Machine",,,,,,""
14/11/2024,🔹,"Leg Extension · Machine",1,110,lb,13,rep,""
14/11/2024,🔹,"Leg Extension · Machine",2,110,lb,15,rep,""
14/11/2024,🏋️‍♂️🔗,"Leg Curl · Machine",,,,,,""
14/11/2024,🔹,"Leg Curl · Machine",1,110,lb,12,rep,""
14/11/2024,🔹,"Leg Curl · Machine",2,110,lb,12,rep,""
14/11/2024,🏋️‍♂️,"Push Up",,,,,,""
14/11/2024,🔹,"Push Up",1,0,kg,25,rep,""
14/11/2024,🔹,"Push Up",2,0,kg,15,rep,""
15/11/2024,📅,,,,,,,"76 min"
15/11/2024,🏋️‍♂️,"Tricep Extension · Cable",,,,,,""
15/11/2024,🔹,"Tricep Extension · Cable",1,47.5,lb,15,rep,""
15/11/2024,🔹,"Tricep Extension · Cable",2,50,lb,12,rep,""
15/11/2024,🔹,"Tricep Extension · Cable",3,55,lb,9,rep,""
15/11/2024,🔹,"Tricep Extension · Cable",4,55,lb,10,rep,""
15/11/2024,🏋️‍♂️,"Skull crusher",,,,,,""
15/11/2024,🔹,"Skull crusher",1,19,kg,12,rep,""
15/11/2024,🔹,"Skull crusher",2,19,kg,12,rep,"Hard"
15/11/2024,🔹,"Skull crusher",3,19,kg,12,rep,""
15/11/2024,🏋️‍♂️,"Seated Overhead Press · Dumbbell",,,,,,""
15/11/2024,🔹,"Seated Overhead Press · Dumbbell",1,30,kg,12,rep,""
15/11/2024,🔹,"Seated Overhead Press · Dumbbell",2,30,kg,12,rep,""
15/11/2024,🔹,"Seated Overhead Press · Dumbbell",3,30,kg,12,rep,""
15/11/2024,🏋️‍♂️,"Cable Raise (Freie)",,,,,,""
15/11/2024,🔹,"Cable Raise (Freie)",1,50,kg,15,rep,""
15/11/2024,🔹,"Cable Raise (Freie)",2,60,kg,9,rep,""
15/11/2024,🔹,"Cable Raise (Freie)",3,60,kg,9,rep,""
15/11/2024,🏋️‍♂️,"Rear Delt",,,,,,""
15/11/2024,🔹,"Rear Delt",1,80,lb,9,rep,""
15/11/2024,🔹,"Rear Delt",2,80,lb,9,rep,""
15/11/2024,🏋️‍♂️,"Bench Press · Dumbbell",,,,,,""
15/11/2024,🔹,"Bench Press · Dumbbell",1,35,kg,15,rep,""
15/11/2024,🔹,"Bench Press · Dumbbell",2,35,kg,12,rep,""
15/11/2024,🏋️‍♂️,"Incline Bench Machine ",,,,,,""
15/11/2024,🔹,"Incline Bench Machine ",1,90,lb,13,rep,""
15/11/2024,🔹,"Incline Bench Machine ",2,90,lb,12,rep,""
15/11/2024,🏋️‍♂️,"Pec Deck · Machine",,,,,,""
15/11/2024,🔹,"Pec Deck · Machine",1,100,lb,12,rep,""
15/11/2024,🔹,"Pec Deck · Machine",2,100,lb,12,rep,""
15/11/2024,🏋️‍♂️,"Pull Up",,,,,,""
15/11/2024,🔹,"Pull Up",1,0,kg,5,rep,""
15/11/2024,🔹,"Pull Up",2,0,kg,6,rep,""
18/11/2024,📅,,,,,,,"75 min"
18/11/2024,🏋️‍♂️,"Squat · Barbell",,,,,,""
18/11/2024,🔹,"Squat · Barbell",1,60,kg,9,rep,""
18/11/2024,🔹,"Squat · Barbell",2,70,kg,9,rep,""
18/11/2024,🔹,"Squat · Barbell",3,70,kg,9,rep,""
18/11/2024,🔹,"Squat · Barbell",4,70,kg,9,rep,""
18/11/2024,🏋️‍♂️,"Romanian Deadlift · Barbell",,,,,,""
18/11/2024,🔹,"Romanian Deadlift · Barbell",1,60,kg,13,rep,""
18/11/2024,🔹,"Romanian Deadlift · Barbell",2,60,kg,12,rep,""
18/11/2024,🔹,"Romanian Deadlift · Barbell",3,60,kg,12,rep,""
18/11/2024,🏋️‍♂️,"Hip Abduction · Machine",,,,,,""
18/11/2024,🔹,"Hip Abduction · Machine",1,105,lb,15,rep,""
18/11/2024,🔹,"Hip Abduction · Machine",2,105,lb,15,rep,""
18/11/2024,🏋️‍♂️🔗,"Hip Adduction · Machine",,,,,,""
18/11/2024,🔹,"Hip Adduction · Machine",1,105,lb,15,rep,""
18/11/2024,🔹,"Hip Adduction · Machine",2,105,lb,15,rep,""
18/11/2024,🏋️‍♂️,"Calf Press · Machine",,,,,,""
18/11/2024,🔹,"Calf Press · Machine",1,230,kg,25,rep,""
18/11/2024,🔹,"Calf Press · Machine",2,230,kg,22,rep,""
18/11/2024,🔹,"Calf Press · Machine",3,230,kg,20,rep,""
18/11/2024,🏋️‍♂️,"Single arm lat pulldown",,,,,,""
18/11/2024,🔹,"Single arm lat pulldown",1,50,kg,14,rep,""
18/11/2024,🔹,"Single arm lat pulldown",2,50,kg,14,rep,""
18/11/2024,🔹,"Single arm lat pulldown",3,50,kg,12,rep,""
18/11/2024,🏋️‍♂️,"Single arm seated cable row",,,,,,""
18/11/2024,🔹,"Single arm seated cable row",1,41,kg,12,rep,""
18/11/2024,🔹,"Single arm seated cable row",2,41,kg,12,rep,""
18/11/2024,🔹,"Single arm seated cable row",3,41,kg,12,rep,""
18/11/2024,🏋️‍♂️,"Supinating Curl · Dumbbell",,,,,,""
18/11/2024,🔹,"Supinating Curl · Dumbbell",1,8,kg,14,rep,""
18/11/2024,🔹,"Supinating Curl · Dumbbell",2,8,kg,10,rep,""
18/11/2024,🏋️‍♂️,"Concentration Curl · Dumbbell",,,,,,""
18/11/2024,🔹,"Concentration Curl · Dumbbell",1,8,kg,10,rep,""
18/11/2024,🔹,"Concentration Curl · Dumbbell",2,8,kg,11,rep,""
18/11/2024,🏋️‍♂️,"Tricep Dip",,,,,,""
18/11/2024,🔹,"Tricep Dip",1,0,kg,11,rep,""
18/11/2024,🔹,"Tricep Dip",2,0,kg,12,rep,""
19/11/2024,📅,,,,,,,"74 min"
19/11/2024,🏋️‍♂️,"Bench Press · Barbell",,,,,,""
19/11/2024,🔹,"Bench Press · Barbell",1,50,kg,10,rep,""
19/11/2024,🔹,"Bench Press · Barbell",2,50,kg,10,rep,""
19/11/2024,🔹,"Bench Press · Barbell",3,50,kg,10,rep,""
19/11/2024,🔹,"Bench Press · Barbell",4,50,kg,10,rep,""
19/11/2024,🔹,"Bench Press · Barbell",5,50,kg,10,rep,""
19/11/2024,🏋️‍♂️,"Incline Bench Press · Barbell",,,,,,""
19/11/2024,🔹,"Incline Bench Press · Barbell",1,40,kg,10,rep,""
19/11/2024,🔹,"Incline Bench Press · Barbell",2,40,kg,10,rep,""
19/11/2024,🔹,"Incline Bench Press · Barbell",3,40,kg,10,rep,"Hard"
19/11/2024,🏋️‍♂️,"Pec Deck · Machine",,,,,,""
19/11/2024,🔹,"Pec Deck · Machine",1,100,lb,12,rep,""
19/11/2024,🔹,"Pec Deck · Machine",2,100,lb,12,rep,""
19/11/2024,🏋️‍♂️,"Rear Delt",,,,,,""
19/11/2024,🔹,"Rear Delt",1,80,lb,12,rep,""
19/11/2024,🔹,"Rear Delt",2,80,lb,12,rep,""
19/11/2024,🏋️‍♂️,"Seated Overhead Press · Dumbbell",,,,,,""
19/11/2024,🔹,"Seated Overhead Press · Dumbbell",1,30,kg,9,rep,""
19/11/2024,🔹,"Seated Overhead Press · Dumbbell",2,30,kg,9,rep,""
19/11/2024,🔹,"Seated Overhead Press · Dumbbell",3,30,kg,9,rep,""
19/11/2024,🏋️‍♂️,"Cable Raise (Freie)",,,,,,""
19/11/2024,🔹,"Cable Raise (Freie)",1,60,kg,10,rep,""
19/11/2024,🔹,"Cable Raise (Freie)",2,60,kg,10,rep,""
19/11/2024,🏋️‍♂️,"Single Arm Overhead Triceps Extension · Dumbbell",,,,,,""
19/11/2024,🔹,"Single Arm Overhead Triceps Extension · Dumbbell",1,6,kg,13,rep,""
19/11/2024,🔹,"Single Arm Overhead Triceps Extension · Dumbbell",2,6,kg,13,rep,""
19/11/2024,🏋️‍♂️,"Cable Kickback",,,,,,""
19/11/2024,🔹,"Cable Kickback",1,15,lb,9,rep,""
19/11/2024,🔹,"Cable Kickback",2,10,lb,16,rep,""
19/11/2024,🏋️‍♂️,"Tricep Extension · Cable",,,,,,""
19/11/2024,🔹,"Tricep Extension · Cable",1,47.5,lb,13,rep,""
19/11/2024,🔹,"Tricep Extension · Cable",2,55,lb,9,rep,""
19/11/2024,🏋️‍♂️,"Chin Up",,,,,,""
19/11/2024,🔹,"Chin Up",1,0,kg,7,rep,""
19/11/2024,🔹,"Chin Up",2,0,kg,8,rep,""
21/11/2024,📅,,,,,,,"97 min"
21/11/2024,🏋️‍♂️,"VAF Ruckeninsulator",,,,,,""
21/11/2024,🔹,"VAF Ruckeninsulator",1,11,kg,12,rep,""
21/11/2024,🔹,"VAF Ruckeninsulator",2,11,kg,12,rep,""
21/11/2024,🔹,"VAF Ruckeninsulator",3,11,kg,12,rep,""
21/11/2024,🏋️‍♂️,"Lat Pull Down · Cable",,,,,,""
21/11/2024,🔹,"Lat Pull Down · Cable",1,47.5,kg,10,rep,""
21/11/2024,🔹,"Lat Pull Down · Cable",2,47.5,kg,10,rep,""
21/11/2024,🔹,"Lat Pull Down · Cable",3,47.5,kg,10,rep,""
21/11/2024,🏋️‍♂️,"Seated Row · Cable",,,,,,""
21/11/2024,🔹,"Seated Row · Cable",1,47.5,kg,12,rep,""
21/11/2024,🔹,"Seated Row · Cable",2,47.5,kg,12,rep,""
21/11/2024,🔹,"Seated Row · Cable",3,47.5,kg,12,rep,""
21/11/2024,🏋️‍♂️,"Preacher Curl · Barbell",,,,,,""
21/11/2024,🔹,"Preacher Curl · Barbell",1,21.5,kg,15,rep,""
21/11/2024,🔹,"Preacher Curl · Barbell",2,21.5,kg,13,rep,""
21/11/2024,🔹,"Preacher Curl · Barbell",3,21.5,kg,10,rep,""
21/11/2024,🏋️‍♂️,"Hammer Curl · Dumbbell",,,,,,""
21/11/2024,🔹,"Hammer Curl · Dumbbell",1,8,kg,13,rep,""
21/11/2024,🔹,"Hammer Curl · Dumbbell",2,8,kg,12,rep,""
21/11/2024,🏋️‍♂️,"Calf Press · Machine",,,,,,""
21/11/2024,🔹,"Calf Press · Machine",1,230,kg,25,rep,""
21/11/2024,🔹,"Calf Press · Machine",2,250,kg,15,rep,""
21/11/2024,🏋️‍♂️,"Cybex Hack Squat",,,,,,""
21/11/2024,🔹,"Cybex Hack Squat",1,12,kg,10,rep,""
21/11/2024,🔹,"Cybex Hack Squat",2,12,kg,10,rep,""
21/11/2024,🏋️‍♂️,"Leg Extension · Machine",,,,,,""
21/11/2024,🔹,"Leg Extension · Machine",1,110,lb,15,rep,""
21/11/2024,🔹,"Leg Extension · Machine",2,110,lb,15,rep,""
21/11/2024,🏋️‍♂️🔗,"Leg Curl · Machine",,,,,,""
21/11/2024,🔹,"Leg Curl · Machine",1,110,lb,15,rep,""
21/11/2024,🔹,"Leg Curl · Machine",2,110,lb,13,rep,""
21/11/2024,🏋️‍♂️,"Push Up",,,,,,""
21/11/2024,🔹,"Push Up",1,0,kg,16,rep,""
21/11/2024,🔹,"Push Up",2,0,kg,16,rep,""
22/11/2024,📅,,,,,,,"76 min"
22/11/2024,🏋️‍♂️,"Seated Overhead Press · Dumbbell",,,,,,""
22/11/2024,🔹,"Seated Overhead Press · Dumbbell",1,30,kg,13,rep,""
22/11/2024,🔹,"Seated Overhead Press · Dumbbell",2,30,kg,13,rep,""
22/11/2024,🔹,"Seated Overhead Press · Dumbbell",3,30,kg,12,rep,""
22/11/2024,🏋️‍♂️,"Cable Raise (Freie)",,,,,,""
22/11/2024,🔹,"Cable Raise (Freie)",1,60,kg,9,rep,""
22/11/2024,🔹,"Cable Raise (Freie)",2,60,kg,9,rep,""
22/11/2024,🔹,"Cable Raise (Freie)",3,60,kg,9,rep,""
22/11/2024,🏋️‍♂️,"Rear Delt",,,,,,""
22/11/2024,🔹,"Rear Delt",1,80,lb,12,rep,""
22/11/2024,🔹,"Rear Delt",2,80,lb,9,rep,""
22/11/2024,🏋️‍♂️,"Tricep Extension · Cable",,,,,,""
22/11/2024,🔹,"Tricep Extension · Cable",1,55,lb,9,rep,""
22/11/2024,🔹,"Tricep Extension · Cable",2,55,lb,9,rep,""
22/11/2024,🔹,"Tricep Extension · Cable",3,55,lb,9,rep,""
22/11/2024,🔹,"Tricep Extension · Cable",4,55,lb,9,rep,""
22/11/2024,🏋️‍♂️,"Skull crusher",,,,,,""
22/11/2024,🔹,"Skull crusher",1,19,kg,10,rep,""
22/11/2024,🔹,"Skull crusher",2,19,kg,12,rep,""
22/11/2024,🔹,"Skull crusher",3,19,kg,12,rep,""
22/11/2024,🏋️‍♂️,"Bench Press · Dumbbell",,,,,,""
22/11/2024,🔹,"Bench Press · Dumbbell",1,35,kg,15,rep,""
22/11/2024,🔹,"Bench Press · Dumbbell",2,35,kg,12,rep,""
22/11/2024,🏋️‍♂️,"Incline Bench Machine ",,,,,,""
22/11/2024,🔹,"Incline Bench Machine ",1,90,lb,10,rep,""
22/11/2024,🔹,"Incline Bench Machine ",2,90,lb,8,rep,""
22/11/2024,🏋️‍♂️,"Pec Deck · Machine",,,,,,""
22/11/2024,🔹,"Pec Deck · Machine",1,100,lb,10,rep,""
22/11/2024,🔹,"Pec Deck · Machine",2,100,lb,10,rep,""
22/11/2024,🏋️‍♂️,"Pull Up",,,,,,""
22/11/2024,🔹,"Pull Up",1,0,kg,5,rep,""
22/11/2024,🔹,"Pull Up",2,0,kg,5,rep,""
22/11/2024,🔹,"Pull Up",3,0,kg,5,rep,""
25/11/2024,📅,,,,,,,"90 min"
25/11/2024,🏋️‍♂️,"Squat · Barbell",,,,,,""
25/11/2024,🔹,"Squat · Barbell",1,60,kg,9,rep,""
25/11/2024,🔹,"Squat · Barbell",2,70,kg,9,rep,""
25/11/2024,🔹,"Squat · Barbell",3,70,kg,9,rep,""
25/11/2024,🔹,"Squat · Barbell",4,70,kg,9,rep,""
25/11/2024,🏋️‍♂️,"Romanian Deadlift · Barbell",,,,,,""
25/11/2024,🔹,"Romanian Deadlift · Barbell",1,60,kg,13,rep,""
25/11/2024,🔹,"Romanian Deadlift · Barbell",2,60,kg,12,rep,""
25/11/2024,🔹,"Romanian Deadlift · Barbell",3,60,kg,12,rep,""
25/11/2024,🏋️‍♂️,"Hip Abduction · Machine",,,,,,""
25/11/2024,🔹,"Hip Abduction · Machine",1,105,lb,15,rep,""
25/11/2024,🔹,"Hip Abduction · Machine",2,105,lb,15,rep,""
25/11/2024,🏋️‍♂️🔗,"Hip Adduction · Machine",,,,,,""
25/11/2024,🔹,"Hip Adduction · Machine",1,105,lb,15,rep,""
25/11/2024,🔹,"Hip Adduction · Machine",2,105,lb,15,rep,""
25/11/2024,🏋️‍♂️,"Calf Press · Machine",,,,,,""
25/11/2024,🔹,"Calf Press · Machine",1,250,kg,15,rep,""
25/11/2024,🔹,"Calf Press · Machine",2,250,kg,15,rep,""
25/11/2024,🔹,"Calf Press · Machine",3,250,kg,15,rep,""
25/11/2024,🏋️‍♂️,"Single arm lat pulldown",,,,,,""
25/11/2024,🔹,"Single arm lat pulldown",1,50,kg,15,rep,""
25/11/2024,🔹,"Single arm lat pulldown",2,50,kg,14,rep,""
25/11/2024,🔹,"Single arm lat pulldown",3,50,kg,12,rep,""
25/11/2024,🏋️‍♂️,"Single arm seated cable row",,,,,,""
25/11/2024,🔹,"Single arm seated cable row",1,41,kg,12,rep,""
25/11/2024,🔹,"Single arm seated cable row",2,41,kg,12,rep,""
25/11/2024,🔹,"Single arm seated cable row",3,41,kg,12,rep,""
25/11/2024,🏋️‍♂️,"Supinating Curl · Dumbbell",,,,,,""
25/11/2024,🔹,"Supinating Curl · Dumbbell",1,8,kg,15,rep,""
25/11/2024,🔹,"Supinating Curl · Dumbbell",2,8,kg,12,rep,""
25/11/2024,🏋️‍♂️,"Concentration Curl · Dumbbell",,,,,,""
25/11/2024,🔹,"Concentration Curl · Dumbbell",1,8,kg,12,rep,""
25/11/2024,🔹,"Concentration Curl · Dumbbell",2,8,kg,11,rep,""
25/11/2024,🏋️‍♂️,"Tricep Dip",,,,,,""
25/11/2024,🔹,"Tricep Dip",1,0,kg,11,rep,""
25/11/2024,🔹,"Tricep Dip",2,0,kg,11,rep,""
26/11/2024,📅,,,,,,,"141 min"
26/11/2024,🏋️‍♂️,"Bench Press · Barbell",,,,,,""
26/11/2024,🔹,"Bench Press · Barbell",1,50,kg,10,rep,""
26/11/2024,🔹,"Bench Press · Barbell",2,50,kg,10,rep,""
26/11/2024,🔹,"Bench Press · Barbell",3,50,kg,10,rep,""
26/11/2024,🔹,"Bench Press · Barbell",4,50,kg,10,rep,""
26/11/2024,🔹,"Bench Press · Barbell",5,60,kg,6,rep,""
26/11/2024,🏋️‍♂️,"Incline Bench Press · Barbell",,,,,,""
26/11/2024,🔹,"Incline Bench Press · Barbell",1,40,kg,12,rep,""
26/11/2024,🔹,"Incline Bench Press · Barbell",2,40,kg,12,rep,""
26/11/2024,🔹,"Incline Bench Press · Barbell",3,40,kg,12,rep,""
26/11/2024,🏋️‍♂️,"Pec Deck · Machine",,,,,,""
26/11/2024,🔹,"Pec Deck · Machine",1,100,lb,12,rep,""
26/11/2024,🔹,"Pec Deck · Machine",2,100,lb,12,rep,""
26/11/2024,🏋️‍♂️,"Rear Delt",,,,,,""
26/11/2024,🔹,"Rear Delt",1,80,lb,12,rep,""
26/11/2024,🔹,"Rear Delt",2,80,lb,12,rep,""
26/11/2024,🏋️‍♂️,"Seated Overhead Press · Dumbbell",,,,,,""
26/11/2024,🔹,"Seated Overhead Press · Dumbbell",1,30,kg,10,rep,""
26/11/2024,🔹,"Seated Overhead Press · Dumbbell",2,30,kg,10,rep,""
26/11/2024,🔹,"Seated Overhead Press · Dumbbell",3,30,kg,9,rep,""
26/11/2024,🏋️‍♂️,"Cable Raise (Freie)",,,,,,""
26/11/2024,🔹,"Cable Raise (Freie)",1,60,kg,10,rep,""
26/11/2024,🔹,"Cable Raise (Freie)",2,60,kg,10,rep,""
26/11/2024,🏋️‍♂️,"Single Arm Overhead Triceps Extension · Dumbbell",,,,,,""
26/11/2024,🔹,"Single Arm Overhead Triceps Extension · Dumbbell",1,6,kg,15,rep,""
26/11/2024,🔹,"Single Arm Overhead Triceps Extension · Dumbbell",2,6,kg,15,rep,""
26/11/2024,🏋️‍♂️,"Cable Kickback",,,,,,""
26/11/2024,🔹,"Cable Kickback",1,10,lb,16,rep,""
26/11/2024,🔹,"Cable Kickback",2,10,lb,16,rep,""
26/11/2024,🏋️‍♂️,"Tricep Extension · Cable",,,,,,""
26/11/2024,🔹,"Tricep Extension · Cable",1,55,lb,9,rep,""
26/11/2024,🔹,"Tricep Extension · Cable",2,55,lb,9,rep,""
26/11/2024,🏋️‍♂️,"Chin Up",,,,,,""
26/11/2024,🔹,"Chin Up",1,0,kg,9,rep,""
26/11/2024,🔹,"Chin Up",2,0,kg,8,rep,""
28/11/2024,📅,,,,,,,"86 min"
28/11/2024,🏋️‍♂️,"VAF Ruckeninsulator",,,,,,""
28/11/2024,🔹,"VAF Ruckeninsulator",1,11,kg,13,rep,""
28/11/2024,🔹,"VAF Ruckeninsulator",2,11,kg,13,rep,""
28/11/2024,🔹,"VAF Ruckeninsulator",3,11,kg,13,rep,""
28/11/2024,🏋️‍♂️,"Lat Pull Down · Cable",,,,,,""
28/11/2024,🔹,"Lat Pull Down · Cable",1,47.5,kg,12,rep,""
28/11/2024,🔹,"Lat Pull Down · Cable",2,47.5,kg,12,rep,""
28/11/2024,🔹,"Lat Pull Down · Cable",3,47.5,kg,12,rep,""
28/11/2024,🏋️‍♂️,"Seated Row · Cable",,,,,,""
28/11/2024,🔹,"Seated Row · Cable",1,50,kg,12,rep,""
28/11/2024,🔹,"Seated Row · Cable",2,50,kg,12,rep,""
28/11/2024,🔹,"Seated Row · Cable",3,50,kg,11,rep,""
28/11/2024,🏋️‍♂️,"Preacher Curl · Barbell",,,,,,""
28/11/2024,🔹,"Preacher Curl · Barbell",1,24,kg,12,rep,""
28/11/2024,🔹,"Preacher Curl · Barbell",2,24,kg,10,rep,""
28/11/2024,🔹,"Preacher Curl · Barbell",3,24,kg,9,rep,""
28/11/2024,🏋️‍♂️,"Hammer Curl · Dumbbell",,,,,,""
28/11/2024,🔹,"Hammer Curl · Dumbbell",1,8,kg,13,rep,""
28/11/2024,🔹,"Hammer Curl · Dumbbell",2,8,kg,13,rep,""
28/11/2024,🏋️‍♂️,"Calf Press · Machine",,,,,,""
28/11/2024,🔹,"Calf Press · Machine",1,250,kg,20,rep,""
28/11/2024,🔹,"Calf Press · Machine",2,250,kg,15,rep,""
28/11/2024,🏋️‍♂️,"Cybex Hack Squat",,,,,,""
28/11/2024,🔹,"Cybex Hack Squat",1,12,kg,10,rep,""
28/11/2024,🔹,"Cybex Hack Squat",2,12,kg,11,rep,""
28/11/2024,🏋️‍♂️,"Leg Extension · Machine",,,,,,""
28/11/2024,🔹,"Leg Extension · Machine",1,115,lb,15,rep,""
28/11/2024,🔹,"Leg Extension · Machine",2,115,lb,15,rep,""
28/11/2024,🏋️‍♂️🔗,"Leg Curl · Machine",,,,,,""
28/11/2024,🔹,"Leg Curl · Machine",1,110,lb,15,rep,""
28/11/2024,🔹,"Leg Curl · Machine",2,110,lb,13,rep,""
28/11/2024,🏋️‍♂️,"Tricep Dip",,,,,,""
28/11/2024,🔹,"Tricep Dip",1,0,kg,12,rep,""
28/11/2024,🔹,"Tricep Dip",2,0,kg,12,rep,""
29/11/2024,📅,,,,,,,"89 min"
29/11/2024,🏋️‍♂️,"Tricep Extension · Cable",,,,,,""
29/11/2024,🔹,"Tricep Extension · Cable",1,55,lb,10,rep,""
29/11/2024,🔹,"Tricep Extension · Cable",2,55,lb,10,rep,""
29/11/2024,🔹,"Tricep Extension · Cable",3,55,lb,10,rep,""
29/11/2024,🔹,"Tricep Extension · Cable",4,55,lb,10,rep,""
29/11/2024,🏋️‍♂️,"Skull crusher",,,,,,""
29/11/2024,🔹,"Skull crusher",1,19,kg,13,rep,""
29/11/2024,🔹,"Skull crusher",2,19,kg,13,rep,""
29/11/2024,🔹,"Skull crusher",3,19,kg,13,rep,""
29/11/2024,🏋️‍♂️,"Seated Overhead Press · Dumbbell",,,,,,""
29/11/2024,🔹,"Seated Overhead Press · Dumbbell",1,30,kg,13,rep,""
29/11/2024,🔹,"Seated Overhead Press · Dumbbell",2,30,kg,13,rep,""
29/11/2024,🔹,"Seated Overhead Press · Dumbbell",3,30,kg,13,rep,""
29/11/2024,🏋️‍♂️,"Cable Raise (Cybex Seilzug)",,,,,,""
29/11/2024,🔹,"Cable Raise (Cybex Seilzug)",1,2,kg,9,rep,""
29/11/2024,🔹,"Cable Raise (Cybex Seilzug)",2,2,kg,9,rep,""
29/11/2024,🔹,"Cable Raise (Cybex Seilzug)",3,2,kg,9,rep,""
29/11/2024,🏋️‍♂️,"Rear Delt",,,,,,""
29/11/2024,🔹,"Rear Delt",1,80,lb,13,rep,""
29/11/2024,🔹,"Rear Delt",2,80,lb,15,rep,""
29/11/2024,🏋️‍♂️,"Bench Press · Dumbbell",,,,,,""
29/11/2024,🔹,"Bench Press · Dumbbell",1,40,kg,10,rep,""
29/11/2024,🔹,"Bench Press · Dumbbell",2,40,kg,12,rep,""
29/11/2024,🏋️‍♂️,"Incline Bench Machine ",,,,,,""
29/11/2024,🔹,"Incline Bench Machine ",1,90,lb,10,rep,""
29/11/2024,🔹,"Incline Bench Machine ",2,90,lb,8,rep,""
29/11/2024,🏋️‍♂️,"Pec Deck · Machine",,,,,,""
29/11/2024,🔹,"Pec Deck · Machine",1,100,lb,12,rep,""
29/11/2024,🔹,"Pec Deck · Machine",2,100,lb,15,rep,""
29/11/2024,🏋️‍♂️,"Pull Up",,,,,,""
29/11/2024,🔹,"Pull Up",1,0,kg,5,rep,""
29/11/2024,🔹,"Pull Up",2,0,kg,5,rep,""
29/11/2024,🔹,"Pull Up",3,0,kg,5,rep,""
02/12/2024,📅,,,,,,,"92 min"
02/12/2024,🏋️‍♂️,"Squat · Barbell",,,,,,""
02/12/2024,🔹,"Squat · Barbell",1,60,kg,10,rep,""
02/12/2024,🔹,"Squat · Barbell",2,70,kg,10,rep,""
02/12/2024,🔹,"Squat · Barbell",3,70,kg,10,rep,""
02/12/2024,🔹,"Squat · Barbell",4,70,kg,10,rep,""
02/12/2024,🏋️‍♂️,"Romanian Deadlift · Barbell",,,,,,""
02/12/2024,🔹,"Romanian Deadlift · Barbell",1,60,kg,12,rep,""
02/12/2024,🔹,"Romanian Deadlift · Barbell",2,60,kg,12,rep,""
02/12/2024,🔹,"Romanian Deadlift · Barbell",3,60,kg,12,rep,""
02/12/2024,🏋️‍♂️,"Hip Abduction · Machine",,,,,,""
02/12/2024,🔹,"Hip Abduction · Machine",1,110,lb,12,rep,""
02/12/2024,🔹,"Hip Abduction · Machine",2,110,lb,12,rep,""
02/12/2024,🏋️‍♂️🔗,"Hip Adduction · Machine",,,,,,""
02/12/2024,🔹,"Hip Adduction · Machine",1,110,lb,12,rep,""
02/12/2024,🔹,"Hip Adduction · Machine",2,110,lb,12,rep,""
02/12/2024,🏋️‍♂️,"Calf Press · Machine",,,,,,""
02/12/2024,🔹,"Calf Press · Machine",1,250,kg,20,rep,""
02/12/2024,🔹,"Calf Press · Machine",2,250,kg,20,rep,""
02/12/2024,🔹,"Calf Press · Machine",3,250,kg,16,rep,""
02/12/2024,🏋️‍♂️,"Single arm lat pulldown",,,,,,""
02/12/2024,🔹,"Single arm lat pulldown",1,50,kg,15,rep,""
02/12/2024,🔹,"Single arm lat pulldown",2,50,kg,15,rep,""
02/12/2024,🔹,"Single arm lat pulldown",3,50,kg,15,rep,""
02/12/2024,🏋️‍♂️,"Single arm seated cable row",,,,,,""
02/12/2024,🔹,"Single arm seated cable row",1,41,kg,12,rep,""
02/12/2024,🔹,"Single arm seated cable row",2,41,kg,12,rep,""
02/12/2024,🔹,"Single arm seated cable row",3,41,kg,12,rep,""
02/12/2024,🏋️‍♂️,"Supinating Curl · Dumbbell",,,,,,""
02/12/2024,🔹,"Supinating Curl · Dumbbell",1,9,kg,12,rep,""
02/12/2024,🔹,"Supinating Curl · Dumbbell",2,9,kg,10,rep,""
02/12/2024,🏋️‍♂️,"Concentration Curl · Dumbbell",,,,,,""
02/12/2024,🔹,"Concentration Curl · Dumbbell",1,9,kg,10,rep,""
02/12/2024,🔹,"Concentration Curl · Dumbbell",2,8,kg,11,rep,""
02/12/2024,🏋️‍♂️,"Tricep Dip",,,,,,""
02/12/2024,🔹,"Tricep Dip",1,0,kg,13,rep,""
02/12/2024,🔹,"Tricep Dip",2,0,kg,13,rep,""
03/12/2024,📅,,,,,,,"119 min"
03/12/2024,🏋️‍♂️,"Bench Press · Barbell",,,,,,""
03/12/2024,🔹,"Bench Press · Barbell",1,50,kg,10,rep,""
03/12/2024,🔹,"Bench Press · Barbell",2,60,kg,6,rep,""
03/12/2024,🔹,"Bench Press · Barbell",3,60,kg,6,rep,""
03/12/2024,🔹,"Bench Press · Barbell",4,60,kg,6,rep,""
03/12/2024,🔹,"Bench Press · Barbell",5,60,kg,6,rep,""
03/12/2024,🏋️‍♂️,"Incline Bench Press · Barbell",,,,,,""
03/12/2024,🔹,"Incline Bench Press · Barbell",1,40,kg,13,rep,""
03/12/2024,🔹,"Incline Bench Press · Barbell",2,40,kg,12,rep,""
03/12/2024,🔹,"Incline Bench Press · Barbell",3,40,kg,12,rep,""
03/12/2024,🏋️‍♂️,"Pec Deck · Machine",,,,,,""
03/12/2024,🔹,"Pec Deck · Machine",1,100,lb,15,rep,""
03/12/2024,🔹,"Pec Deck · Machine",2,100,lb,15,rep,""
03/12/2024,🏋️‍♂️,"Rear Delt",,,,,,""
03/12/2024,🔹,"Rear Delt",1,80,lb,15,rep,""
03/12/2024,🔹,"Rear Delt",2,80,lb,13,rep,""
03/12/2024,🏋️‍♂️,"Seated Overhead Press · Dumbbell",,,,,,""
03/12/2024,🔹,"Seated Overhead Press · Dumbbell",1,30,kg,13,rep,""
03/12/2024,🔹,"Seated Overhead Press · Dumbbell",2,30,kg,12,rep,""
03/12/2024,🏋️‍♂️,"Cable Raise (Cybex Seilzug)",,,,,,""
03/12/2024,🔹,"Cable Raise (Cybex Seilzug)",1,2,kg,10,rep,""
03/12/2024,🔹,"Cable Raise (Cybex Seilzug)",2,2,kg,10,rep,""
03/12/2024,🏋️‍♂️,"Single Arm Overhead Triceps Extension · Dumbbell",,,,,,""
03/12/2024,🔹,"Single Arm Overhead Triceps Extension · Dumbbell",1,7,kg,12,rep,""
03/12/2024,🔹,"Single Arm Overhead Triceps Extension · Dumbbell",2,7,kg,12,rep,""
03/12/2024,🏋️‍♂️,"Cable Kickback",,,,,,""
03/12/2024,🔹,"Cable Kickback",1,10,lb,16,rep,""
03/12/2024,🔹,"Cable Kickback",2,10,lb,16,rep,""
03/12/2024,🏋️‍♂️,"Tricep Extension · Cable",,,,,,""
03/12/2024,🔹,"Tricep Extension · Cable",1,55,lb,10,rep,""
03/12/2024,🔹,"Tricep Extension · Cable",2,55,lb,10,rep,""
03/12/2024,🏋️‍♂️,"Chin Up",,,,,,""
03/12/2024,🔹,"Chin Up",1,0,kg,9,rep,""
03/12/2024,🔹,"Chin Up",2,0,kg,8,rep,""
05/12/2024,📅,,,,,,,"97 min"
05/12/2024,🏋️‍♂️,"VAF Ruckeninsulator",,,,,,""
05/12/2024,🔹,"VAF Ruckeninsulator",1,11,kg,15,rep,""
05/12/2024,🔹,"VAF Ruckeninsulator",2,11,kg,15,rep,""
05/12/2024,🔹,"VAF Ruckeninsulator",3,11,kg,15,rep,""
05/12/2024,🏋️‍♂️,"Lat Pull Down · Cable",,,,,,""
05/12/2024,🔹,"Lat Pull Down · Cable",1,47.5,kg,13,rep,""
05/12/2024,🔹,"Lat Pull Down · Cable",2,50,kg,9,rep,""
05/12/2024,🔹,"Lat Pull Down · Cable",3,50,kg,9,rep,""
05/12/2024,🏋️‍♂️,"Seated Row · Cable",,,,,,""
05/12/2024,🔹,"Seated Row · Cable",1,50,kg,12,rep,""
05/12/2024,🔹,"Seated Row · Cable",2,50,kg,12,rep,""
05/12/2024,🔹,"Seated Row · Cable",3,50,kg,12,rep,""
05/12/2024,🏋️‍♂️,"Preacher Curl · Barbell",,,,,,""
05/12/2024,🔹,"Preacher Curl · Barbell",1,24,kg,12,rep,""
05/12/2024,🔹,"Preacher Curl · Barbell",2,24,kg,11,rep,""
05/12/2024,🔹,"Preacher Curl · Barbell",3,24,kg,9,rep,""
05/12/2024,🏋️‍♂️,"Hammer Curl · Dumbbell",,,,,,""
05/12/2024,🔹,"Hammer Curl · Dumbbell",1,9,kg,9,rep,""
05/12/2024,🔹,"Hammer Curl · Dumbbell",2,9,kg,9,rep,""
05/12/2024,🏋️‍♂️,"Calf Press · Machine",,,,,,""
05/12/2024,🔹,"Calf Press · Machine",1,250,kg,20,rep,""
05/12/2024,🔹,"Calf Press · Machine",2,250,kg,15,rep,""
05/12/2024,🏋️‍♂️,"Cybex Hack Squat",,,,,,""
05/12/2024,🔹,"Cybex Hack Squat",1,12,kg,10,rep,""
05/12/2024,🔹,"Cybex Hack Squat",2,12,kg,10,rep,""
05/12/2024,🏋️‍♂️,"Leg Extension · Machine",,,,,,""
05/12/2024,🔹,"Leg Extension · Machine",1,120,lb,15,rep,""
05/12/2024,🔹,"Leg Extension · Machine",2,120,lb,11,rep,""
05/12/2024,🏋️‍♂️🔗,"Leg Curl · Machine",,,,,,""
05/12/2024,🔹,"Leg Curl · Machine",1,110,lb,15,rep,""
05/12/2024,🔹,"Leg Curl · Machine",2,110,lb,13,rep,""
05/12/2024,🏋️‍♂️,"Tricep Dip",,,,,,""
05/12/2024,🔹,"Tricep Dip",1,0,kg,15,rep,""
05/12/2024,🔹,"Tricep Dip",2,0,kg,15,rep,""
06/12/2024,📅,,,,,,,"85 min"
06/12/2024,🏋️‍♂️,"Seated Overhead Press · Dumbbell",,,,,,""
06/12/2024,🔹,"Seated Overhead Press · Dumbbell",1,30,kg,15,rep,""
06/12/2024,🔹,"Seated Overhead Press · Dumbbell",2,30,kg,15,rep,""
06/12/2024,🔹,"Seated Overhead Press · Dumbbell",3,30,kg,15,rep,""
06/12/2024,🏋️‍♂️,"Cable Raise (Cybex Seilzug)",,,,,,""
06/12/2024,🔹,"Cable Raise (Cybex Seilzug)",1,2,kg,10,rep,""
06/12/2024,🔹,"Cable Raise (Cybex Seilzug)",2,2,kg,10,rep,""
06/12/2024,🔹,"Cable Raise (Cybex Seilzug)",3,2,kg,10,rep,""
06/12/2024,🏋️‍♂️,"Rear Delt",,,,,,""
06/12/2024,🔹,"Rear Delt",1,80,lb,15,rep,""
06/12/2024,🔹,"Rear Delt",2,80,lb,13,rep,""
06/12/2024,🏋️‍♂️,"Tricep Extension · Cable",,,,,,""
06/12/2024,🔹,"Tricep Extension · Cable",1,55,lb,10,rep,""
06/12/2024,🔹,"Tricep Extension · Cable",2,55,lb,10,rep,""
06/12/2024,🔹,"Tricep Extension · Cable",3,55,lb,11,rep,""
06/12/2024,🔹,"Tricep Extension · Cable",4,55,lb,11,rep,""
06/12/2024,🏋️‍♂️,"Skull crusher",,,,,,""
06/12/2024,🔹,"Skull crusher",1,19,kg,13,rep,""
06/12/2024,🔹,"Skull crusher",2,19,kg,14,rep,""
06/12/2024,🔹,"Skull crusher",3,19,kg,13,rep,""
06/12/2024,🏋️‍♂️,"Tricep Dip",,,,,,""
06/12/2024,🔹,"Tricep Dip",1,0,lb,12,rep,""
06/12/2024,🔹,"Tricep Dip",2,0,lb,12,rep,""
06/12/2024,🏋️‍♂️,"Bench Press · Dumbbell",,,,,,""
06/12/2024,🔹,"Bench Press · Dumbbell",1,40,kg,12,rep,""
06/12/2024,🔹,"Bench Press · Dumbbell",2,40,kg,12,rep,""
06/12/2024,🏋️‍♂️,"Pec Deck · Machine",,,,,,""
06/12/2024,🔹,"Pec Deck · Machine",1,100,lb,12,rep,""
06/12/2024,🔹,"Pec Deck · Machine",2,100,lb,15,rep,""
06/12/2024,🏋️‍♂️,"Assisted Pull Up",,,,,,""
06/12/2024,🔹,"Assisted Pull Up",1,6,kg,5,rep,""
06/12/2024,🔹,"Assisted Pull Up",2,6,kg,5,rep,""
11/12/2024,📅,,,,,,,"102 min"
11/12/2024,🏋️‍♂️,"Squat · Barbell",,,,,,""
11/12/2024,🔹,"Squat · Barbell",1,60,kg,10,rep,""
11/12/2024,🔹,"Squat · Barbell",2,60,kg,10,rep,""
11/12/2024,🔹,"Squat · Barbell",3,70,kg,10,rep,""
11/12/2024,🏋️‍♂️,"Hip Abduction · Machine",,,,,,""
11/12/2024,🔹,"Hip Abduction · Machine",1,110,lb,12,rep,""
11/12/2024,🔹,"Hip Abduction · Machine",2,110,lb,12,rep,""
11/12/2024,🏋️‍♂️🔗,"Hip Adduction · Machine",,,,,,""
11/12/2024,🔹,"Hip Adduction · Machine",1,110,lb,12,rep,""
11/12/2024,🔹,"Hip Adduction · Machine",2,110,lb,12,rep,""
11/12/2024,🏋️‍♂️,"Leg Curl · Machine",,,,,,""
11/12/2024,🔹,"Leg Curl · Machine",1,110,lb,12,rep,""
11/12/2024,🔹,"Leg Curl · Machine",2,110,lb,9,rep,""
11/12/2024,🏋️‍♂️,"Calf Press · Machine",,,,,,""
11/12/2024,🔹,"Calf Press · Machine",1,250,kg,20,rep,""
11/12/2024,🔹,"Calf Press · Machine",2,250,kg,20,rep,""
11/12/2024,🔹,"Calf Press · Machine",3,250,kg,20,rep,""
11/12/2024,🏋️‍♂️,"Supinating Curl · Dumbbell",,,,,,""
11/12/2024,🔹,"Supinating Curl · Dumbbell",1,9,kg,12,rep,""
11/12/2024,🔹,"Supinating Curl · Dumbbell",2,9,kg,12,rep,""
11/12/2024,🏋️‍♂️,"Concentration Curl · Dumbbell",,,,,,""
11/12/2024,🔹,"Concentration Curl · Dumbbell",1,9,kg,12,rep,""
11/12/2024,🔹,"Concentration Curl · Dumbbell",2,8,kg,11,rep,""
11/12/2024,🏋️‍♂️,"VAF Ruckeninsulator",,,,,,""
11/12/2024,🔹,"VAF Ruckeninsulator",1,11,kg,12,rep,""
11/12/2024,🔹,"VAF Ruckeninsulator",2,11,kg,12,rep,""
11/12/2024,🔹,"VAF Ruckeninsulator",3,11,kg,12,rep,""
11/12/2024,🏋️‍♂️,"Lat Pull Down · Cable",,,,,,""
11/12/2024,🔹,"Lat Pull Down · Cable",1,50,kg,9,rep,""
11/12/2024,🔹,"Lat Pull Down · Cable",2,50,kg,9,rep,""
11/12/2024,🔹,"Lat Pull Down · Cable",3,50,kg,9,rep,""
11/12/2024,🏋️‍♂️,"Tricep Dip",,,,,,""
11/12/2024,🔹,"Tricep Dip",1,0,lb,13,rep,""
11/12/2024,🔹,"Tricep Dip",2,0,lb,13,rep,""
13/12/2024,📅,,,,,,,"39 min"
13/12/2024,🏋️‍♂️,"Bench Press · Barbell",,,,,,""
13/12/2024,🔹,"Bench Press · Barbell",1,60,kg,6,rep,""
13/12/2024,🔹,"Bench Press · Barbell",2,60,kg,6,rep,""
13/12/2024,🔹,"Bench Press · Barbell",3,60,kg,6,rep,""
13/12/2024,🔹,"Bench Press · Barbell",4,60,kg,6,rep,""
13/12/2024,🏋️‍♂️,"Incline Bench Press · Barbell",,,,,,""
13/12/2024,🔹,"Incline Bench Press · Barbell",1,40,kg,12,rep,""
13/12/2024,🔹,"Incline Bench Press · Barbell",2,40,kg,12,rep,""
13/12/2024,🔹,"Incline Bench Press · Barbell",3,40,kg,12,rep,""
13/12/2024,🏋️‍♂️,"Pec Deck · Machine",,,,,,""
13/12/2024,🔹,"Pec Deck · Machine",1,100,lb,15,rep,""
13/12/2024,🔹,"Pec Deck · Machine",2,100,lb,15,rep,""
13/12/2024,🏋️‍♂️,"Rear Delt",,,,,,""
13/12/2024,🔹,"Rear Delt",1,80,lb,15,rep,""
13/12/2024,🔹,"Rear Delt",2,80,lb,13,rep,""
13/12/2024,🏋️‍♂️,"Seated Overhead Press · Dumbbell",,,,,,""
13/12/2024,🔹,"Seated Overhead Press · Dumbbell",1,30,kg,13,rep,""
13/12/2024,🔹,"Seated Overhead Press · Dumbbell",2,30,kg,12,rep,""
13/12/2024,🏋️‍♂️,"Cable Raise (Cybex Seilzug)",,,,,,""
13/12/2024,🔹,"Cable Raise (Cybex Seilzug)",1,2,kg,10,rep,""
13/12/2024,🔹,"Cable Raise (Cybex Seilzug)",2,2,kg,10,rep,""
13/12/2024,🔹,"Cable Raise (Cybex Seilzug)",3,2,kg,10,rep,""
13/12/2024,🏋️‍♂️,"Single Arm Overhead Triceps Extension · Dumbbell",,,,,,""
13/12/2024,🔹,"Single Arm Overhead Triceps Extension · Dumbbell",1,7,kg,12,rep,""
13/12/2024,🔹,"Single Arm Overhead Triceps Extension · Dumbbell",2,7,kg,12,rep,""
13/12/2024,🏋️‍♂️,"Cable Kickback",,,,,,""
13/12/2024,🔹,"Cable Kickback",1,10,lb,16,rep,""
13/12/2024,🔹,"Cable Kickback",2,10,lb,16,rep,""
13/12/2024,🏋️‍♂️,"Tricep Extension · Cable",,,,,,""
13/12/2024,🔹,"Tricep Extension · Cable",1,55,lb,10,rep,""
13/12/2024,🔹,"Tricep Extension · Cable",2,55,lb,10,rep,""
13/12/2024,🔹,"Tricep Extension · Cable",3,55,lb,11,rep,""
13/12/2024,🏋️‍♂️,"Chin Up",,,,,,""
13/12/2024,🔹,"Chin Up",1,0,kg,9,rep,""
13/12/2024,🔹,"Chin Up",2,0,kg,8,rep,""
13/12/2024,🏋️‍♂️,"Tricep Dip",,,,,,""
13/12/2024,🔹,"Tricep Dip",1,0,lb,15,rep,""
13/12/2024,🔹,"Tricep Dip",2,0,lb,15,rep,""
06/01/2025,📅,,,,,,,"75 min"
06/01/2025,🏋️‍♂️,"Squat · Barbell",,,,,,""
06/01/2025,🔹,"Squat · Barbell",1,20,kg,9,rep,""
06/01/2025,🔹,"Squat · Barbell",2,40,kg,9,rep,""
06/01/2025,🔹,"Squat · Barbell",3,60,kg,9,rep,""
06/01/2025,🔹,"Squat · Barbell",4,60,kg,9,rep,""
06/01/2025,🏋️‍♂️,"Romanian Deadlift · Barbell",,,,,,""
06/01/2025,🔹,"Romanian Deadlift · Barbell",1,40,kg,12,rep,""
06/01/2025,🔹,"Romanian Deadlift · Barbell",2,40,kg,10,rep,""
06/01/2025,🔹,"Romanian Deadlift · Barbell",3,40,kg,9,rep,""
06/01/2025,🏋️‍♂️,"Hip Abduction · Machine",,,,,,""
06/01/2025,🔹,"Hip Abduction · Machine",1,100,lb,15,rep,""
06/01/2025,🔹,"Hip Abduction · Machine",2,110,lb,15,rep,""
06/01/2025,🏋️‍♂️🔗,"Hip Adduction · Machine",,,,,,""
06/01/2025,🔹,"Hip Adduction · Machine",1,100,lb,15,rep,""
06/01/2025,🔹,"Hip Adduction · Machine",2,110,lb,15,rep,""
06/01/2025,🏋️‍♂️,"Calf Press · Machine",,,,,,""
06/01/2025,🔹,"Calf Press · Machine",1,250,kg,15,rep,""
06/01/2025,🔹,"Calf Press · Machine",2,250,kg,15,rep,""
06/01/2025,🔹,"Calf Press · Machine",3,250,kg,15,rep,""
06/01/2025,🏋️‍♂️,"Single arm lat pulldown",,,,,,""
06/01/2025,🔹,"Single arm lat pulldown",1,50,kg,15,rep,""
06/01/2025,🔹,"Single arm lat pulldown",2,50,kg,14,rep,""
06/01/2025,🏋️‍♂️,"Single arm seated cable row",,,,,,""
06/01/2025,🔹,"Single arm seated cable row",1,41,kg,12,rep,""
06/01/2025,🔹,"Single arm seated cable row",2,41,kg,12,rep,""
06/01/2025,🏋️‍♂️,"Supinating Curl · Dumbbell",,,,,,""
06/01/2025,🔹,"Supinating Curl · Dumbbell",1,9,kg,12,rep,""
06/01/2025,🔹,"Supinating Curl · Dumbbell",2,9,kg,12,rep,""
06/01/2025,🏋️‍♂️,"Concentration Curl · Dumbbell",,,,,,""
06/01/2025,🔹,"Concentration Curl · Dumbbell",1,9,kg,6,rep,""
06/01/2025,🔹,"Concentration Curl · Dumbbell",2,9,kg,7,rep,""
06/01/2025,🏋️‍♂️,"Tricep Dip",,,,,,""
06/01/2025,🔹,"Tricep Dip",1,0,lb,12,rep,""
06/01/2025,🔹,"Tricep Dip",2,0,lb,12,rep,""
07/01/2025,📅,,,,,,,"84 min"
07/01/2025,🏋️‍♂️,"Bench Press · Barbell",,,,,,""
07/01/2025,🔹,"Bench Press · Barbell",1,50,kg,10,rep,""
07/01/2025,🔹,"Bench Press · Barbell",2,50,kg,8,rep,""
07/01/2025,🔹,"Bench Press · Barbell",3,50,kg,8,rep,""
07/01/2025,🔹,"Bench Press · Barbell",4,50,kg,6,rep,""
07/01/2025,🏋️‍♂️,"Incline Bench Press · Barbell",,,,,,""
07/01/2025,🔹,"Incline Bench Press · Barbell",1,40,kg,9,rep,""
07/01/2025,🔹,"Incline Bench Press · Barbell",2,40,kg,9,rep,""
07/01/2025,🔹,"Incline Bench Press · Barbell",3,40,kg,6,rep,""
07/01/2025,🏋️‍♂️,"Pec Deck · Machine",,,,,,""
07/01/2025,🔹,"Pec Deck · Machine",1,90,lb,10,rep,""
07/01/2025,🔹,"Pec Deck · Machine",2,90,lb,8,rep,""
07/01/2025,🏋️‍♂️,"Rear Delt",,,,,,""
07/01/2025,🔹,"Rear Delt",1,70,lb,15,rep,""
07/01/2025,🔹,"Rear Delt",2,70,lb,10,rep,""
07/01/2025,🏋️‍♂️,"Seated Overhead Press · Dumbbell",,,,,,""
07/01/2025,🔹,"Seated Overhead Press · Dumbbell",1,25,kg,9,rep,""
07/01/2025,🔹,"Seated Overhead Press · Dumbbell",2,25,kg,8,rep,""
07/01/2025,🏋️‍♂️,"Cable Raise (Cybex Seilzug)",,,,,,""
07/01/2025,🔹,"Cable Raise (Cybex Seilzug)",1,2,kg,7,rep,""
07/01/2025,🔹,"Cable Raise (Cybex Seilzug)",2,2,kg,10,rep,""
07/01/2025,🏋️‍♂️,"Single Arm Overhead Triceps Extension · Dumbbell",,,,,,""
07/01/2025,🔹,"Single Arm Overhead Triceps Extension · Dumbbell",1,6,kg,7,rep,""
07/01/2025,🔹,"Single Arm Overhead Triceps Extension · Dumbbell",2,6,kg,12,rep,""
07/01/2025,🏋️‍♂️,"Cable Kickback",,,,,,""
07/01/2025,🔹,"Cable Kickback",1,10,lb,13,rep,""
07/01/2025,🔹,"Cable Kickback",2,10,lb,12,rep,""
07/01/2025,🏋️‍♂️,"Tricep Extension · Cable",,,,,,""
07/01/2025,🔹,"Tricep Extension · Cable",1,47.5,lb,9,rep,""
07/01/2025,🔹,"Tricep Extension · Cable",2,47.5,lb,9,rep,""
07/01/2025,🏋️‍♂️,"Pull Up",,,,,,""
07/01/2025,🔹,"Pull Up",1,-9,kg,10,rep,""
07/01/2025,🔹,"Pull Up",2,-7,kg,10,rep,""
09/01/2025,📅,,,,,,,"75 min"
09/01/2025,🏋️‍♂️,"Lat Pull Down · Cable",,,,,,""
09/01/2025,🔹,"Lat Pull Down · Cable",1,47.5,kg,10,rep,""
09/01/2025,🔹,"Lat Pull Down · Cable",2,47.5,kg,10,rep,""
09/01/2025,🔹,"Lat Pull Down · Cable",3,47.5,kg,11,rep,""
09/01/2025,🏋️‍♂️,"VAF Ruckeninsulator",,,,,,""
09/01/2025,🔹,"VAF Ruckeninsulator",1,10,kg,10,rep,""
09/01/2025,🔹,"VAF Ruckeninsulator",2,10,kg,10,rep,""
09/01/2025,🔹,"VAF Ruckeninsulator",3,10,kg,15,rep,""
09/01/2025,🏋️‍♂️,"Seated Row · Cable",,,,,,""
09/01/2025,🔹,"Seated Row · Cable",1,47.5,kg,8,rep,""
09/01/2025,🔹,"Seated Row · Cable",2,47.5,kg,7,rep,""
09/01/2025,🔹,"Seated Row · Cable",3,47.5,kg,8,rep,""
09/01/2025,🏋️‍♂️,"Preacher Curl · Barbell",,,,,,""
09/01/2025,🔹,"Preacher Curl · Barbell",1,19,kg,11,rep,""
09/01/2025,🔹,"Preacher Curl · Barbell",2,19,kg,9,rep,""
09/01/2025,🔹,"Preacher Curl · Barbell",3,19,kg,9,rep,""
09/01/2025,🏋️‍♂️,"Hammer Curl · Dumbbell",,,,,,""
09/01/2025,🔹,"Hammer Curl · Dumbbell",1,8,kg,7,rep,""
09/01/2025,🔹,"Hammer Curl · Dumbbell",2,8,kg,7,rep,""
09/01/2025,🏋️‍♂️,"Calf Press · Machine",,,,,,""
09/01/2025,🔹,"Calf Press · Machine",1,250,kg,15,rep,""
09/01/2025,🔹,"Calf Press · Machine",2,250,kg,15,rep,""
09/01/2025,🏋️‍♂️,"Cybex Hack Squat",,,,,,""
09/01/2025,🔹,"Cybex Hack Squat",1,10,kg,10,rep,""
09/01/2025,🔹,"Cybex Hack Squat",2,12,kg,10,rep,""
09/01/2025,🏋️‍♂️,"Leg Extension · Machine",,,,,,""
09/01/2025,🔹,"Leg Extension · Machine",1,120,lb,15,rep,""
09/01/2025,🔹,"Leg Extension · Machine",2,120,lb,11,rep,""
09/01/2025,🏋️‍♂️🔗,"Leg Curl · Machine",,,,,,""
09/01/2025,🔹,"Leg Curl · Machine",1,110,lb,15,rep,""
09/01/2025,🔹,"Leg Curl · Machine",2,110,lb,13,rep,""
09/01/2025,🏋️‍♂️,"Tricep Dip",,,,,,""
09/01/2025,🔹,"Tricep Dip",1,0,lb,10,rep,""
09/01/2025,🔹,"Tricep Dip",2,0,lb,10,rep,""
10/01/2025,📅,,,,,,,"82 min"
10/01/2025,🏋️‍♂️,"Seated Overhead Press · Dumbbell",,,,,,""
10/01/2025,🔹,"Seated Overhead Press · Dumbbell",1,25,kg,11,rep,""
10/01/2025,🔹,"Seated Overhead Press · Dumbbell",2,25,kg,10,rep,""
10/01/2025,🔹,"Seated Overhead Press · Dumbbell",3,25,kg,11,rep,""
10/01/2025,🏋️‍♂️,"Cable Raise (Cybex Seilzug)",,,,,,""
10/01/2025,🔹,"Cable Raise (Cybex Seilzug)",1,2,kg,8,rep,""
10/01/2025,🔹,"Cable Raise (Cybex Seilzug)",2,2,kg,8,rep,""
10/01/2025,🔹,"Cable Raise (Cybex Seilzug)",3,2,kg,8,rep,""
10/01/2025,🏋️‍♂️,"Rear Delt",,,,,,""
10/01/2025,🔹,"Rear Delt",1,70,lb,14,rep,""
10/01/2025,🔹,"Rear Delt",2,70,lb,13,rep,""
10/01/2025,🏋️‍♂️,"Tricep Extension · Cable",,,,,,""
10/01/2025,🔹,"Tricep Extension · Cable",1,47.5,lb,12,rep,""
10/01/2025,🔹,"Tricep Extension · Cable",2,47.5,lb,12,rep,""
10/01/2025,🔹,"Tricep Extension · Cable",3,47.5,lb,11,rep,""
10/01/2025,🏋️‍♂️,"Skull crusher",,,,,,""
10/01/2025,🔹,"Skull crusher",1,19,kg,9,rep,""
10/01/2025,🔹,"Skull crusher",2,19,kg,9,rep,""
10/01/2025,🔹,"Skull crusher",3,19,kg,9,rep,""
10/01/2025,🏋️‍♂️,"Tricep Dip",,,,,,""
10/01/2025,🔹,"Tricep Dip",1,0,lb,9,rep,""
10/01/2025,🔹,"Tricep Dip",2,0,lb,7,rep,""
10/01/2025,🏋️‍♂️,"Bench Press · Dumbbell",,,,,,""
10/01/2025,🔹,"Bench Press · Dumbbell",1,35,kg,8,rep,""
10/01/2025,🔹,"Bench Press · Dumbbell",2,35,kg,8,rep,""
10/01/2025,🏋️‍♂️,"Pec Deck · Machine",,,,,,""
10/01/2025,🔹,"Pec Deck · Machine",1,90,lb,12,rep,""
10/01/2025,🔹,"Pec Deck · Machine",2,90,lb,15,rep,""
10/01/2025,🏋️‍♂️,"Chin Up",,,,,,""
10/01/2025,🔹,"Chin Up",1,0,kg,6,rep,""
10/01/2025,🔹,"Chin Up",2,0,kg,5,rep,""
13/01/2025,📅,,,,,,,"82 min"
13/01/2025,🏋️‍♂️,"Squat · Barbell",,,,,,""
13/01/2025,🔹,"Squat · Barbell",1,40,kg,9,rep,""
13/01/2025,🔹,"Squat · Barbell",2,50,kg,9,rep,""
13/01/2025,🔹,"Squat · Barbell",3,60,kg,9,rep,""
13/01/2025,🔹,"Squat · Barbell",4,60,kg,9,rep,""
13/01/2025,🏋️‍♂️,"Leg Curl · Machine",,,,,,""
13/01/2025,🔹,"Leg Curl · Machine",1,90,lb,15,rep,""
13/01/2025,🔹,"Leg Curl · Machine",2,100,lb,15,rep,""
13/01/2025,🏋️‍♂️,"Hip Abduction · Machine",,,,,,""
13/01/2025,🔹,"Hip Abduction · Machine",1,110,lb,15,rep,""
13/01/2025,🔹,"Hip Abduction · Machine",2,110,lb,12,rep,""
13/01/2025,🏋️‍♂️🔗,"Hip Adduction · Machine",,,,,,""
13/01/2025,🔹,"Hip Adduction · Machine",1,110,lb,15,rep,""
13/01/2025,🔹,"Hip Adduction · Machine",2,110,lb,12,rep,""
13/01/2025,🏋️‍♂️,"Calf Press · Machine",,,,,,""
13/01/2025,🔹,"Calf Press · Machine",1,250,kg,20,rep,""
13/01/2025,🔹,"Calf Press · Machine",2,250,kg,17,rep,""
13/01/2025,🔹,"Calf Press · Machine",3,250,kg,15,rep,""
13/01/2025,🏋️‍♂️,"Single arm lat pulldown",,,,,,""
13/01/2025,🔹,"Single arm lat pulldown",1,50,kg,15,rep,""
13/01/2025,🔹,"Single arm lat pulldown",2,50,kg,13,rep,""
13/01/2025,🏋️‍♂️,"Single arm seated cable row",,,,,,""
13/01/2025,🔹,"Single arm seated cable row",1,41,kg,12,rep,""
13/01/2025,🔹,"Single arm seated cable row",2,41,kg,12,rep,""
13/01/2025,🏋️‍♂️,"Supinating Curl · Dumbbell",,,,,,""
13/01/2025,🔹,"Supinating Curl · Dumbbell",1,9,kg,9,rep,""
13/01/2025,🔹,"Supinating Curl · Dumbbell",2,9,kg,8,rep,""
13/01/2025,🏋️‍♂️,"Concentration Curl · Dumbbell",,,,,,""
13/01/2025,🔹,"Concentration Curl · Dumbbell",1,9,kg,7,rep,""
13/01/2025,🔹,"Concentration Curl · Dumbbell",2,9,kg,7,rep,""
13/01/2025,🏋️‍♂️,"Tricep Dip",,,,,,""
13/01/2025,🔹,"Tricep Dip",1,0,lb,12,rep,""
13/01/2025,🔹,"Tricep Dip",2,0,lb,12,rep,""
14/01/2025,📅,,,,,,,"91 min"
14/01/2025,🏋️‍♂️,"Bench Press · Barbell",,,,,,""
14/01/2025,🔹,"Bench Press · Barbell",1,50,kg,10,rep,""
14/01/2025,🔹,"Bench Press · Barbell",2,50,kg,10,rep,""
14/01/2025,🔹,"Bench Press · Barbell",3,50,kg,9,rep,""
14/01/2025,🔹,"Bench Press · Barbell",4,50,kg,7,rep,""
14/01/2025,🏋️‍♂️,"Incline Bench Press · Barbell",,,,,,""
14/01/2025,🔹,"Incline Bench Press · Barbell",1,40,kg,10,rep,""
14/01/2025,🔹,"Incline Bench Press · Barbell",2,40,kg,10,rep,""
14/01/2025,🔹,"Incline Bench Press · Barbell",3,40,kg,10,rep,""
14/01/2025,🏋️‍♂️,"Pec Deck · Machine",,,,,,""
14/01/2025,🔹,"Pec Deck · Machine",1,90,lb,15,rep,""
14/01/2025,🔹,"Pec Deck · Machine",2,90,lb,12,rep,""
14/01/2025,🏋️‍♂️,"Rear Delt",,,,,,""
14/01/2025,🔹,"Rear Delt",1,70,lb,15,rep,""
14/01/2025,🔹,"Rear Delt",2,70,lb,12,rep,""
14/01/2025,🏋️‍♂️,"Seated Overhead Press · Dumbbell",,,,,,""
14/01/2025,🔹,"Seated Overhead Press · Dumbbell",1,25,kg,15,rep,""
14/01/2025,🔹,"Seated Overhead Press · Dumbbell",2,25,kg,12,rep,""
14/01/2025,🏋️‍♂️,"Cable Raise (Cybex Seilzug)",,,,,,""
14/01/2025,🔹,"Cable Raise (Cybex Seilzug)",1,2,kg,9,rep,""
14/01/2025,🔹,"Cable Raise (Cybex Seilzug)",2,2,kg,10,rep,""
14/01/2025,🏋️‍♂️,"Single Arm Overhead Triceps Extension · Dumbbell",,,,,,""
14/01/2025,🔹,"Single Arm Overhead Triceps Extension · Dumbbell",1,6,kg,12,rep,""
14/01/2025,🔹,"Single Arm Overhead Triceps Extension · Dumbbell",2,6,kg,12,rep,""
14/01/2025,🏋️‍♂️,"Cable Kickback",,,,,,""
14/01/2025,🔹,"Cable Kickback",1,10,lb,13,rep,""
14/01/2025,🔹,"Cable Kickback",2,10,lb,12,rep,""
14/01/2025,🏋️‍♂️,"Tricep Extension · Cable",,,,,,""
14/01/2025,🔹,"Tricep Extension · Cable",1,47.5,lb,10,rep,""
14/01/2025,🔹,"Tricep Extension · Cable",2,47.5,lb,10,rep,""
14/01/2025,🏋️‍♂️,"Pull Up",,,,,,""
14/01/2025,🔹,"Pull Up",1,-6,kg,7,rep,""
14/01/2025,🔹,"Pull Up",2,-7,kg,10,rep,""
16/01/2025,📅,,,,,,,"78 min"
16/01/2025,🏋️‍♂️,"Lat Pull Down · Cable",,,,,,""
16/01/2025,🔹,"Lat Pull Down · Cable",1,47.5,kg,12,rep,""
16/01/2025,🔹,"Lat Pull Down · Cable",2,47.5,kg,12,rep,""
16/01/2025,🔹,"Lat Pull Down · Cable",3,47.5,kg,12,rep,""
16/01/2025,🏋️‍♂️,"VAF Ruckeninsulator",,,,,,""
16/01/2025,🔹,"VAF Ruckeninsulator",1,10,kg,10,rep,""
16/01/2025,🔹,"VAF Ruckeninsulator",2,10,kg,10,rep,""
16/01/2025,🔹,"VAF Ruckeninsulator",3,8,kg,10,rep,""
16/01/2025,🏋️‍♂️,"Seated Row · Cable",,,,,,""
16/01/2025,🔹,"Seated Row · Cable",1,47.5,kg,10,rep,""
16/01/2025,🔹,"Seated Row · Cable",2,47.5,kg,10,rep,""
16/01/2025,🏋️‍♂️,"Preacher Curl · Barbell",,,,,,""
16/01/2025,🔹,"Preacher Curl · Barbell",1,19,kg,12,rep,""
16/01/2025,🔹,"Preacher Curl · Barbell",2,19,kg,10,rep,""
16/01/2025,🔹,"Preacher Curl · Barbell",3,19,kg,10,rep,""
16/01/2025,🏋️‍♂️,"Hammer Curl · Dumbbell",,,,,,""
16/01/2025,🔹,"Hammer Curl · Dumbbell",1,8,kg,12,rep,""
16/01/2025,🔹,"Hammer Curl · Dumbbell",2,8,kg,7,rep,""
16/01/2025,🏋️‍♂️,"Calf Press · Machine",,,,,,""
16/01/2025,🔹,"Calf Press · Machine",1,265,kg,20,rep,""
16/01/2025,🔹,"Calf Press · Machine",2,250,kg,15,rep,""
16/01/2025,🏋️‍♂️,"Leg Extension · Machine",,,,,,""
16/01/2025,🔹,"Leg Extension · Machine",1,110,lb,15,rep,""
16/01/2025,🔹,"Leg Extension · Machine",2,110,lb,15,rep,""
16/01/2025,🏋️‍♂️🔗,"Leg Curl · Machine",,,,,,""
16/01/2025,🔹,"Leg Curl · Machine",1,90,lb,15,rep,""
16/01/2025,🔹,"Leg Curl · Machine",2,100,lb,13,rep,""
16/01/2025,🏋️‍♂️,"Tricep Dip",,,,,,""
16/01/2025,🔹,"Tricep Dip",1,0,lb,13,rep,""
16/01/2025,🔹,"Tricep Dip",2,0,lb,13,rep,""
17/01/2025,📅,,,,,,,"69 min"
17/01/2025,🏋️‍♂️,"Tricep Dip",,,,,,""
17/01/2025,🔹,"Tricep Dip",1,0,lb,15,rep,""
17/01/2025,🔹,"Tricep Dip",2,0,lb,13,rep,""
17/01/2025,🔹,"Tricep Dip",3,0,lb,10,rep,""
17/01/2025,🏋️‍♂️,"Tricep Extension · Cable",,,,,,""
17/01/2025,🔹,"Tricep Extension · Cable",1,47.5,lb,12,rep,""
17/01/2025,🔹,"Tricep Extension · Cable",2,47.5,lb,7,rep,""
17/01/2025,🔹,"Tricep Extension · Cable",3,47.5,lb,7,rep,""
17/01/2025,🏋️‍♂️,"Skull crusher",,,,,,""
17/01/2025,🔹,"Skull crusher",1,19,kg,9,rep,""
17/01/2025,🔹,"Skull crusher",2,19,kg,9,rep,""
17/01/2025,🔹,"Skull crusher",3,19,kg,9,rep,""
17/01/2025,🏋️‍♂️,"Seated Overhead Press · Dumbbell",,,,,,""
17/01/2025,🔹,"Seated Overhead Press · Dumbbell",1,25,kg,15,rep,""
17/01/2025,🔹,"Seated Overhead Press · Dumbbell",2,25,kg,15,rep,""
17/01/2025,🔹,"Seated Overhead Press · Dumbbell",3,25,kg,15,rep,""
17/01/2025,🏋️‍♂️,"Cable Raise (Cybex Seilzug)",,,,,,""
17/01/2025,🔹,"Cable Raise (Cybex Seilzug)",1,2,kg,9,rep,""
17/01/2025,🔹,"Cable Raise (Cybex Seilzug)",2,2,kg,8,rep,""
17/01/2025,🔹,"Cable Raise (Cybex Seilzug)",3,2,kg,8,rep,""
17/01/2025,🏋️‍♂️,"Rear Delt",,,,,,""
17/01/2025,🔹,"Rear Delt",1,70,lb,14,rep,""
17/01/2025,🔹,"Rear Delt",2,70,lb,13,rep,""
17/01/2025,🏋️‍♂️,"Bench Press · Dumbbell",,,,,,""
17/01/2025,🔹,"Bench Press · Dumbbell",1,35,kg,15,rep,""
17/01/2025,🔹,"Bench Press · Dumbbell",2,35,kg,8,rep,""
17/01/2025,🏋️‍♂️,"Pec Deck · Machine",,,,,,""
17/01/2025,🔹,"Pec Deck · Machine",1,90,lb,15,rep,""
17/01/2025,🔹,"Pec Deck · Machine",2,90,lb,15,rep,""
17/01/2025,🏋️‍♂️,"Chin Up",,,,,,""
17/01/2025,🔹,"Chin Up",1,0,kg,6,rep,""
17/01/2025,🔹,"Chin Up",2,0,kg,5,rep,""
27/01/2025,📅,,,,,,,"87 min"
27/01/2025,🏋️‍♂️,"Squat · Barbell",,,,,,""
27/01/2025,🔹,"Squat · Barbell",1,60,kg,9,rep,""
27/01/2025,🔹,"Squat · Barbell",2,60,kg,9,rep,""
27/01/2025,🔹,"Squat · Barbell",3,60,kg,9,rep,""
27/01/2025,🔹,"Squat · Barbell",4,60,kg,9,rep,""
27/01/2025,🏋️‍♂️,"Leg Curl · Machine",,,,,,""
27/01/2025,🔹,"Leg Curl · Machine",1,100,lb,12,rep,""
27/01/2025,🔹,"Leg Curl · Machine",2,100,lb,13,rep,""
27/01/2025,🏋️‍♂️,"Hip Abduction · Machine",,,,,,""
27/01/2025,🔹,"Hip Abduction · Machine",1,110,lb,12,rep,""
27/01/2025,🔹,"Hip Abduction · Machine",2,110,lb,15,rep,""
27/01/2025,🏋️‍♂️🔗,"Hip Adduction · Machine",,,,,,""
27/01/2025,🔹,"Hip Adduction · Machine",1,110,lb,12,rep,""
27/01/2025,🔹,"Hip Adduction · Machine",2,110,lb,15,rep,""
27/01/2025,🏋️‍♂️,"Calf Press · Machine",,,,,,""
27/01/2025,🔹,"Calf Press · Machine",1,270,kg,15,rep,""
27/01/2025,🔹,"Calf Press · Machine",2,270,kg,15,rep,""
27/01/2025,🔹,"Calf Press · Machine",3,270,kg,15,rep,""
27/01/2025,🏋️‍♂️,"Single arm lat pulldown",,,,,,""
27/01/2025,🔹,"Single arm lat pulldown",1,50,kg,15,rep,""
27/01/2025,🔹,"Single arm lat pulldown",2,50,kg,15,rep,""
27/01/2025,🏋️‍♂️,"Single arm seated cable row",,,,,,""
27/01/2025,🔹,"Single arm seated cable row",1,41,kg,15,rep,""
27/01/2025,🔹,"Single arm seated cable row",2,41,kg,12,rep,""
27/01/2025,🏋️‍♂️,"Supinating Curl · Dumbbell",,,,,,""
27/01/2025,🔹,"Supinating Curl · Dumbbell",1,10,kg,8,rep,""
27/01/2025,🔹,"Supinating Curl · Dumbbell",2,10,kg,7,rep,""
27/01/2025,🏋️‍♂️,"Concentration Curl · Dumbbell",,,,,,""
27/01/2025,🔹,"Concentration Curl · Dumbbell",1,9,kg,6,rep,""
27/01/2025,🔹,"Concentration Curl · Dumbbell",2,9,kg,7,rep,""
27/01/2025,🏋️‍♂️,"Tricep Dip",,,,,,""
27/01/2025,🔹,"Tricep Dip",1,0,lb,15,rep,""
27/01/2025,🔹,"Tricep Dip",2,0,lb,12,rep,""
28/01/2025,📅,,,,,,,"94 min"
28/01/2025,🏋️‍♂️,"Bench Press · Barbell",,,,,,""
28/01/2025,🔹,"Bench Press · Barbell",1,50,kg,10,rep,""
28/01/2025,🔹,"Bench Press · Barbell",2,50,kg,10,rep,""
28/01/2025,🔹,"Bench Press · Barbell",3,50,kg,10,rep,""
28/01/2025,🔹,"Bench Press · Barbell",4,50,kg,10,rep,""
28/01/2025,🏋️‍♂️,"Incline Bench Press · Barbell",,,,,,""
28/01/2025,🔹,"Incline Bench Press · Barbell",1,40,kg,9,rep,""
28/01/2025,🔹,"Incline Bench Press · Barbell",2,40,kg,9,rep,""
28/01/2025,🔹,"Incline Bench Press · Barbell",3,40,kg,10,rep,""
28/01/2025,🏋️‍♂️,"Pec Deck · Machine",,,,,,""
28/01/2025,🔹,"Pec Deck · Machine",1,100,lb,9,rep,""
28/01/2025,🔹,"Pec Deck · Machine",2,100,lb,9,rep,""
28/01/2025,🏋️‍♂️,"Rear Delt",,,,,,""
28/01/2025,🔹,"Rear Delt",1,80,lb,10,rep,""
28/01/2025,🔹,"Rear Delt",2,80,lb,10,rep,""
28/01/2025,🏋️‍♂️,"Seated Overhead Press · Dumbbell",,,,,,""
28/01/2025,🔹,"Seated Overhead Press · Dumbbell",1,25,kg,11,rep,""
28/01/2025,🔹,"Seated Overhead Press · Dumbbell",2,25,kg,9,rep,""
28/01/2025,🏋️‍♂️,"Cable Raise (Cybex Seilzug)",,,,,,""
28/01/2025,🔹,"Cable Raise (Cybex Seilzug)",1,2,kg,10,rep,""
28/01/2025,🔹,"Cable Raise (Cybex Seilzug)",2,2,kg,10,rep,""
28/01/2025,🏋️‍♂️,"Cable Kickback",,,,,,""
28/01/2025,🔹,"Cable Kickback",1,10,lb,13,rep,""
28/01/2025,🔹,"Cable Kickback",2,10,lb,13,rep,""
28/01/2025,🏋️‍♂️,"Tricep press",,,,,,""
28/01/2025,🔹,"Tricep press",1,70,kg,12,rep,""
28/01/2025,🔹,"Tricep press",2,70,kg,12,rep,""
28/01/2025,🔹,"Tricep press",3,70,kg,12,rep,""
28/01/2025,🏋️‍♂️,"Pull Up",,,,,,""
28/01/2025,🔹,"Pull Up",1,0,kg,6,rep,""
28/01/2025,🔹,"Pull Up",2,0,kg,5,rep,""
30/01/2025,📅,,,,,,,"90 min"
30/01/2025,🏋️‍♂️,"Lat Pull Down · Cable",,,,,,""
30/01/2025,🔹,"Lat Pull Down · Cable",1,50,kg,12,rep,""
30/01/2025,🔹,"Lat Pull Down · Cable",2,50,kg,12,rep,""
30/01/2025,🔹,"Lat Pull Down · Cable",3,50,kg,12,rep,""
30/01/2025,🔹,"Lat Pull Down · Cable",4,47.5,kg,12,rep,""
30/01/2025,🏋️‍♂️,"VAF Ruckeninsulator",,,,,,""
30/01/2025,🔹,"VAF Ruckeninsulator",1,10,kg,12,rep,""
30/01/2025,🔹,"VAF Ruckeninsulator",2,10,kg,12,rep,""
30/01/2025,🏋️‍♂️,"Seated Row · Cable",,,,,,""
30/01/2025,🔹,"Seated Row · Cable",1,47.5,kg,12,rep,""
30/01/2025,🔹,"Seated Row · Cable",2,47.5,kg,12,rep,""
30/01/2025,🏋️‍♂️,"Preacher Curl · Barbell",,,,,,""
30/01/2025,🔹,"Preacher Curl · Barbell",1,19,kg,15,rep,""
30/01/2025,🔹,"Preacher Curl · Barbell",2,19,kg,12,rep,""
30/01/2025,🔹,"Preacher Curl · Barbell",3,19,kg,10,rep,""
30/01/2025,🏋️‍♂️,"Hammer Curl · Dumbbell",,,,,,""
30/01/2025,🔹,"Hammer Curl · Dumbbell",1,9,kg,9,rep,""
30/01/2025,🔹,"Hammer Curl · Dumbbell",2,9,kg,9,rep,""
30/01/2025,🏋️‍♂️,"Calf Press · Machine",,,,,,""
30/01/2025,🔹,"Calf Press · Machine",1,270,kg,15,rep,""
30/01/2025,🔹,"Calf Press · Machine",2,275,kg,15,rep,""
30/01/2025,🏋️‍♂️,"Leg Extension · Machine",,,,,,""
30/01/2025,🔹,"Leg Extension · Machine",1,120,lb,10,rep,""
30/01/2025,🔹,"Leg Extension · Machine",2,120,lb,12,rep,""
30/01/2025,🏋️‍♂️🔗,"Leg Curl · Machine",,,,,,""
30/01/2025,🔹,"Leg Curl · Machine",1,110,lb,10,rep,""
30/01/2025,🔹,"Leg Curl · Machine",2,110,lb,9,rep,""
30/01/2025,🏋️‍♂️,"Tricep Dip",,,,,,""
30/01/2025,🔹,"Tricep Dip",1,0,lb,16,rep,""
30/01/2025,🔹,"Tricep Dip",2,0,lb,12,rep,""
31/01/2025,📅,,,,,,,"85 min"
31/01/2025,🏋️‍♂️,"Overhead Press · Barbell",,,,,,""
31/01/2025,🔹,"Overhead Press · Barbell",1,23,kg,12,rep,""
31/01/2025,🔹,"Overhead Press · Barbell",2,23,kg,12,rep,""
31/01/2025,🔹,"Overhead Press · Barbell",3,23,kg,12,rep,""
31/01/2025,🏋️‍♂️,"Cable Raise (Cybex Seilzug)",,,,,,""
31/01/2025,🔹,"Cable Raise (Cybex Seilzug)",1,2,kg,10,rep,""
31/01/2025,🔹,"Cable Raise (Cybex Seilzug)",2,2,kg,10,rep,""
31/01/2025,🔹,"Cable Raise (Cybex Seilzug)",3,2.1,kg,9,rep,""
31/01/2025,🏋️‍♂️,"Rear Delt",,,,,,""
31/01/2025,🔹,"Rear Delt",1,90,lb,9,rep,""
31/01/2025,🔹,"Rear Delt",2,80,lb,7,rep,""
31/01/2025,🏋️‍♂️,"Tricep Dip",,,,,,""
31/01/2025,🔹,"Tricep Dip",1,0,lb,17,rep,""
31/01/2025,🔹,"Tricep Dip",2,0,lb,15,rep,""
31/01/2025,🔹,"Tricep Dip",3,0,lb,11,rep,""
31/01/2025,🏋️‍♂️,"Tricep Extension · Cable",,,,,,""
31/01/2025,🔹,"Tricep Extension · Cable",1,47.5,lb,12,rep,""
31/01/2025,🔹,"Tricep Extension · Cable",2,50,lb,10,rep,""
31/01/2025,🔹,"Tricep Extension · Cable",3,50,lb,10,rep,""
31/01/2025,🏋️‍♂️,"Skull crusher",,,,,,""
31/01/2025,🔹,"Skull crusher",1,19,kg,10,rep,""
31/01/2025,🔹,"Skull crusher",2,19,kg,10,rep,""
31/01/2025,🏋️‍♂️,"Bench Press · Dumbbell",,,,,,""
31/01/2025,🔹,"Bench Press · Dumbbell",1,40,kg,12,rep,""
31/01/2025,🔹,"Bench Press · Dumbbell",2,40,kg,10,rep,""
31/01/2025,🏋️‍♂️,"Single Pec Dec",,,,,,""
31/01/2025,🔹,"Single Pec Dec",1,70,kg,15,rep,""
31/01/2025,🔹,"Single Pec Dec",2,90,kg,16,rep,""
31/01/2025,🏋️‍♂️,"Chin Up",,,,,,""
31/01/2025,🔹,"Chin Up",1,0,kg,7,rep,""
31/01/2025,🔹,"Chin Up",2,0,kg,5,rep,""
03/02/2025,📅,,,,,,,"93 min"
03/02/2025,🏋️‍♂️,"Squat · Barbell",,,,,,""
03/02/2025,🔹,"Squat · Barbell",1,60,kg,9,rep,""
03/02/2025,🔹,"Squat · Barbell",2,60,kg,9,rep,""
03/02/2025,🔹,"Squat · Barbell",3,70,kg,6,rep,""
03/02/2025,🔹,"Squat · Barbell",4,70,kg,9,rep,""
03/02/2025,🏋️‍♂️,"Romanian Deadlift · Barbell",,,,,,""
03/02/2025,🔹,"Romanian Deadlift · Barbell",1,60,kg,8,rep,""
03/02/2025,🔹,"Romanian Deadlift · Barbell",2,60,kg,8,rep,""
03/02/2025,🔹,"Romanian Deadlift · Barbell",3,40,kg,9,rep,""
03/02/2025,🏋️‍♂️,"Hip Abduction · Machine",,,,,,""
03/02/2025,🔹,"Hip Abduction · Machine",1,110,lb,12,rep,""
03/02/2025,🔹,"Hip Abduction · Machine",2,110,lb,15,rep,""
03/02/2025,🏋️‍♂️🔗,"Hip Adduction · Machine",,,,,,""
03/02/2025,🔹,"Hip Adduction · Machine",1,110,lb,12,rep,""
03/02/2025,🔹,"Hip Adduction · Machine",2,110,lb,15,rep,""
03/02/2025,🏋️‍♂️,"Calf Press · Machine",,,,,,""
03/02/2025,🔹,"Calf Press · Machine",1,275,kg,15,rep,""
03/02/2025,🔹,"Calf Press · Machine",2,275,kg,15,rep,""
03/02/2025,🔹,"Calf Press · Machine",3,275,kg,15,rep,""
03/02/2025,🏋️‍♂️,"Single arm lat pulldown",,,,,,""
03/02/2025,🔹,"Single arm lat pulldown",1,54.5,kg,10,rep,""
03/02/2025,🔹,"Single arm lat pulldown",2,54.5,kg,12,rep,""
03/02/2025,🏋️‍♂️,"Single arm seated cable row",,,,,,""
03/02/2025,🔹,"Single arm seated cable row",1,47.5,kg,10,rep,""
03/02/2025,🔹,"Single arm seated cable row",2,47.5,kg,10,rep,""
03/02/2025,🏋️‍♂️,"Supinating Curl · Dumbbell",,,,,,""
03/02/2025,🔹,"Supinating Curl · Dumbbell",1,9,kg,12,rep,""
03/02/2025,🔹,"Supinating Curl · Dumbbell",2,10,kg,9,rep,""
03/02/2025,🏋️‍♂️,"Concentration Curl · Dumbbell",,,,,,""
03/02/2025,🔹,"Concentration Curl · Dumbbell",1,10,kg,9,rep,""
03/02/2025,🔹,"Concentration Curl · Dumbbell",2,10,kg,7,rep,""
03/02/2025,🏋️‍♂️,"Tricep Dip",,,,,,""
03/02/2025,🔹,"Tricep Dip",1,0,lb,17,rep,""
03/02/2025,🔹,"Tricep Dip",2,0,lb,12,rep,""
04/02/2025,📅,,,,,,,"91 min"
04/02/2025,🏋️‍♂️,"Bench Press · Barbell",,,,,,""
04/02/2025,🔹,"Bench Press · Barbell",1,60,kg,8,rep,""
04/02/2025,🔹,"Bench Press · Barbell",2,60,kg,8,rep,""
04/02/2025,🔹,"Bench Press · Barbell",3,60,kg,8,rep,""
04/02/2025,🔹,"Bench Press · Barbell",4,60,kg,8,rep,""
04/02/2025,🏋️‍♂️,"Incline Bench Press · Barbell",,,,,,""
04/02/2025,🔹,"Incline Bench Press · Barbell",1,40,kg,12,rep,""
04/02/2025,🔹,"Incline Bench Press · Barbell",2,40,kg,12,rep,""
04/02/2025,🔹,"Incline Bench Press · Barbell",3,40,kg,10,rep,""
04/02/2025,🏋️‍♂️,"Pec Deck · Machine",,,,,,""
04/02/2025,🔹,"Pec Deck · Machine",1,100,lb,12,rep,""
04/02/2025,🔹,"Pec Deck · Machine",2,100,lb,12,rep,""
04/02/2025,🏋️‍♂️,"Rear Delt",,,,,,""
04/02/2025,🔹,"Rear Delt",1,90,lb,10,rep,""
04/02/2025,🔹,"Rear Delt",2,90,lb,12,rep,""
04/02/2025,🏋️‍♂️,"Seated Overhead Press · Dumbbell",,,,,,""
04/02/2025,🔹,"Seated Overhead Press · Dumbbell",1,25,kg,15,rep,""
04/02/2025,🔹,"Seated Overhead Press · Dumbbell",2,25,kg,14,rep,""
04/02/2025,🏋️‍♂️,"Cable Raise (Cybex Seilzug)",,,,,,""
04/02/2025,🔹,"Cable Raise (Cybex Seilzug)",1,2.1,kg,9,rep,""
04/02/2025,🔹,"Cable Raise (Cybex Seilzug)",2,2.1,kg,9,rep,""
04/02/2025,🏋️‍♂️,"Tricep press",,,,,,""
04/02/2025,🔹,"Tricep press",1,70,kg,15,rep,""
04/02/2025,🔹,"Tricep press",2,80,kg,12,rep,""
04/02/2025,🔹,"Tricep press",3,90,kg,10,rep,""
04/02/2025,🏋️‍♂️,"Cable Kickback",,,,,,""
04/02/2025,🔹,"Cable Kickback",1,10,lb,13,rep,""
04/02/2025,🔹,"Cable Kickback",2,10,lb,13,rep,""
04/02/2025,🏋️‍♂️,"Pull Up",,,,,,""
04/02/2025,🔹,"Pull Up",1,0,kg,5,rep,""
04/02/2025,🔹,"Pull Up",2,0,kg,4,rep,""
06/02/2025,📅,,,,,,,"69 min"
06/02/2025,🏋️‍♂️,"Lat Pull Down · Cable",,,,,,""
06/02/2025,🔹,"Lat Pull Down · Cable",1,54.5,kg,9,rep,""
06/02/2025,🔹,"Lat Pull Down · Cable",2,54.5,kg,10,rep,""
06/02/2025,🔹,"Lat Pull Down · Cable",3,54.5,kg,9,rep,""
06/02/2025,🔹,"Lat Pull Down · Cable",4,54.5,kg,9,rep,""
06/02/2025,🏋️‍♂️,"VAF Ruckeninsulator",,,,,,""
06/02/2025,🔹,"VAF Ruckeninsulator",1,11,kg,10,rep,""
06/02/2025,🔹,"VAF Ruckeninsulator",2,11,kg,10,rep,""
06/02/2025,🏋️‍♂️,"Seated Row · Cable",,,,,,""
06/02/2025,🔹,"Seated Row · Cable",1,54.5,kg,9,rep,""
06/02/2025,🔹,"Seated Row · Cable",2,54.5,kg,9,rep,""
06/02/2025,🏋️‍♂️,"Preacher Curl · Barbell",,,,,,""
06/02/2025,🔹,"Preacher Curl · Barbell",1,19,kg,15,rep,""
06/02/2025,🔹,"Preacher Curl · Barbell",2,19,kg,15,rep,""
06/02/2025,🔹,"Preacher Curl · Barbell",3,19,kg,15,rep,""
06/02/2025,🏋️‍♂️,"Hammer Curl · Dumbbell",,,,,,""
06/02/2025,🔹,"Hammer Curl · Dumbbell",1,10,kg,7,rep,""
06/02/2025,🔹,"Hammer Curl · Dumbbell",2,9,kg,9,rep,""
06/02/2025,🏋️‍♂️,"Calf Press · Machine",,,,,,""
06/02/2025,🔹,"Calf Press · Machine",1,275,kg,15,rep,""
06/02/2025,🔹,"Calf Press · Machine",2,275,kg,15,rep,""
06/02/2025,🏋️‍♂️,"Leg Extension · Machine",,,,,,""
06/02/2025,🔹,"Leg Extension · Machine",1,125,lb,12,rep,""
06/02/2025,🔹,"Leg Extension · Machine",2,120,lb,12,rep,""
06/02/2025,🏋️‍♂️🔗,"Leg Curl · Machine",,,,,,""
06/02/2025,🔹,"Leg Curl · Machine",1,110,lb,10,rep,""
06/02/2025,🔹,"Leg Curl · Machine",2,110,lb,9,rep,""
06/02/2025,🏋️‍♂️,"Tricep Dip",,,,,,""
06/02/2025,🔹,"Tricep Dip",1,0,lb,20,rep,""
06/02/2025,🔹,"Tricep Dip",2,0,lb,15,rep,""
07/02/2025,📅,,,,,,,"74 min"
07/02/2025,🏋️‍♂️,"Overhead Press · Barbell",,,,,,""
07/02/2025,🔹,"Overhead Press · Barbell",1,28,kg,9,rep,""
07/02/2025,🔹,"Overhead Press · Barbell",2,28,kg,9,rep,""
07/02/2025,🔹,"Overhead Press · Barbell",3,28,kg,9,rep,""
07/02/2025,🏋️‍♂️,"Cable Raise (Cybex Seilzug)",,,,,,""
07/02/2025,🔹,"Cable Raise (Cybex Seilzug)",1,2.2,kg,9,rep,""
07/02/2025,🔹,"Cable Raise (Cybex Seilzug)",2,2.2,kg,9,rep,""
07/02/2025,🔹,"Cable Raise (Cybex Seilzug)",3,2.2,kg,9,rep,""
07/02/2025,🏋️‍♂️,"Tricep Dip",,,,,,""
07/02/2025,🔹,"Tricep Dip",1,0,lb,17,rep,""
07/02/2025,🔹,"Tricep Dip",2,0,lb,11,rep,""
07/02/2025,🔹,"Tricep Dip",3,0,lb,12,rep,""
07/02/2025,🏋️‍♂️,"Tricep Extension · Cable",,,,,,""
07/02/2025,🔹,"Tricep Extension · Cable",1,50,lb,10,rep,""
07/02/2025,🔹,"Tricep Extension · Cable",2,50,lb,10,rep,""
07/02/2025,🔹,"Tricep Extension · Cable",3,50,lb,10,rep,""
07/02/2025,🏋️‍♂️,"Skull crusher",,,,,,""
07/02/2025,🔹,"Skull crusher",1,19,kg,12,rep,""
07/02/2025,🔹,"Skull crusher",2,19,kg,12,rep,""
07/02/2025,🏋️‍♂️,"Bench Press · Dumbbell",,,,,,""
07/02/2025,🔹,"Bench Press · Dumbbell",1,40,kg,12,rep,""
07/02/2025,🔹,"Bench Press · Dumbbell",2,40,kg,10,rep,""
07/02/2025,🏋️‍♂️,"Rear Delt",,,,,,""
07/02/2025,🔹,"Rear Delt",1,90,lb,12,rep,""
07/02/2025,🔹,"Rear Delt",2,90,lb,12,rep,""
07/02/2025,🏋️‍♂️,"Single Pec Dec",,,,,,""
07/02/2025,🔹,"Single Pec Dec",1,90,kg,15,rep,""
07/02/2025,🔹,"Single Pec Dec",2,100,kg,12,rep,""
07/02/2025,🏋️‍♂️,"Chin Up",,,,,,""
07/02/2025,🔹,"Chin Up",1,0,kg,9,rep,""
07/02/2025,🔹,"Chin Up",2,0,kg,9,rep,""
10/02/2025,📅,,,,,,,"89 min"
10/02/2025,🏋️‍♂️,"Squat · Barbell",,,,,,""
10/02/2025,🔹,"Squat · Barbell",1,60,kg,8,rep,""
10/02/2025,🔹,"Squat · Barbell",2,70,kg,6,rep,""
10/02/2025,🔹,"Squat · Barbell",3,80,kg,4,rep,""
10/02/2025,🔹,"Squat · Barbell",4,90,kg,2,rep,""
10/02/2025,🏋️‍♂️,"Romanian Deadlift · Barbell",,,,,,""
10/02/2025,🔹,"Romanian Deadlift · Barbell",1,60,kg,10,rep,""
10/02/2025,🔹,"Romanian Deadlift · Barbell",2,60,kg,10,rep,""
10/02/2025,🔹,"Romanian Deadlift · Barbell",3,60,kg,6,rep,""
10/02/2025,🏋️‍♂️,"Hip Abduction · Machine",,,,,,""
10/02/2025,🔹,"Hip Abduction · Machine",1,110,lb,15,rep,""
10/02/2025,🔹,"Hip Abduction · Machine",2,110,lb,15,rep,""
10/02/2025,🏋️‍♂️🔗,"Hip Adduction · Machine",,,,,,""
10/02/2025,🔹,"Hip Adduction · Machine",1,110,lb,15,rep,""
10/02/2025,🔹,"Hip Adduction · Machine",2,110,lb,15,rep,""
10/02/2025,🏋️‍♂️,"Calf Press · Machine",,,,,,""
10/02/2025,🔹,"Calf Press · Machine",1,275,kg,16,rep,""
10/02/2025,🔹,"Calf Press · Machine",2,275,kg,16,rep,""
10/02/2025,🔹,"Calf Press · Machine",3,275,kg,16,rep,""
10/02/2025,🏋️‍♂️,"Single arm lat pulldown",,,,,,""
10/02/2025,🔹,"Single arm lat pulldown",1,54.5,kg,12,rep,""
10/02/2025,🔹,"Single arm lat pulldown",2,58,kg,12,rep,""
10/02/2025,🏋️‍♂️,"Single arm seated cable row",,,,,,""
10/02/2025,🔹,"Single arm seated cable row",1,50,kg,9,rep,""
10/02/2025,🔹,"Single arm seated cable row",2,50,kg,9,rep,""
10/02/2025,🏋️‍♂️,"Supinating Curl · Dumbbell",,,,,,""
10/02/2025,🔹,"Supinating Curl · Dumbbell",1,10,kg,10,rep,""
10/02/2025,🔹,"Supinating Curl · Dumbbell",2,10,kg,10,rep,""
10/02/2025,🏋️‍♂️,"Concentration Curl · Dumbbell",,,,,,""
10/02/2025,🔹,"Concentration Curl · Dumbbell",1,10,kg,9,rep,""
10/02/2025,🔹,"Concentration Curl · Dumbbell",2,10,kg,7,rep,""
10/02/2025,🏋️‍♂️,"Tricep Dip",,,,,,""
10/02/2025,🔹,"Tricep Dip",1,0,lb,15,rep,""
10/02/2025,🔹,"Tricep Dip",2,0,lb,12,rep,""
11/02/2025,📅,,,,,,,"77 min"
11/02/2025,🏋️‍♂️,"Bench Press · Barbell",,,,,,""
11/02/2025,🔹,"Bench Press · Barbell",1,50,kg,9,rep,""
11/02/2025,🔹,"Bench Press · Barbell",2,60,kg,8,rep,""
11/02/2025,🔹,"Bench Press · Barbell",3,65,kg,6,rep,""
11/02/2025,🔹,"Bench Press · Barbell",4,70,kg,4,rep,""
11/02/2025,🏋️‍♂️,"Incline Bench Press · Barbell",,,,,,""
11/02/2025,🔹,"Incline Bench Press · Barbell",1,43,kg,9,rep,""
11/02/2025,🔹,"Incline Bench Press · Barbell",2,43,kg,9,rep,""
11/02/2025,🔹,"Incline Bench Press · Barbell",3,43,kg,9,rep,""
11/02/2025,🏋️‍♂️,"Pec Deck · Machine",,,,,,""
11/02/2025,🔹,"Pec Deck · Machine",1,105,lb,15,rep,""
11/02/2025,🔹,"Pec Deck · Machine",2,105,lb,15,rep,""
11/02/2025,🏋️‍♂️,"Rear Delt",,,,,,""
11/02/2025,🔹,"Rear Delt",1,90,lb,15,rep,""
11/02/2025,🔹,"Rear Delt",2,90,lb,11,rep,""
11/02/2025,🏋️‍♂️,"Seated Overhead Press · Dumbbell",,,,,,""
11/02/2025,🔹,"Seated Overhead Press · Dumbbell",1,30,kg,13,rep,""
11/02/2025,🔹,"Seated Overhead Press · Dumbbell",2,30,kg,13,rep,""
11/02/2025,🏋️‍♂️,"Cable Raise (Cybex Seilzug)",,,,,,""
11/02/2025,🔹,"Cable Raise (Cybex Seilzug)",1,2.2,kg,9,rep,""
11/02/2025,🔹,"Cable Raise (Cybex Seilzug)",2,2.2,kg,9,rep,""
11/02/2025,🏋️‍♂️,"Tricep press",,,,,,""
11/02/2025,🔹,"Tricep press",1,90,kg,12,rep,""
11/02/2025,🔹,"Tricep press",2,90,kg,12,rep,""
11/02/2025,🔹,"Tricep press",3,90,kg,10,rep,""
11/02/2025,🏋️‍♂️,"Cable Kickback",,,,,,""
11/02/2025,🔹,"Cable Kickback",1,15,lb,7,rep,""
11/02/2025,🔹,"Cable Kickback",2,10,lb,13,rep,""
11/02/2025,🏋️‍♂️,"Pull Up",,,,,,""
11/02/2025,🔹,"Pull Up",1,0,kg,6,rep,""
11/02/2025,🔹,"Pull Up",2,0,kg,4,rep,""
13/02/2025,📅,,,,,,,"74 min"
13/02/2025,🏋️‍♂️,"Lat Pull Down · Cable",,,,,,""
13/02/2025,🔹,"Lat Pull Down · Cable",1,58,kg,9,rep,""
13/02/2025,🔹,"Lat Pull Down · Cable",2,58,kg,9,rep,""
13/02/2025,🔹,"Lat Pull Down · Cable",3,58,kg,8,rep,""
13/02/2025,🔹,"Lat Pull Down · Cable",4,58,kg,9,rep,""
13/02/2025,🏋️‍♂️,"VAF Ruckeninsulator",,,,,,""
13/02/2025,🔹,"VAF Ruckeninsulator",1,11,kg,12,rep,""
13/02/2025,🔹,"VAF Ruckeninsulator",2,11,kg,12,rep,""
13/02/2025,🔹,"VAF Ruckeninsulator",3,11,kg,12,rep,""
13/02/2025,🏋️‍♂️,"Pull Up",,,,,,""
13/02/2025,🔹,"Pull Up",1,0,kg,6,rep,""
13/02/2025,🔹,"Pull Up",2,0,kg,6,rep,""
13/02/2025,🏋️‍♂️,"Preacher Curl · Barbell",,,,,,""
13/02/2025,🔹,"Preacher Curl · Barbell",1,19,kg,15,rep,""
13/02/2025,🔹,"Preacher Curl · Barbell",2,24,kg,8,rep,""
13/02/2025,🔹,"Preacher Curl · Barbell",3,24,kg,8,rep,""
13/02/2025,🏋️‍♂️,"Hammer Curl · Dumbbell",,,,,,""
13/02/2025,🔹,"Hammer Curl · Dumbbell",1,10,kg,7,rep,""
13/02/2025,🔹,"Hammer Curl · Dumbbell",2,9,kg,9,rep,""
13/02/2025,🏋️‍♂️,"Dumbell preacher hammer curl",,,,,,""
13/02/2025,🔹,"Dumbell preacher hammer curl",1,9,kg,7,rep,""
13/02/2025,🔹,"Dumbell preacher hammer curl",2,7,kg,12,rep,""
13/02/2025,🏋️‍♂️,"Calf Press · Machine",,,,,,""
13/02/2025,🔹,"Calf Press · Machine",1,275,kg,18,rep,""
13/02/2025,🔹,"Calf Press · Machine",2,275,kg,17,rep,""
13/02/2025,🏋️‍♂️,"Leg Extension · Machine",,,,,,""
13/02/2025,🔹,"Leg Extension · Machine",1,130,lb,12,rep,""
13/02/2025,🔹,"Leg Extension · Machine",2,130,lb,12,rep,""
13/02/2025,🏋️‍♂️🔗,"Leg Curl · Machine",,,,,,""
13/02/2025,🔹,"Leg Curl · Machine",1,110,lb,10,rep,""
13/02/2025,🔹,"Leg Curl · Machine",2,110,lb,9,rep,""
13/02/2025,🏋️‍♂️,"Tricep Dip",,,,,,""
13/02/2025,🔹,"Tricep Dip",1,0,lb,17,rep,""
13/02/2025,🔹,"Tricep Dip",2,0,lb,14,rep,""
14/02/2025,📅,,,,,,,"98 min"
14/02/2025,🏋️‍♂️,"Overhead Press · Barbell",,,,,,""
14/02/2025,🔹,"Overhead Press · Barbell",1,30,kg,8,rep,""
14/02/2025,🔹,"Overhead Press · Barbell",2,30,kg,8,rep,""
14/02/2025,🔹,"Overhead Press · Barbell",3,30,kg,8,rep,""
14/02/2025,🏋️‍♂️,"Cable Raise (Cybex Seilzug)",,,,,,""
14/02/2025,🔹,"Cable Raise (Cybex Seilzug)",1,2.2,kg,10,rep,""
14/02/2025,🔹,"Cable Raise (Cybex Seilzug)",2,2.2,kg,10,rep,""
14/02/2025,🔹,"Cable Raise (Cybex Seilzug)",3,2.2,kg,9,rep,""
14/02/2025,🏋️‍♂️,"Tricep Dip",,,,,,""
14/02/2025,🔹,"Tricep Dip",1,0,lb,20,rep,""
14/02/2025,🔹,"Tricep Dip",2,0,lb,14,rep,""
14/02/2025,🔹,"Tricep Dip",3,0,lb,10,rep,""
14/02/2025,🏋️‍♂️,"Tricep Extension · Cable",,,,,,""
14/02/2025,🔹,"Tricep Extension · Cable",1,50,lb,10,rep,""
14/02/2025,🔹,"Tricep Extension · Cable",2,50,lb,12,rep,""
14/02/2025,🔹,"Tricep Extension · Cable",3,50,lb,12,rep,""
14/02/2025,🏋️‍♂️,"Skull crusher",,,,,,""
14/02/2025,🔹,"Skull crusher",1,19,kg,13,rep,""
14/02/2025,🔹,"Skull crusher",2,19,kg,12,rep,""
14/02/2025,🏋️‍♂️,"Bench Press · Dumbbell",,,,,,""
14/02/2025,🔹,"Bench Press · Dumbbell",1,40,kg,12,rep,""
14/02/2025,🔹,"Bench Press · Dumbbell",2,40,kg,12,rep,""
14/02/2025,🏋️‍♂️,"Rear Delt",,,,,,""
14/02/2025,🔹,"Rear Delt",1,90,lb,10,rep,""
14/02/2025,🔹,"Rear Delt",2,90,lb,12,rep,""
14/02/2025,🏋️‍♂️,"Single Pec Dec",,,,,,""
14/02/2025,🔹,"Single Pec Dec",1,105,kg,15,rep,""
14/02/2025,🔹,"Single Pec Dec",2,100,kg,12,rep,""
14/02/2025,🏋️‍♂️,"Chin Up",,,,,,""
14/02/2025,🔹,"Chin Up",1,0,kg,9,rep,""
14/02/2025,🔹,"Chin Up",2,0,kg,8,rep,""
17/02/2025,📅,,,,,,,"88 min"
17/02/2025,🏋️‍♂️,"Squat · Barbell",,,,,,""
17/02/2025,🔹,"Squat · Barbell",1,60,kg,9,rep,""
17/02/2025,🔹,"Squat · Barbell",2,70,kg,7,rep,""
17/02/2025,🔹,"Squat · Barbell",3,80,kg,5,rep,""
17/02/2025,🔹,"Squat · Barbell",4,80,kg,5,rep,""
17/02/2025,🏋️‍♂️,"Romanian Deadlift · Barbell",,,,,,""
17/02/2025,🔹,"Romanian Deadlift · Barbell",1,60,kg,10,rep,""
17/02/2025,🔹,"Romanian Deadlift · Barbell",2,60,kg,10,rep,""
17/02/2025,🔹,"Romanian Deadlift · Barbell",3,60,kg,10,rep,""
17/02/2025,🏋️‍♂️,"Hip Abduction · Machine",,,,,,""
17/02/2025,🔹,"Hip Abduction · Machine",1,120,lb,10,rep,""
17/02/2025,🔹,"Hip Abduction · Machine",2,120,lb,15,rep,""
17/02/2025,🏋️‍♂️🔗,"Hip Adduction · Machine",,,,,,""
17/02/2025,🔹,"Hip Adduction · Machine",1,120,lb,10,rep,""
17/02/2025,🔹,"Hip Adduction · Machine",2,120,lb,15,rep,""
17/02/2025,🏋️‍♂️,"Calf Press · Machine",,,,,,""
17/02/2025,🔹,"Calf Press · Machine",1,275,kg,17,rep,""
17/02/2025,🔹,"Calf Press · Machine",2,275,kg,17,rep,""
17/02/2025,🔹,"Calf Press · Machine",3,275,kg,17,rep,""
17/02/2025,🏋️‍♂️,"Single arm lat pulldown",,,,,,""
17/02/2025,🔹,"Single arm lat pulldown",1,58,kg,12,rep,""
17/02/2025,🔹,"Single arm lat pulldown",2,58,kg,12,rep,""
17/02/2025,🏋️‍♂️,"Single arm seated cable row",,,,,,""
17/02/2025,🔹,"Single arm seated cable row",1,50,kg,10,rep,""
17/02/2025,🔹,"Single arm seated cable row",2,50,kg,10,rep,""
17/02/2025,🏋️‍♂️,"Supinating Curl · Dumbbell",,,,,,""
17/02/2025,🔹,"Supinating Curl · Dumbbell",1,10,kg,10,rep,""
17/02/2025,🔹,"Supinating Curl · Dumbbell",2,10,kg,10,rep,""
17/02/2025,🏋️‍♂️,"Concentration Curl · Dumbbell",,,,,,""
17/02/2025,🔹,"Concentration Curl · Dumbbell",1,10,kg,8,rep,""
17/02/2025,🔹,"Concentration Curl · Dumbbell",2,10,kg,8,rep,""
17/02/2025,🏋️‍♂️,"Tricep Dip",,,,,,""
17/02/2025,🔹,"Tricep Dip",1,0,lb,15,rep,""
17/02/2025,🔹,"Tricep Dip",2,0,lb,12,rep,""
18/02/2025,📅,,,,,,,"61 min"
18/02/2025,🏋️‍♂️,"Bench Press · Barbell",,,,,,""
18/02/2025,🔹,"Bench Press · Barbell",1,50,kg,10,rep,""
18/02/2025,🔹,"Bench Press · Barbell",2,60,kg,8,rep,""
18/02/2025,🔹,"Bench Press · Barbell",3,60,kg,8,rep,""
18/02/2025,🔹,"Bench Press · Barbell",4,60,kg,8,rep,""
18/02/2025,🏋️‍♂️,"Incline Bench Press · Barbell",,,,,,""
18/02/2025,🔹,"Incline Bench Press · Barbell",1,43,kg,10,rep,""
18/02/2025,🔹,"Incline Bench Press · Barbell",2,43,kg,10,rep,""
18/02/2025,🔹,"Incline Bench Press · Barbell",3,43,kg,9,rep,""
18/02/2025,🏋️‍♂️,"Pec Deck · Machine",,,,,,""
18/02/2025,🔹,"Pec Deck · Machine",1,110,lb,12,rep,""
18/02/2025,🔹,"Pec Deck · Machine",2,110,lb,12,rep,""
18/02/2025,🏋️‍♂️,"Rear Delt",,,,,,""
18/02/2025,🔹,"Rear Delt",1,90,lb,12,rep,""
18/02/2025,🔹,"Rear Delt",2,90,lb,12,rep,""
18/02/2025,🏋️‍♂️,"Seated Overhead Press · Dumbbell",,,,,,""
18/02/2025,🔹,"Seated Overhead Press · Dumbbell",1,35,kg,10,rep,""
18/02/2025,🔹,"Seated Overhead Press · Dumbbell",2,35,kg,10,rep,""
18/02/2025,🏋️‍♂️,"Cable Raise (Cybex Seilzug)",,,,,,""
18/02/2025,🔹,"Cable Raise (Cybex Seilzug)",1,2.2,kg,10,rep,""
18/02/2025,🔹,"Cable Raise (Cybex Seilzug)",2,2.2,kg,9,rep,""
18/02/2025,🏋️‍♂️,"Tricep press",,,,,,""
18/02/2025,🔹,"Tricep press",1,90,kg,12,rep,""
18/02/2025,🔹,"Tricep press",2,90,kg,12,rep,""
18/02/2025,🔹,"Tricep press",3,90,kg,10,rep,""
18/02/2025,🏋️‍♂️,"Cable Kickback",,,,,,""
18/02/2025,🔹,"Cable Kickback",1,15,lb,7,rep,""
18/02/2025,🔹,"Cable Kickback",2,10,lb,13,rep,""
18/02/2025,🏋️‍♂️,"Pull Up",,,,,,""
18/02/2025,🔹,"Pull Up",1,0,kg,6,rep,""
18/02/2025,🔹,"Pull Up",2,0,kg,4,rep,""
19/02/2025,📅,,,,,,,"77 min"
19/02/2025,🏋️‍♂️,"Lat Pull Down · Cable",,,,,,""
19/02/2025,🔹,"Lat Pull Down · Cable",1,58,kg,9,rep,""
19/02/2025,🔹,"Lat Pull Down · Cable",2,58,kg,9,rep,""
19/02/2025,🔹,"Lat Pull Down · Cable",3,58,kg,9,rep,""
19/02/2025,🔹,"Lat Pull Down · Cable",4,58,kg,9,rep,""
19/02/2025,🏋️‍♂️,"VAF Ruckeninsulator",,,,,,""
19/02/2025,🔹,"VAF Ruckeninsulator",1,11.5,kg,12,rep,""
19/02/2025,🔹,"VAF Ruckeninsulator",2,11.5,kg,12,rep,""
19/02/2025,🔹,"VAF Ruckeninsulator",3,11.5,kg,12,rep,""
19/02/2025,🏋️‍♂️,"Pull Up",,,,,,""
19/02/2025,🔹,"Pull Up",1,0,kg,6,rep,""
19/02/2025,🔹,"Pull Up",2,0,kg,6,rep,""
19/02/2025,🏋️‍♂️,"Preacher Curl · Barbell",,,,,,""
19/02/2025,🔹,"Preacher Curl · Barbell",1,19,kg,15,rep,""
19/02/2025,🔹,"Preacher Curl · Barbell",2,24,kg,9,rep,""
19/02/2025,🔹,"Preacher Curl · Barbell",3,24,kg,9,rep,""
19/02/2025,🏋️‍♂️,"Dumbell preacher hammer curl",,,,,,""
19/02/2025,🔹,"Dumbell preacher hammer curl",1,9,kg,13,rep,""
19/02/2025,🔹,"Dumbell preacher hammer curl",2,8,kg,12,rep,""
19/02/2025,🔹,"Dumbell preacher hammer curl",3,8,kg,12,rep,""
19/02/2025,🏋️‍♂️,"Calf Press · Machine",,,,,,""
19/02/2025,🔹,"Calf Press · Machine",1,275,kg,17,rep,""
19/02/2025,🔹,"Calf Press · Machine",2,275,kg,17,rep,""
19/02/2025,🏋️‍♂️,"Leg Extension · Machine",,,,,,""
19/02/2025,🔹,"Leg Extension · Machine",1,130,lb,15,rep,""
19/02/2025,🔹,"Leg Extension · Machine",2,130,lb,15,rep,""
19/02/2025,🏋️‍♂️🔗,"Leg Curl · Machine",,,,,,""
19/02/2025,🔹,"Leg Curl · Machine",1,100,lb,12,rep,""
19/02/2025,🔹,"Leg Curl · Machine",2,100,lb,12,rep,""
19/02/2025,🏋️‍♂️,"Tricep Dip",,,,,,""
19/02/2025,🔹,"Tricep Dip",1,0,lb,13,rep,""
19/02/2025,🔹,"Tricep Dip",2,0,lb,14,rep,""
21/02/2025,📅,,,,,,,"85 min"
21/02/2025,🏋️‍♂️,"Overhead Press · Barbell",,,,,,""
21/02/2025,🔹,"Overhead Press · Barbell",1,30,kg,10,rep,""
21/02/2025,🔹,"Overhead Press · Barbell",2,30,kg,8,rep,""
21/02/2025,🔹,"Overhead Press · Barbell",3,30,kg,8,rep,""
21/02/2025,🏋️‍♂️,"Cable Raise (Cybex Seilzug)",,,,,,""
21/02/2025,🔹,"Cable Raise (Cybex Seilzug)",1,2.2,kg,9,rep,""
21/02/2025,🔹,"Cable Raise (Cybex Seilzug)",2,2.2,kg,9,rep,""
21/02/2025,🔹,"Cable Raise (Cybex Seilzug)",3,2.2,kg,9,rep,""
21/02/2025,🏋️‍♂️,"Tricep Dip",,,,,,""
21/02/2025,🔹,"Tricep Dip",1,0,lb,15,rep,""
21/02/2025,🔹,"Tricep Dip",2,0,lb,11,rep,""
21/02/2025,🔹,"Tricep Dip",3,0,lb,12,rep,""
21/02/2025,🏋️‍♂️,"Tricep Extension · Cable",,,,,,""
21/02/2025,🔹,"Tricep Extension · Cable",1,50,lb,13,rep,""
21/02/2025,🔹,"Tricep Extension · Cable",2,50,lb,12,rep,""
21/02/2025,🔹,"Tricep Extension · Cable",3,50,lb,12,rep,""
21/02/2025,🏋️‍♂️,"Skull crusher",,,,,,""
21/02/2025,🔹,"Skull crusher",1,19,kg,12,rep,""
21/02/2025,🔹,"Skull crusher",2,19,kg,12,rep,""
21/02/2025,🏋️‍♂️,"Bench Press · Dumbbell",,,,,,""
21/02/2025,🔹,"Bench Press · Dumbbell",1,40,kg,12,rep,""
21/02/2025,🔹,"Bench Press · Dumbbell",2,40,kg,12,rep,""
21/02/2025,🏋️‍♂️,"Rear Delt",,,,,,""
21/02/2025,🔹,"Rear Delt",1,90,lb,11,rep,""
21/02/2025,🔹,"Rear Delt",2,90,lb,12,rep,""
21/02/2025,🏋️‍♂️,"Single Pec Dec",,,,,,""
21/02/2025,🔹,"Single Pec Dec",1,110,kg,15,rep,""
21/02/2025,🔹,"Single Pec Dec",2,110,kg,15,rep,""
21/02/2025,🏋️‍♂️,"Chin Up",,,,,,""
21/02/2025,🔹,"Chin Up",1,0,kg,7,rep,""
21/02/2025,🔹,"Chin Up",2,0,kg,6,rep,""
24/02/2025,📅,,,,,,,"74 min"
24/02/2025,🏋️‍♂️,"Squat · Barbell",,,,,,""
24/02/2025,🔹,"Squat · Barbell",1,60,kg,9,rep,""
24/02/2025,🔹,"Squat · Barbell",2,70,kg,8,rep,""
24/02/2025,🔹,"Squat · Barbell",3,80,kg,6,rep,""
24/02/2025,🔹,"Squat · Barbell",4,80,kg,5,rep,""
24/02/2025,🏋️‍♂️,"Romanian Deadlift · Barbell",,,,,,""
24/02/2025,🔹,"Romanian Deadlift · Barbell",1,60,kg,10,rep,""
24/02/2025,🔹,"Romanian Deadlift · Barbell",2,60,kg,10,rep,""
24/02/2025,🔹,"Romanian Deadlift · Barbell",3,60,kg,10,rep,""
24/02/2025,🏋️‍♂️,"Hip Abduction · Machine",,,,,,""
24/02/2025,🔹,"Hip Abduction · Machine",1,120,lb,15,rep,""
24/02/2025,🔹,"Hip Abduction · Machine",2,120,lb,15,rep,""
24/02/2025,🏋️‍♂️🔗,"Hip Adduction · Machine",,,,,,""
24/02/2025,🔹,"Hip Adduction · Machine",1,120,lb,15,rep,""
24/02/2025,🔹,"Hip Adduction · Machine",2,120,lb,15,rep,""
24/02/2025,🏋️‍♂️,"Calf Press · Machine",,,,,,""
24/02/2025,🔹,"Calf Press · Machine",1,275,kg,20,rep,""
24/02/2025,🔹,"Calf Press · Machine",2,275,kg,18,rep,""
24/02/2025,🔹,"Calf Press · Machine",3,275,kg,17,rep,""
24/02/2025,🏋️‍♂️,"Single arm lat pulldown",,,,,,""
24/02/2025,🔹,"Single arm lat pulldown",1,61,kg,8,rep,""
24/02/2025,🔹,"Single arm lat pulldown",2,61,kg,8,rep,""
24/02/2025,🏋️‍♂️,"Single arm seated cable row",,,,,,""
24/02/2025,🔹,"Single arm seated cable row",1,54.5,kg,6,rep,""
24/02/2025,🔹,"Single arm seated cable row",2,54.5,kg,6,rep,""
24/02/2025,🏋️‍♂️,"Supinating Curl · Dumbbell",,,,,,""
24/02/2025,🔹,"Supinating Curl · Dumbbell",1,10,kg,11,rep,""
24/02/2025,🔹,"Supinating Curl · Dumbbell",2,10,kg,10,rep,""
24/02/2025,🏋️‍♂️,"Concentration Curl · Dumbbell",,,,,,""
24/02/2025,🔹,"Concentration Curl · Dumbbell",1,10,kg,8,rep,""
24/02/2025,🔹,"Concentration Curl · Dumbbell",2,10,kg,8,rep,""
24/02/2025,🏋️‍♂️,"Tricep Dip",,,,,,""
24/02/2025,🔹,"Tricep Dip",1,0,lb,16,rep,""
24/02/2025,🔹,"Tricep Dip",2,0,lb,15,rep,""
25/02/2025,📅,,,,,,,"140 min"
25/02/2025,🏋️‍♂️,"Bench Press · Barbell",,,,,,""
25/02/2025,🔹,"Bench Press · Barbell",1,60,kg,8,rep,""
25/02/2025,🔹,"Bench Press · Barbell",2,60,kg,8,rep,""
25/02/2025,🔹,"Bench Press · Barbell",3,60,kg,8,rep,""
25/02/2025,🔹,"Bench Press · Barbell",4,60,kg,8,rep,""
25/02/2025,🏋️‍♂️,"Incline Bench Press · Barbell",,,,,,""
25/02/2025,🔹,"Incline Bench Press · Barbell",1,43,kg,10,rep,""
25/02/2025,🔹,"Incline Bench Press · Barbell",2,43,kg,10,rep,""
25/02/2025,🔹,"Incline Bench Press · Barbell",3,43,kg,12,rep,""
25/02/2025,🏋️‍♂️,"Pec Deck · Machine",,,,,,""
25/02/2025,🔹,"Pec Deck · Machine",1,110,lb,12,rep,""
25/02/2025,🔹,"Pec Deck · Machine",2,110,lb,12,rep,""
25/02/2025,🏋️‍♂️,"Rear Delt",,,,,,""
25/02/2025,🔹,"Rear Delt",1,90,lb,15,rep,""
25/02/2025,🔹,"Rear Delt",2,90,lb,15,rep,""
25/02/2025,🏋️‍♂️,"Seated Overhead Press · Dumbbell",,,,,,""
25/02/2025,🔹,"Seated Overhead Press · Dumbbell",1,35,kg,10,rep,""
25/02/2025,🔹,"Seated Overhead Press · Dumbbell",2,35,kg,10,rep,""
25/02/2025,🏋️‍♂️,"Cable Raise (Cybex Seilzug)",,,,,,""
25/02/2025,🔹,"Cable Raise (Cybex Seilzug)",1,2.2,kg,10,rep,""
25/02/2025,🔹,"Cable Raise (Cybex Seilzug)",2,2.2,kg,10,rep,""
25/02/2025,🏋️‍♂️,"Tricep press",,,,,,""
25/02/2025,🔹,"Tricep press",1,90,kg,13,rep,""
25/02/2025,🔹,"Tricep press",2,90,kg,12,rep,""
25/02/2025,🔹,"Tricep press",3,90,kg,10,rep,""
25/02/2025,🏋️‍♂️,"Cable Kickback",,,,,,""
25/02/2025,🔹,"Cable Kickback",1,15,lb,8,rep,""
25/02/2025,🔹,"Cable Kickback",2,15,lb,8,rep,""
25/02/2025,🏋️‍♂️,"Pull Up",,,,,,""
25/02/2025,🔹,"Pull Up",1,0,kg,8,rep,""
25/02/2025,🔹,"Pull Up",2,0,kg,5,rep,""
26/02/2025,📅,,,,,,,"81 min"
26/02/2025,🏋️‍♂️,"Lat Pull Down · Cable",,,,,,""
26/02/2025,🔹,"Lat Pull Down · Cable",1,61,kg,8,rep,""
26/02/2025,🔹,"Lat Pull Down · Cable",2,61,kg,7,rep,""
26/02/2025,🔹,"Lat Pull Down · Cable",3,61,kg,7,rep,""
26/02/2025,🔹,"Lat Pull Down · Cable",4,61,kg,7,rep,""
26/02/2025,🏋️‍♂️,"VAF Ruckeninsulator",,,,,,""
26/02/2025,🔹,"VAF Ruckeninsulator",1,12,kg,9,rep,""
26/02/2025,🔹,"VAF Ruckeninsulator",2,12,kg,9,rep,""
26/02/2025,🔹,"VAF Ruckeninsulator",3,12,kg,9,rep,""
26/02/2025,🏋️‍♂️,"Pull Up",,,,,,""
26/02/2025,🔹,"Pull Up",1,0,kg,8,rep,""
26/02/2025,🔹,"Pull Up",2,0,kg,6,rep,""
26/02/2025,🏋️‍♂️,"Preacher Curl · Barbell",,,,,,""
26/02/2025,🔹,"Preacher Curl · Barbell",1,19,kg,15,rep,""
26/02/2025,🔹,"Preacher Curl · Barbell",2,24,kg,9,rep,""
26/02/2025,🔹,"Preacher Curl · Barbell",3,24,kg,9,rep,""
26/02/2025,🏋️‍♂️,"Dumbell preacher hammer curl",,,,,,""
26/02/2025,🔹,"Dumbell preacher hammer curl",1,9,kg,10,rep,""
26/02/2025,🔹,"Dumbell preacher hammer curl",2,9,kg,10,rep,""
26/02/2025,🔹,"Dumbell preacher hammer curl",3,9,kg,10,rep,""
26/02/2025,🏋️‍♂️,"Calf Press · Machine",,,,,,""
26/02/2025,🔹,"Calf Press · Machine",1,275,kg,20,rep,""
26/02/2025,🔹,"Calf Press · Machine",2,275,kg,15,rep,""
26/02/2025,🏋️‍♂️,"Leg Extension · Machine",,,,,,""
26/02/2025,🔹,"Leg Extension · Machine",1,130,lb,15,rep,""
26/02/2025,🔹,"Leg Extension · Machine",2,130,lb,15,rep,""
26/02/2025,🏋️‍♂️🔗,"Leg Curl · Machine",,,,,,""
26/02/2025,🔹,"Leg Curl · Machine",1,100,lb,15,rep,""
26/02/2025,🔹,"Leg Curl · Machine",2,100,lb,12,rep,""
26/02/2025,🏋️‍♂️,"Tricep Dip",,,,,,""
26/02/2025,🔹,"Tricep Dip",1,0,lb,15,rep,""
26/02/2025,🔹,"Tricep Dip",2,0,lb,14,rep,""
28/02/2025,📅,,,,,,,"85 min"
28/02/2025,🏋️‍♂️,"Overhead Press · Barbell",,,,,,""
28/02/2025,🔹,"Overhead Press · Barbell",1,33,kg,6,rep,""
28/02/2025,🔹,"Overhead Press · Barbell",2,33,kg,5,rep,""
28/02/2025,🔹,"Overhead Press · Barbell",3,33,kg,5,rep,""
28/02/2025,🏋️‍♂️,"Cable Raise (Cybex Seilzug)",,,,,,""
28/02/2025,🔹,"Cable Raise (Cybex Seilzug)",1,2.2,kg,10,rep,""
28/02/2025,🔹,"Cable Raise (Cybex Seilzug)",2,2.2,kg,10,rep,""
28/02/2025,🔹,"Cable Raise (Cybex Seilzug)",3,2.2,kg,10,rep,""
28/02/2025,🏋️‍♂️,"Tricep Dip",,,,,,""
28/02/2025,🔹,"Tricep Dip",1,10,kg,8,rep,""
28/02/2025,🔹,"Tricep Dip",2,10,kg,10,rep,""
28/02/2025,🔹,"Tricep Dip",3,10,kg,8,rep,""
28/02/2025,🏋️‍♂️,"Tricep Extension · Cable",,,,,,""
28/02/2025,🔹,"Tricep Extension · Cable",1,55,lb,10,rep,""
28/02/2025,🔹,"Tricep Extension · Cable",2,55,lb,10,rep,""
28/02/2025,🔹,"Tricep Extension · Cable",3,55,lb,10,rep,""
28/02/2025,🏋️‍♂️,"Skull crusher",,,,,,""
28/02/2025,🔹,"Skull crusher",1,19,kg,13,rep,""
28/02/2025,🔹,"Skull crusher",2,19,kg,13,rep,""
28/02/2025,🏋️‍♂️,"Bench Press · Dumbbell",,,,,,""
28/02/2025,🔹,"Bench Press · Dumbbell",1,40,kg,12,rep,""
28/02/2025,🔹,"Bench Press · Dumbbell",2,40,kg,12,rep,""
28/02/2025,🏋️‍♂️,"Rear Delt",,,,,,""
28/02/2025,🔹,"Rear Delt",1,90,lb,10,rep,""
28/02/2025,🔹,"Rear Delt",2,90,lb,10,rep,""
28/02/2025,🏋️‍♂️,"Single Pec Dec",,,,,,""
28/02/2025,🔹,"Single Pec Dec",1,110,kg,15,rep,""
28/02/2025,🔹,"Single Pec Dec",2,120,kg,15,rep,""
28/02/2025,🏋️‍♂️,"Chin Up",,,,,,""
28/02/2025,🔹,"Chin Up",1,0,kg,8,rep,""
28/02/2025,🔹,"Chin Up",2,0,kg,6,rep,""
03/03/2025,📅,,,,,,,"68 min"
03/03/2025,🏋️‍♂️,"Squat · Barbell",,,,,,""
03/03/2025,🔹,"Squat · Barbell",1,60,kg,10,rep,""
03/03/2025,🔹,"Squat · Barbell",2,70,kg,8,rep,""
03/03/2025,🔹,"Squat · Barbell",3,80,kg,5,rep,""
03/03/2025,🔹,"Squat · Barbell",4,80,kg,5,rep,""
03/03/2025,🏋️‍♂️,"Romanian Deadlift · Barbell",,,,,,""
03/03/2025,🔹,"Romanian Deadlift · Barbell",1,60,kg,10,rep,""
03/03/2025,🔹,"Romanian Deadlift · Barbell",2,60,kg,10,rep,""
03/03/2025,🔹,"Romanian Deadlift · Barbell",3,60,kg,10,rep,""
03/03/2025,🏋️‍♂️,"Hip Abduction · Machine",,,,,,""
03/03/2025,🔹,"Hip Abduction · Machine",1,125,lb,12,rep,""
03/03/2025,🔹,"Hip Abduction · Machine",2,125,lb,12,rep,""
03/03/2025,🏋️‍♂️🔗,"Hip Adduction · Machine",,,,,,""
03/03/2025,🔹,"Hip Adduction · Machine",1,125,lb,12,rep,""
03/03/2025,🔹,"Hip Adduction · Machine",2,125,lb,12,rep,""
03/03/2025,🏋️‍♂️,"Calf Press · Machine",,,,,,""
03/03/2025,🔹,"Calf Press · Machine",1,275,kg,20,rep,""
03/03/2025,🔹,"Calf Press · Machine",2,275,kg,20,rep,""
03/03/2025,🔹,"Calf Press · Machine",3,275,kg,16,rep,""
03/03/2025,🏋️‍♂️,"Single arm lat pulldown",,,,,,""
03/03/2025,🔹,"Single arm lat pulldown",1,61,kg,9,rep,""
03/03/2025,🔹,"Single arm lat pulldown",2,61,kg,10,rep,""
03/03/2025,🏋️‍♂️,"Single arm seated cable row",,,,,,""
03/03/2025,🔹,"Single arm seated cable row",1,54.5,kg,8,rep,""
03/03/2025,🔹,"Single arm seated cable row",2,54.5,kg,6,rep,""
03/03/2025,🏋️‍♂️,"Supinating Curl · Dumbbell",,,,,,""
03/03/2025,🔹,"Supinating Curl · Dumbbell",1,10,kg,11,rep,""
03/03/2025,🔹,"Supinating Curl · Dumbbell",2,10,kg,10,rep,""
03/03/2025,🏋️‍♂️,"Concentration Curl · Dumbbell",,,,,,""
03/03/2025,🔹,"Concentration Curl · Dumbbell",1,10,kg,10,rep,""
03/03/2025,🔹,"Concentration Curl · Dumbbell",2,10,kg,10,rep,""
04/03/2025,📅,,,,,,,"61 min"
04/03/2025,🏋️‍♂️,"Bench Press · Barbell",,,,,,""
04/03/2025,🔹,"Bench Press · Barbell",1,60,kg,8,rep,""
04/03/2025,🔹,"Bench Press · Barbell",2,60,kg,8,rep,""
04/03/2025,🔹,"Bench Press · Barbell",3,70,kg,4,rep,""
04/03/2025,🔹,"Bench Press · Barbell",4,70,kg,5,rep,""
04/03/2025,🏋️‍♂️,"Incline Bench Press · Barbell",,,,,,""
04/03/2025,🔹,"Incline Bench Press · Barbell",1,43,kg,12,rep,""
04/03/2025,🔹,"Incline Bench Press · Barbell",2,48,kg,9,rep,""
04/03/2025,🔹,"Incline Bench Press · Barbell",3,48,kg,10,rep,""
04/03/2025,🏋️‍♂️,"Pec Deck · Machine",,,,,,""
04/03/2025,🔹,"Pec Deck · Machine",1,110,lb,15,rep,""
04/03/2025,🔹,"Pec Deck · Machine",2,110,lb,15,rep,""
04/03/2025,🏋️‍♂️,"Rear Delt",,,,,,""
04/03/2025,🔹,"Rear Delt",1,90,lb,15,rep,""
04/03/2025,🔹,"Rear Delt",2,90,lb,12,rep,""
04/03/2025,🏋️‍♂️,"Seated Overhead Press · Dumbbell",,,,,,""
04/03/2025,🔹,"Seated Overhead Press · Dumbbell",1,35,kg,12,rep,""
04/03/2025,🔹,"Seated Overhead Press · Dumbbell",2,35,kg,10,rep,""
04/03/2025,🏋️‍♂️,"Cable Raise (Cybex Seilzug)",,,,,,""
04/03/2025,🔹,"Cable Raise (Cybex Seilzug)",1,2.3,kg,7,rep,""
04/03/2025,🔹,"Cable Raise (Cybex Seilzug)",2,2.3,kg,7,rep,""
04/03/2025,🏋️‍♂️,"Tricep press",,,,,,""
04/03/2025,🔹,"Tricep press",1,90,kg,12,rep,""
04/03/2025,🔹,"Tricep press",2,90,kg,12,rep,""
04/03/2025,🔹,"Tricep press",3,90,kg,12,rep,""
04/03/2025,🏋️‍♂️,"Cable Kickback",,,,,,""
04/03/2025,🔹,"Cable Kickback",1,15,lb,8,rep,""
04/03/2025,🔹,"Cable Kickback",2,15,lb,8,rep,""
07/03/2025,📅,,,,,,,"70 min"
07/03/2025,🏋️‍♂️,"Lat Pull Down · Cable",,,,,,""
07/03/2025,🔹,"Lat Pull Down · Cable",1,61,kg,7,rep,""
07/03/2025,🔹,"Lat Pull Down · Cable",2,61,kg,8,rep,""
07/03/2025,🔹,"Lat Pull Down · Cable",3,61,kg,7,rep,""
07/03/2025,🔹,"Lat Pull Down · Cable",4,61,kg,7,rep,""
07/03/2025,🏋️‍♂️,"VAF Ruckeninsulator",,,,,,""
07/03/2025,🔹,"VAF Ruckeninsulator",1,12,kg,9,rep,""
07/03/2025,🔹,"VAF Ruckeninsulator",2,12,kg,9,rep,""
07/03/2025,🔹,"VAF Ruckeninsulator",3,12,kg,10,rep,""
07/03/2025,🏋️‍♂️,"Pull Up",,,,,,""
07/03/2025,🔹,"Pull Up",1,0,kg,5,rep,""
07/03/2025,🔹,"Pull Up",2,0,kg,5,rep,""
07/03/2025,🏋️‍♂️,"Preacher Curl · Barbell",,,,,,""
07/03/2025,🔹,"Preacher Curl · Barbell",1,19,kg,15,rep,""
07/03/2025,🔹,"Preacher Curl · Barbell",2,24,kg,10,rep,""
07/03/2025,🔹,"Preacher Curl · Barbell",3,24,kg,8,rep,""
07/03/2025,🏋️‍♂️,"Dumbell preacher hammer curl",,,,,,""
07/03/2025,🔹,"Dumbell preacher hammer curl",1,9,kg,11,rep,""
07/03/2025,🔹,"Dumbell preacher hammer curl",2,9,kg,10,rep,""
07/03/2025,🔹,"Dumbell preacher hammer curl",3,9,kg,9,rep,""
07/03/2025,🏋️‍♂️,"Calf Press · Machine",,,,,,""
07/03/2025,🔹,"Calf Press · Machine",1,275,kg,20,rep,""
07/03/2025,🔹,"Calf Press · Machine",2,275,kg,20,rep,""
07/03/2025,🏋️‍♂️,"Leg Extension · Machine",,,,,,""
07/03/2025,🔹,"Leg Extension · Machine",1,140,lb,15,rep,""
07/03/2025,🔹,"Leg Extension · Machine",2,150,lb,9,rep,""
07/03/2025,🏋️‍♂️🔗,"Leg Curl · Machine",,,,,,""
07/03/2025,🔹,"Leg Curl · Machine",1,100,lb,15,rep,""
07/03/2025,🔹,"Leg Curl · Machine",2,100,lb,12,rep,""
08/03/2025,📅,,,,,,,"64 min"
08/03/2025,🏋️‍♂️,"Seated Overhead Press · Dumbbell",,,,,,""
08/03/2025,🔹,"Seated Overhead Press · Dumbbell",1,35,kg,10,rep,""
08/03/2025,🔹,"Seated Overhead Press · Dumbbell",2,35,kg,11,rep,""
08/03/2025,🔹,"Seated Overhead Press · Dumbbell",3,33,kg,5,rep,""
08/03/2025,🏋️‍♂️,"Cable Raise (Cybex Seilzug)",,,,,,""
08/03/2025,🔹,"Cable Raise (Cybex Seilzug)",1,2.3,kg,9,rep,""
08/03/2025,🔹,"Cable Raise (Cybex Seilzug)",2,2.3,kg,10,rep,""
08/03/2025,🔹,"Cable Raise (Cybex Seilzug)",3,2.3,kg,10,rep,""
08/03/2025,🏋️‍♂️,"Tricep Dip",,,,,,""
08/03/2025,🔹,"Tricep Dip",1,10,kg,10,rep,""
08/03/2025,🔹,"Tricep Dip",2,10,kg,10,rep,""
08/03/2025,🔹,"Tricep Dip",3,10,kg,8,rep,""
08/03/2025,🏋️‍♂️,"Tricep Extension · Cable",,,,,,""
08/03/2025,🔹,"Tricep Extension · Cable",1,55,lb,10,rep,""
08/03/2025,🔹,"Tricep Extension · Cable",2,55,lb,10,rep,""
08/03/2025,🔹,"Tricep Extension · Cable",3,55,lb,10,rep,""
08/03/2025,🏋️‍♂️,"Skull crusher",,,,,,""
08/03/2025,🔹,"Skull crusher",1,19,kg,10,rep,""
08/03/2025,🔹,"Skull crusher",2,19,kg,10,rep,""
08/03/2025,🏋️‍♂️,"Bench Press · Dumbbell",,,,,,""
08/03/2025,🔹,"Bench Press · Dumbbell",1,40,kg,12,rep,""
08/03/2025,🔹,"Bench Press · Dumbbell",2,40,kg,12,rep,""
08/03/2025,🏋️‍♂️,"Rear Delt",,,,,,""
08/03/2025,🔹,"Rear Delt",1,90,lb,12,rep,""
08/03/2025,🔹,"Rear Delt",2,90,lb,12,rep,""
08/03/2025,🏋️‍♂️,"Single Pec Dec",,,,,,""
08/03/2025,🔹,"Single Pec Dec",1,120,kg,12,rep,""
08/03/2025,🔹,"Single Pec Dec",2,120,kg,12,rep,""
08/03/2025,🏋️‍♂️,"Chin Up",,,,,,""
08/03/2025,🔹,"Chin Up",1,0,kg,8,rep,""
08/03/2025,🔹,"Chin Up",2,0,kg,6,rep,""
10/03/2025,📅,,,,,,,"73 min"
10/03/2025,🏋️‍♂️,"Cybex Hack Squat",,,,,,""
10/03/2025,🔹,"Cybex Hack Squat",1,10,kg,12,rep,""
10/03/2025,🔹,"Cybex Hack Squat",2,11,kg,12,rep,""
10/03/2025,🔹,"Cybex Hack Squat",3,12,kg,8,rep,""
10/03/2025,🏋️‍♂️,"Leg Curl · Machine",,,,,,""
10/03/2025,🔹,"Leg Curl · Machine",1,100,lb,15,rep,""
10/03/2025,🔹,"Leg Curl · Machine",2,100,lb,12,rep,""
10/03/2025,🏋️‍♂️,"Hip Abduction · Machine",,,,,,""
10/03/2025,🔹,"Hip Abduction · Machine",1,125,lb,12,rep,""
10/03/2025,🔹,"Hip Abduction · Machine",2,125,lb,12,rep,""
10/03/2025,🏋️‍♂️🔗,"Hip Adduction · Machine",,,,,,""
10/03/2025,🔹,"Hip Adduction · Machine",1,125,lb,13,rep,""
10/03/2025,🔹,"Hip Adduction · Machine",2,125,lb,13,rep,""
10/03/2025,🏋️‍♂️,"Calf Press · Machine",,,,,,""
10/03/2025,🔹,"Calf Press · Machine",1,275,kg,20,rep,""
10/03/2025,🔹,"Calf Press · Machine",2,275,kg,20,rep,""
10/03/2025,🔹,"Calf Press · Machine",3,275,kg,18,rep,""
10/03/2025,🏋️‍♂️,"Single arm lat pulldown",,,,,,""
10/03/2025,🔹,"Single arm lat pulldown",1,61,kg,10,rep,""
10/03/2025,🔹,"Single arm lat pulldown",2,61,kg,10,rep,""
10/03/2025,🏋️‍♂️,"Single arm seated cable row",,,,,,""
10/03/2025,🔹,"Single arm seated cable row",1,54.5,kg,9,rep,""
10/03/2025,🔹,"Single arm seated cable row",2,54.5,kg,9,rep,""
10/03/2025,🏋️‍♂️,"Supinating Curl · Dumbbell",,,,,,""
10/03/2025,🔹,"Supinating Curl · Dumbbell",1,10,kg,12,rep,""
10/03/2025,🔹,"Supinating Curl · Dumbbell",2,10,kg,10,rep,""
10/03/2025,🏋️‍♂️,"Concentration Curl · Dumbbell",,,,,,""
10/03/2025,🔹,"Concentration Curl · Dumbbell",1,10,kg,10,rep,""
10/03/2025,🔹,"Concentration Curl · Dumbbell",2,10,kg,10,rep,""
11/03/2025,📅,,,,,,,"70 min"
11/03/2025,🏋️‍♂️,"Bench Press · Barbell",,,,,,""
11/03/2025,🔹,"Bench Press · Barbell",1,60,kg,9,rep,""
11/03/2025,🔹,"Bench Press · Barbell",2,60,kg,9,rep,""
11/03/2025,🔹,"Bench Press · Barbell",3,70,kg,3,rep,""
11/03/2025,🔹,"Bench Press · Barbell",4,70,kg,4,rep,""
11/03/2025,🏋️‍♂️,"Incline Bench Press · Barbell",,,,,,""
11/03/2025,🔹,"Incline Bench Press · Barbell",1,43,kg,9,rep,""
11/03/2025,🔹,"Incline Bench Press · Barbell",2,48,kg,8,rep,""
11/03/2025,🔹,"Incline Bench Press · Barbell",3,48,kg,9,rep,""
11/03/2025,🏋️‍♂️,"Pec Deck · Machine",,,,,,""
11/03/2025,🔹,"Pec Deck · Machine",1,120,lb,9,rep,""
11/03/2025,🔹,"Pec Deck · Machine",2,120,lb,9,rep,""
11/03/2025,🏋️‍♂️,"Rear Delt",,,,,,""
11/03/2025,🔹,"Rear Delt",1,100,lb,10,rep,""
11/03/2025,🔹,"Rear Delt",2,100,lb,10,rep,""
11/03/2025,🏋️‍♂️,"Seated Overhead Press · Dumbbell",,,,,,""
11/03/2025,🔹,"Seated Overhead Press · Dumbbell",1,35,kg,9,rep,""
11/03/2025,🔹,"Seated Overhead Press · Dumbbell",2,35,kg,10,rep,""
11/03/2025,🏋️‍♂️,"Cable Raise (Cybex Seilzug)",,,,,,""
11/03/2025,🔹,"Cable Raise (Cybex Seilzug)",1,2.3,kg,7,rep,""
11/03/2025,🔹,"Cable Raise (Cybex Seilzug)",2,2.3,kg,7,rep,""
11/03/2025,🏋️‍♂️,"Tricep press",,,,,,""
11/03/2025,🔹,"Tricep press",1,100,lb,9,rep,""
11/03/2025,🔹,"Tricep press",2,100,lb,9,rep,""
11/03/2025,🔹,"Tricep press",3,100,lb,9,rep,""
11/03/2025,🏋️‍♂️,"Cable Kickback",,,,,,""
11/03/2025,🔹,"Cable Kickback",1,15,lb,10,rep,""
11/03/2025,🔹,"Cable Kickback",2,15,lb,8,rep,""
12/03/2025,📅,,,,,,,"84 min"
12/03/2025,🏋️‍♂️,"Lat Pull Down · Cable",,,,,,""
12/03/2025,🔹,"Lat Pull Down · Cable",1,61,kg,8,rep,""
12/03/2025,🔹,"Lat Pull Down · Cable",2,61,kg,8,rep,""
12/03/2025,🔹,"Lat Pull Down · Cable",3,61,kg,8,rep,""
12/03/2025,🔹,"Lat Pull Down · Cable",4,61,kg,8,rep,""
12/03/2025,🏋️‍♂️,"VAF Ruckeninsulator",,,,,,""
12/03/2025,🔹,"VAF Ruckeninsulator",1,12,kg,10,rep,""
12/03/2025,🔹,"VAF Ruckeninsulator",2,12,kg,10,rep,""
12/03/2025,🔹,"VAF Ruckeninsulator",3,12,kg,10,rep,""
12/03/2025,🏋️‍♂️,"Pull Up",,,,,,""
12/03/2025,🔹,"Pull Up",1,-6,kg,7,rep,""
12/03/2025,🔹,"Pull Up",2,-6,kg,8,rep,""
12/03/2025,🏋️‍♂️,"Preacher Curl · Barbell",,,,,,""
12/03/2025,🔹,"Preacher Curl · Barbell",1,19,kg,15,rep,""
12/03/2025,🔹,"Preacher Curl · Barbell",2,24,kg,10,rep,""
12/03/2025,🔹,"Preacher Curl · Barbell",3,24,kg,8,rep,""
12/03/2025,🏋️‍♂️,"Dumbell preacher hammer curl",,,,,,""
12/03/2025,🔹,"Dumbell preacher hammer curl",1,9,kg,11,rep,""
12/03/2025,🔹,"Dumbell preacher hammer curl",2,9,kg,10,rep,""
12/03/2025,🔹,"Dumbell preacher hammer curl",3,9,kg,9,rep,""
12/03/2025,🏋️‍♂️,"Calf Press · Machine",,,,,,""
12/03/2025,🔹,"Calf Press · Machine",1,275,kg,16,rep,""
12/03/2025,🔹,"Calf Press · Machine",2,275,kg,12,rep,""
12/03/2025,🏋️‍♂️,"Leg Extension · Machine",,,,,,""
12/03/2025,🔹,"Leg Extension · Machine",1,150,lb,10,rep,""
12/03/2025,🔹,"Leg Extension · Machine",2,150,lb,9,rep,""
12/03/2025,🏋️‍♂️🔗,"Leg Curl · Machine",,,,,,""
12/03/2025,🔹,"Leg Curl · Machine",1,105,lb,10,rep,""
12/03/2025,🔹,"Leg Curl · Machine",2,105,lb,10,rep,""
15/03/2025,📅,,,,,,,"76 min"
15/03/2025,🏋️‍♂️,"Overhead Press · Barbell",,,,,,""
15/03/2025,🔹,"Overhead Press · Barbell",1,35,kg,6,rep,""
15/03/2025,🔹,"Overhead Press · Barbell",2,35,kg,6,rep,""
15/03/2025,🔹,"Overhead Press · Barbell",3,35,kg,6,rep,""
15/03/2025,🏋️‍♂️,"Lateral Raise · Dumbbell",,,,,,""
15/03/2025,🔹,"Lateral Raise · Dumbbell",1,9,kg,10,rep,""
15/03/2025,🔹,"Lateral Raise · Dumbbell",2,9,kg,10,rep,""
15/03/2025,🔹,"Lateral Raise · Dumbbell",3,9,kg,10,rep,""
15/03/2025,🏋️‍♂️🔗,"Lateral Raise · Dumbbell",,,,,,""
15/03/2025,🔹,"Lateral Raise · Dumbbell",1,0,kg,0,rep,""
15/03/2025,🔹,"Lateral Raise · Dumbbell",2,7,kg,10,rep,""
15/03/2025,🔹,"Lateral Raise · Dumbbell",3,7,kg,8,rep,""
15/03/2025,🏋️‍♂️,"Tricep Dip",,,,,,""
15/03/2025,🔹,"Tricep Dip",1,10,kg,12,rep,""
15/03/2025,🔹,"Tricep Dip",2,10,kg,10,rep,""
15/03/2025,🔹,"Tricep Dip",3,10,kg,10,rep,""
15/03/2025,🏋️‍♂️,"Tricep Extension · Cable",,,,,,""
15/03/2025,🔹,"Tricep Extension · Cable",1,55,lb,12,rep,""
15/03/2025,🔹,"Tricep Extension · Cable",2,55,lb,11,rep,""
15/03/2025,🔹,"Tricep Extension · Cable",3,55,lb,10,rep,""
15/03/2025,🏋️‍♂️,"Skull crusher",,,,,,""
15/03/2025,🔹,"Skull crusher",1,19,kg,12,rep,""
15/03/2025,🔹,"Skull crusher",2,19,kg,12,rep,""
15/03/2025,🏋️‍♂️,"Bench Press · Dumbbell",,,,,,""
15/03/2025,🔹,"Bench Press · Dumbbell",1,40,kg,12,rep,""
15/03/2025,🔹,"Bench Press · Dumbbell",2,40,kg,12,rep,""
15/03/2025,🏋️‍♂️,"Single Pec Dec",,,,,,""
15/03/2025,🔹,"Single Pec Dec",1,130,kg,10,rep,""
15/03/2025,🔹,"Single Pec Dec",2,130,kg,10,rep,""
15/03/2025,🏋️‍♂️,"Rear Delt",,,,,,""
15/03/2025,🔹,"Rear Delt",1,100,lb,12,rep,""
15/03/2025,🔹,"Rear Delt",2,100,lb,10,rep,""
15/03/2025,🏋️‍♂️,"Chin Up",,,,,,""
15/03/2025,🔹,"Chin Up",1,0,kg,8,rep,""
15/03/2025,🔹,"Chin Up",2,0,kg,6,rep,""
17/03/2025,📅,,,,,,,"85 min"
17/03/2025,🏋️‍♂️,"Squat · Barbell",,,,,,""
17/03/2025,🔹,"Squat · Barbell",1,60,kg,10,rep,""
17/03/2025,🔹,"Squat · Barbell",2,70,kg,9,rep,""
17/03/2025,🔹,"Squat · Barbell",3,80,kg,6,rep,""
17/03/2025,🔹,"Squat · Barbell",4,80,kg,4,rep,""
17/03/2025,🏋️‍♂️,"Romanian Deadlift · Barbell",,,,,,""
17/03/2025,🔹,"Romanian Deadlift · Barbell",1,60,kg,12,rep,""
17/03/2025,🔹,"Romanian Deadlift · Barbell",2,60,kg,9,rep,""
17/03/2025,🔹,"Romanian Deadlift · Barbell",3,60,kg,9,rep,""
17/03/2025,🏋️‍♂️,"Hip Abduction · Machine",,,,,,""
17/03/2025,🔹,"Hip Abduction · Machine",1,130,lb,9,rep,""
17/03/2025,🔹,"Hip Abduction · Machine",2,130,lb,9,rep,""
17/03/2025,🏋️‍♂️🔗,"Hip Adduction · Machine",,,,,,""
17/03/2025,🔹,"Hip Adduction · Machine",1,130,lb,12,rep,""
17/03/2025,🔹,"Hip Adduction · Machine",2,130,lb,12,rep,""
17/03/2025,🏋️‍♂️,"Calf Press · Machine",,,,,,""
17/03/2025,🔹,"Calf Press · Machine",1,275,kg,20,rep,""
17/03/2025,🔹,"Calf Press · Machine",2,275,kg,20,rep,""
17/03/2025,🔹,"Calf Press · Machine",3,275,kg,20,rep,""
17/03/2025,🏋️‍♂️,"Single arm lat pulldown",,,,,,""
17/03/2025,🔹,"Single arm lat pulldown",1,61,kg,10,rep,""
17/03/2025,🔹,"Single arm lat pulldown",2,61,kg,10,rep,""
17/03/2025,🏋️‍♂️,"Single arm seated cable row",,,,,,""
17/03/2025,🔹,"Single arm seated cable row",1,54.5,kg,9,rep,""
17/03/2025,🔹,"Single arm seated cable row",2,54.5,kg,9,rep,""
17/03/2025,🏋️‍♂️,"Supinating Curl · Dumbbell",,,,,,""
17/03/2025,🔹,"Supinating Curl · Dumbbell",1,10,kg,12,rep,""
17/03/2025,🔹,"Supinating Curl · Dumbbell",2,10,kg,11,rep,""
17/03/2025,🏋️‍♂️,"Concentration Curl · Dumbbell",,,,,,""
17/03/2025,🔹,"Concentration Curl · Dumbbell",1,10,kg,9,rep,""
17/03/2025,🔹,"Concentration Curl · Dumbbell",2,10,kg,10,rep,""
17/03/2025,🏋️‍♂️,"Pull Up",,,,,,""
17/03/2025,🔹,"Pull Up",1,-6,kg,9,rep,""
17/03/2025,🔹,"Pull Up",2,-6,kg,9,rep,""
18/03/2025,📅,,,,,,,"105 min"
18/03/2025,🏋️‍♂️,"Bench Press · Barbell",,,,,,""
18/03/2025,🔹,"Bench Press · Barbell",1,60,kg,9,rep,""
18/03/2025,🔹,"Bench Press · Barbell",2,60,kg,9,rep,""
18/03/2025,🔹,"Bench Press · Barbell",3,70,kg,5,rep,""
18/03/2025,🔹,"Bench Press · Barbell",4,70,kg,5,rep,""
18/03/2025,🏋️‍♂️,"Incline Bench Press · Barbell",,,,,,""
18/03/2025,🔹,"Incline Bench Press · Barbell",1,40,kg,12,rep,""
18/03/2025,🔹,"Incline Bench Press · Barbell",2,50,kg,9,rep,""
18/03/2025,🔹,"Incline Bench Press · Barbell",3,48,kg,9,rep,""
18/03/2025,🏋️‍♂️,"Pec Deck · Machine",,,,,,""
18/03/2025,🔹,"Pec Deck · Machine",1,125,lb,10,rep,""
18/03/2025,🔹,"Pec Deck · Machine",2,125,lb,10,rep,""
18/03/2025,🏋️‍♂️,"Rear Delt",,,,,,""
18/03/2025,🔹,"Rear Delt",1,100,lb,12,rep,""
18/03/2025,🔹,"Rear Delt",2,100,lb,10,rep,""
18/03/2025,🏋️‍♂️,"Seated Overhead Press · Dumbbell",,,,,,""
18/03/2025,🔹,"Seated Overhead Press · Dumbbell",1,35,kg,12,rep,""
18/03/2025,🔹,"Seated Overhead Press · Dumbbell",2,35,kg,10,rep,""
18/03/2025,🏋️‍♂️,"Lateral Raise · Dumbbell",,,,,,""
18/03/2025,🔹,"Lateral Raise · Dumbbell",1,9,kg,10,rep,""
18/03/2025,🔹,"Lateral Raise · Dumbbell",2,9,kg,10,rep,""
18/03/2025,🏋️‍♂️🔗,"Lateral Raise · Dumbbell",,,,,,""
18/03/2025,🔹,"Lateral Raise · Dumbbell",1,7,kg,10,rep,""
18/03/2025,🔹,"Lateral Raise · Dumbbell",2,7,kg,10,rep,""
18/03/2025,🏋️‍♂️,"Tricep press",,,,,,""
18/03/2025,🔹,"Tricep press",1,100,lb,9,rep,""
18/03/2025,🔹,"Tricep press",2,105,lb,7,rep,""
18/03/2025,🔹,"Tricep press",3,110,lb,6,rep,""
18/03/2025,🏋️‍♂️,"Cable Kickback",,,,,,""
18/03/2025,🔹,"Cable Kickback",1,15,lb,10,rep,""
18/03/2025,🔹,"Cable Kickback",2,15,lb,8,rep,""
18/03/2025,🏋️‍♂️,"Incline Bench Machine ",,,,,,""
18/03/2025,🔹,"Incline Bench Machine ",1,90,lb,10,rep,""
18/03/2025,🔹,"Incline Bench Machine ",2,110,lb,6,rep,""
18/03/2025,🔹,"Incline Bench Machine ",3,110,lb,6,rep,""
19/03/2025,📅,,,,,,,"93 min"
19/03/2025,🏋️‍♂️,"Lat Pull Down · Cable",,,,,,""
19/03/2025,🔹,"Lat Pull Down · Cable",1,61,kg,9,rep,""
19/03/2025,🔹,"Lat Pull Down · Cable",2,61,kg,9,rep,""
19/03/2025,🔹,"Lat Pull Down · Cable",3,61,kg,9,rep,""
19/03/2025,🔹,"Lat Pull Down · Cable",4,61,kg,9,rep,""
19/03/2025,🏋️‍♂️,"VAF Ruckeninsulator",,,,,,""
19/03/2025,🔹,"VAF Ruckeninsulator",1,12,kg,12,rep,""
19/03/2025,🔹,"VAF Ruckeninsulator",2,12,kg,12,rep,""
19/03/2025,🔹,"VAF Ruckeninsulator",3,12,kg,12,rep,""
19/03/2025,🏋️‍♂️,"Pull Up",,,,,,""
19/03/2025,🔹,"Pull Up",1,0,kg,8,rep,""
19/03/2025,🔹,"Pull Up",2,0,kg,8,rep,""
19/03/2025,🏋️‍♂️,"Preacher Curl · Barbell",,,,,,""
19/03/2025,🔹,"Preacher Curl · Barbell",1,19,kg,15,rep,""
19/03/2025,🔹,"Preacher Curl · Barbell",2,24,kg,10,rep,""
19/03/2025,🔹,"Preacher Curl · Barbell",3,24,kg,9,rep,""
19/03/2025,🏋️‍♂️,"Dumbell preacher hammer curl",,,,,,""
19/03/2025,🔹,"Dumbell preacher hammer curl",1,9,kg,10,rep,""
19/03/2025,🔹,"Dumbell preacher hammer curl",2,9,kg,9,rep,""
19/03/2025,🔹,"Dumbell preacher hammer curl",3,9,kg,7,rep,""
19/03/2025,🏋️‍♂️,"Calf Press · Machine",,,,,,""
19/03/2025,🔹,"Calf Press · Machine",1,275,kg,20,rep,""
19/03/2025,🔹,"Calf Press · Machine",2,275,kg,20,rep,""
19/03/2025,🏋️‍♂️,"Leg Extension · Machine",,,,,,""
19/03/2025,🔹,"Leg Extension · Machine",1,150,lb,10,rep,""
19/03/2025,🔹,"Leg Extension · Machine",2,150,lb,11,rep,""
19/03/2025,🏋️‍♂️🔗,"Leg Curl · Machine",,,,,,""
19/03/2025,🔹,"Leg Curl · Machine",1,105,lb,10,rep,""
19/03/2025,🔹,"Leg Curl · Machine",2,105,lb,10,rep,""
19/03/2025,🏋️‍♂️,"Chin Up",,,,,,""
19/03/2025,🔹,"Chin Up",1,0,kg,7,rep,""
19/03/2025,🔹,"Chin Up",2,0,kg,6,rep,""
22/03/2025,📅,,,,,,,"106 min"
22/03/2025,🏋️‍♂️,"Overhead Press · Barbell",,,,,,""
22/03/2025,🔹,"Overhead Press · Barbell",1,33,kg,8,rep,""
22/03/2025,🔹,"Overhead Press · Barbell",2,33,kg,8,rep,""
22/03/2025,🔹,"Overhead Press · Barbell",3,33,kg,6,rep,""
22/03/2025,🏋️‍♂️,"Lateral Raise · Dumbbell",,,,,,""
22/03/2025,🔹,"Lateral Raise · Dumbbell",1,9,kg,10,rep,""
22/03/2025,🔹,"Lateral Raise · Dumbbell",2,9,kg,10,rep,""
22/03/2025,🔹,"Lateral Raise · Dumbbell",3,9,kg,10,rep,""
22/03/2025,🏋️‍♂️🔗,"Lateral Raise · Dumbbell",,,,,,""
22/03/2025,🔹,"Lateral Raise · Dumbbell",1,7,kg,10,rep,""
22/03/2025,🔹,"Lateral Raise · Dumbbell",2,7,kg,9,rep,""
22/03/2025,🔹,"Lateral Raise · Dumbbell",3,7,kg,8,rep,""
22/03/2025,🏋️‍♂️,"Tricep Dip",,,,,,""
22/03/2025,🔹,"Tricep Dip",1,0,kg,12,rep,""
22/03/2025,🔹,"Tricep Dip",2,10,kg,11,rep,""
22/03/2025,🔹,"Tricep Dip",3,10,kg,10,rep,""
22/03/2025,🔹,"Tricep Dip",4,10,kg,9,rep,""
22/03/2025,🏋️‍♂️,"Tricep Extension · Cable",,,,,,""
22/03/2025,🔹,"Tricep Extension · Cable",1,55,lb,12,rep,""
22/03/2025,🔹,"Tricep Extension · Cable",2,55,lb,11,rep,""
22/03/2025,🔹,"Tricep Extension · Cable",3,55,lb,10,rep,""
22/03/2025,🏋️‍♂️,"Skull crusher",,,,,,""
22/03/2025,🔹,"Skull crusher",1,19,kg,14,rep,""
22/03/2025,🔹,"Skull crusher",2,19,kg,12,rep,""
22/03/2025,🏋️‍♂️,"Bench Press · Dumbbell",,,,,,""
22/03/2025,🔹,"Bench Press · Dumbbell",1,40,kg,12,rep,""
22/03/2025,🔹,"Bench Press · Dumbbell",2,40,kg,12,rep,""
22/03/2025,🏋️‍♂️,"Single Pec Dec",,,,,,""
22/03/2025,🔹,"Single Pec Dec",1,130,kg,12,rep,""
22/03/2025,🔹,"Single Pec Dec",2,130,kg,12,rep,""
22/03/2025,🏋️‍♂️,"Rear Delt",,,,,,""
22/03/2025,🔹,"Rear Delt",1,100,lb,11,rep,""
22/03/2025,🔹,"Rear Delt",2,100,lb,10,rep,""
22/03/2025,🏋️‍♂️,"Chin Up",,,,,,""
22/03/2025,🔹,"Chin Up",1,0,kg,8,rep,""
22/03/2025,🔹,"Chin Up",2,0,kg,6,rep,""
24/03/2025,📅,,,,,,,"84 min"
24/03/2025,🏋️‍♂️,"Squat · Barbell",,,,,,""
24/03/2025,🔹,"Squat · Barbell",1,60,kg,10,rep,""
24/03/2025,🔹,"Squat · Barbell",2,70,kg,9,rep,""
24/03/2025,🔹,"Squat · Barbell",3,70,kg,9,rep,""
24/03/2025,🔹,"Squat · Barbell",4,70,kg,6,rep,""
24/03/2025,🏋️‍♂️,"Leg Curl · Machine",,,,,,""
24/03/2025,🔹,"Leg Curl · Machine",1,110,lb,12,rep,""
24/03/2025,🔹,"Leg Curl · Machine",2,110,lb,10,rep,""
24/03/2025,🔹,"Leg Curl · Machine",3,110,lb,10,rep,""
24/03/2025,🏋️‍♂️,"Hip Abduction · Machine",,,,,,""
24/03/2025,🔹,"Hip Abduction · Machine",1,130,lb,10,rep,""
24/03/2025,🔹,"Hip Abduction · Machine",2,130,lb,9,rep,""
24/03/2025,🏋️‍♂️🔗,"Hip Adduction · Machine",,,,,,""
24/03/2025,🔹,"Hip Adduction · Machine",1,130,lb,12,rep,""
24/03/2025,🔹,"Hip Adduction · Machine",2,130,lb,12,rep,""
24/03/2025,🏋️‍♂️,"Calf Press · Machine",,,,,,""
24/03/2025,🔹,"Calf Press · Machine",1,280,kg,16,rep,""
24/03/2025,🔹,"Calf Press · Machine",2,280,kg,16,rep,""
24/03/2025,🔹,"Calf Press · Machine",3,280,kg,16,rep,""
24/03/2025,🏋️‍♂️,"Single arm lat pulldown",,,,,,""
24/03/2025,🔹,"Single arm lat pulldown",1,61,kg,10,rep,""
24/03/2025,🔹,"Single arm lat pulldown",2,61,kg,10,rep,""
24/03/2025,🏋️‍♂️,"Single arm seated cable row",,,,,,""
24/03/2025,🔹,"Single arm seated cable row",1,54.5,kg,9,rep,""
24/03/2025,🔹,"Single arm seated cable row",2,54.5,kg,9,rep,""
24/03/2025,🏋️‍♂️,"Supinating Curl · Dumbbell",,,,,,""
24/03/2025,🔹,"Supinating Curl · Dumbbell",1,10,kg,12,rep,""
24/03/2025,🔹,"Supinating Curl · Dumbbell",2,10,kg,12,rep,""
24/03/2025,🏋️‍♂️,"Concentration Curl · Dumbbell",,,,,,""
24/03/2025,🔹,"Concentration Curl · Dumbbell",1,10,kg,10,rep,""
24/03/2025,🔹,"Concentration Curl · Dumbbell",2,10,kg,10,rep,""
24/03/2025,🏋️‍♂️,"Pull Up",,,,,,""
24/03/2025,🔹,"Pull Up",1,0,kg,9,rep,""
24/03/2025,🔹,"Pull Up",2,0,kg,9,rep,""
25/03/2025,📅,,,,,,,"100 min"
25/03/2025,🏋️‍♂️,"Incline Bench Machine ",,,,,,""
25/03/2025,🔹,"Incline Bench Machine ",1,90,lb,12,rep,""
25/03/2025,🔹,"Incline Bench Machine ",2,110,lb,12,rep,""
25/03/2025,🔹,"Incline Bench Machine ",3,120,lb,12,rep,""
25/03/2025,🔹,"Incline Bench Machine ",4,130,lb,9,rep,""
25/03/2025,🔹,"Incline Bench Machine ",5,140,lb,9,rep,""
25/03/2025,🏋️‍♂️,"Incline Bench Press · Barbell",,,,,,""
25/03/2025,🔹,"Incline Bench Press · Barbell",1,50,kg,9,rep,""
25/03/2025,🔹,"Incline Bench Press · Barbell",2,50,kg,9,rep,""
25/03/2025,🔹,"Incline Bench Press · Barbell",3,50,kg,8,rep,""
25/03/2025,🏋️‍♂️,"Pec Deck · Machine",,,,,,""
25/03/2025,🔹,"Pec Deck · Machine",1,130,lb,10,rep,""
25/03/2025,🔹,"Pec Deck · Machine",2,130,lb,8,rep,""
25/03/2025,🏋️‍♂️,"Rear Delt",,,,,,""
25/03/2025,🔹,"Rear Delt",1,100,lb,12,rep,""
25/03/2025,🔹,"Rear Delt",2,100,lb,10,rep,""
25/03/2025,🏋️‍♂️,"Seated Overhead Press · Dumbbell",,,,,,""
25/03/2025,🔹,"Seated Overhead Press · Dumbbell",1,35,kg,12,rep,""
25/03/2025,🔹,"Seated Overhead Press · Dumbbell",2,35,kg,12,rep,""
25/03/2025,🏋️‍♂️,"Lateral Raise · Dumbbell",,,,,,""
25/03/2025,🔹,"Lateral Raise · Dumbbell",1,9,kg,10,rep,""
25/03/2025,🔹,"Lateral Raise · Dumbbell",2,9,kg,10,rep,""
25/03/2025,🏋️‍♂️🔗,"Lateral Raise · Dumbbell",,,,,,""
25/03/2025,🔹,"Lateral Raise · Dumbbell",1,7,kg,10,rep,""
25/03/2025,🔹,"Lateral Raise · Dumbbell",2,7,kg,10,rep,""
25/03/2025,🏋️‍♂️,"Tricep press",,,,,,""
25/03/2025,🔹,"Tricep press",1,100,lb,12,rep,""
25/03/2025,🔹,"Tricep press",2,110,lb,8,rep,""
25/03/2025,🔹,"Tricep press",3,110,lb,6,rep,""
25/03/2025,🏋️‍♂️,"Standing Cable Triceps extension",,,,,,""
25/03/2025,🔹,"Standing Cable Triceps extension",1,20,lb,9,rep,""
25/03/2025,🔹,"Standing Cable Triceps extension",2,20,lb,9,rep,""
25/03/2025,🔹,"Standing Cable Triceps extension",3,20,lb,9,rep,""
25/03/2025,🏋️‍♂️,"Chin Up",,,,,,""
25/03/2025,🔹,"Chin Up",1,0,kg,9,rep,""
25/03/2025,🔹,"Chin Up",2,0,kg,8,rep,""
25/03/2025,🔹,"Chin Up",3,0,kg,7,rep,""
28/03/2025,📅,,,,,,,"81 min"
28/03/2025,🏋️‍♂️,"Lat Pull Down · Cable",,,,,,""
28/03/2025,🔹,"Lat Pull Down · Cable",1,41,kg,10,rep,"WarmUp"
28/03/2025,🔹,"Lat Pull Down · Cable",2,61,kg,9,rep,""
28/03/2025,🔹,"Lat Pull Down · Cable",3,61,kg,9,rep,""
28/03/2025,🔹,"Lat Pull Down · Cable",4,61,kg,9,rep,""
28/03/2025,🔹,"Lat Pull Down · Cable",5,61,kg,9,rep,""
28/03/2025,🏋️‍♂️,"VAF Ruckeninsulator",,,,,,""
28/03/2025,🔹,"VAF Ruckeninsulator",1,13,kg,9,rep,""
28/03/2025,🔹,"VAF Ruckeninsulator",2,13,kg,9,rep,""
28/03/2025,🔹,"VAF Ruckeninsulator",3,13,kg,9,rep,""
28/03/2025,🏋️‍♂️,"Pull Up",,,,,,""
28/03/2025,🔹,"Pull Up",1,0,kg,8,rep,""
28/03/2025,🔹,"Pull Up",2,0,kg,8,rep,""
28/03/2025,🏋️‍♂️,"Preacher Curl · Barbell",,,,,,""
28/03/2025,🔹,"Preacher Curl · Barbell",1,19,kg,12,rep,"WarmUp"
28/03/2025,🔹,"Preacher Curl · Barbell",2,24,kg,12,rep,""
28/03/2025,🔹,"Preacher Curl · Barbell",3,24,kg,11,rep,""
28/03/2025,🏋️‍♂️,"Dumbell preacher hammer curl",,,,,,""
28/03/2025,🔹,"Dumbell preacher hammer curl",1,9,kg,12,rep,""
28/03/2025,🔹,"Dumbell preacher hammer curl",2,9,kg,12,rep,""
28/03/2025,🔹,"Dumbell preacher hammer curl",3,9,kg,7,rep,""
28/03/2025,🏋️‍♂️,"Calf Press · Machine",,,,,,""
28/03/2025,🔹,"Calf Press · Machine",1,280,kg,18,rep,""
28/03/2025,🔹,"Calf Press · Machine",2,280,kg,18,rep,""
28/03/2025,🏋️‍♂️,"Leg Extension · Machine",,,,,,""
28/03/2025,🔹,"Leg Extension · Machine",1,150,lb,12,rep,""
28/03/2025,🔹,"Leg Extension · Machine",2,150,lb,12,rep,""
28/03/2025,🏋️‍♂️🔗,"Leg Curl · Machine",,,,,,""
28/03/2025,🔹,"Leg Curl · Machine",1,110,lb,12,rep,""
28/03/2025,🔹,"Leg Curl · Machine",2,110,lb,10,rep,""
28/03/2025,🏋️‍♂️,"Chin Up",,,,,,""
28/03/2025,🔹,"Chin Up",1,0,kg,7,rep,""
28/03/2025,🔹,"Chin Up",2,0,kg,6,rep,""
29/03/2025,📅,,,,,,,"83 min"
29/03/2025,🏋️‍♂️,"Overhead Press · Barbell",,,,,,""
29/03/2025,🔹,"Overhead Press · Barbell",1,33,kg,8,rep,""
29/03/2025,🔹,"Overhead Press · Barbell",2,33,kg,8,rep,""
29/03/2025,🔹,"Overhead Press · Barbell",3,33,kg,7,rep,""
29/03/2025,🏋️‍♂️,"Lateral Raise · Dumbbell",,,,,,""
29/03/2025,🔹,"Lateral Raise · Dumbbell",1,9,kg,10,rep,""
29/03/2025,🔹,"Lateral Raise · Dumbbell",2,9,kg,10,rep,""
29/03/2025,🔹,"Lateral Raise · Dumbbell",3,9,kg,11,rep,""
29/03/2025,🏋️‍♂️🔗,"Lateral Raise · Dumbbell",,,,,,""
29/03/2025,🔹,"Lateral Raise · Dumbbell",1,7,kg,10,rep,""
29/03/2025,🔹,"Lateral Raise · Dumbbell",2,7,kg,10,rep,""
29/03/2025,🔹,"Lateral Raise · Dumbbell",3,7,kg,6,rep,""
29/03/2025,🏋️‍♂️,"Tricep Dip",,,,,,""
29/03/2025,🔹,"Tricep Dip",1,0,kg,10,rep,"WarmUp"
29/03/2025,🔹,"Tricep Dip",2,10,kg,10,rep,""
29/03/2025,🔹,"Tricep Dip",3,10,kg,10,rep,""
29/03/2025,🔹,"Tricep Dip",4,10,kg,7,rep,""
29/03/2025,🏋️‍♂️,"Tricep Extension · Cable",,,,,,""
29/03/2025,🔹,"Tricep Extension · Cable",1,55,lb,12,rep,""
29/03/2025,🔹,"Tricep Extension · Cable",2,55,lb,11,rep,""
29/03/2025,🔹,"Tricep Extension · Cable",3,55,lb,10,rep,""
29/03/2025,🏋️‍♂️,"Skull crusher",,,,,,""
29/03/2025,🔹,"Skull crusher",1,19,kg,14,rep,""
29/03/2025,🔹,"Skull crusher",2,19,kg,12,rep,""
29/03/2025,🏋️‍♂️,"Incline Bench Machine ",,,,,,""
29/03/2025,🔹,"Incline Bench Machine ",1,110,lb,12,rep,""
29/03/2025,🔹,"Incline Bench Machine ",2,110,lb,9,rep,""
29/03/2025,🔹,"Incline Bench Machine ",3,110,lb,9,rep,""
29/03/2025,🏋️‍♂️,"Single Pec Dec",,,,,,""
29/03/2025,🔹,"Single Pec Dec",1,130,kg,10,rep,""
29/03/2025,🔹,"Single Pec Dec",2,130,kg,10,rep,""
29/03/2025,🏋️‍♂️,"Rear Delt",,,,,,""
29/03/2025,🔹,"Rear Delt",1,100,lb,11,rep,""
29/03/2025,🔹,"Rear Delt",2,100,lb,10,rep,""
29/03/2025,🏋️‍♂️,"Pull Up",,,,,,""
29/03/2025,🔹,"Pull Up",1,0,kg,8,rep,""
29/03/2025,🔹,"Pull Up",2,0,kg,6,rep,""
01/04/2025,📅,,,,,,,"104 min | Leg Focus"
01/04/2025,🏋️‍♂️,"Squat · Barbell",,,,,,""
01/04/2025,🔹,"Squat · Barbell",1,50,kg,9,rep,"WarmUp"
01/04/2025,🔹,"Squat · Barbell",2,70,kg,8,rep,""
01/04/2025,🔹,"Squat · Barbell",3,70,kg,8,rep,""
01/04/2025,🔹,"Squat · Barbell",4,70,kg,8,rep,""
01/04/2025,🔹,"Squat · Barbell",5,50,kg,12,rep,""
01/04/2025,🏋️‍♂️,"Leg Extension · Machine",,,,,,""
01/04/2025,🔹,"Leg Extension · Machine",1,150,kg,10,rep,""
01/04/2025,🔹,"Leg Extension · Machine",2,150,kg,12,rep,""
01/04/2025,🔹,"Leg Extension · Machine",3,150,kg,12,rep,""
01/04/2025,🔹,"Leg Extension · Machine",4,150,kg,10,rep,""
01/04/2025,🏋️‍♂️🔗,"Leg Curl · Machine",,,,,,""
01/04/2025,🔹,"Leg Curl · Machine",1,110,lb,12,rep,""
01/04/2025,🔹,"Leg Curl · Machine",2,110,lb,12,rep,""
01/04/2025,🔹,"Leg Curl · Machine",3,110,lb,12,rep,""
01/04/2025,🔹,"Leg Curl · Machine",4,110,lb,9,rep,""
01/04/2025,🏋️‍♂️,"Calf Press · Machine",,,,,,""
01/04/2025,🔹,"Calf Press · Machine",1,290,kg,15,rep,""
01/04/2025,🔹,"Calf Press · Machine",2,290,kg,15,rep,""
01/04/2025,🔹,"Calf Press · Machine",3,290,kg,15,rep,""
01/04/2025,🏋️‍♂️,"Preacher Curl · Barbell",,,,,,""
01/04/2025,🔹,"Preacher Curl · Barbell",1,19,kg,15,rep,""
01/04/2025,🔹,"Preacher Curl · Barbell",2,24,kg,10,rep,""
01/04/2025,🔹,"Preacher Curl · Barbell",3,24,kg,10,rep,""
01/04/2025,🔹,"Preacher Curl · Barbell",4,24,kg,10,rep,""
01/04/2025,🏋️‍♂️,"Hammer Curl · Dumbbell",,,,,,""
01/04/2025,🔹,"Hammer Curl · Dumbbell",1,9,kg,11,rep,""
01/04/2025,🔹,"Hammer Curl · Dumbbell",2,9,kg,11,rep,""
01/04/2025,🔹,"Hammer Curl · Dumbbell",3,9,kg,12,rep,""
01/04/2025,🏋️‍♂️,"Chin Up",,,,,,""
01/04/2025,🔹,"Chin Up",1,0,kg,8,rep,""
01/04/2025,🔹,"Chin Up",2,0,kg,10,rep,""
01/04/2025,🔹,"Chin Up",3,0,kg,10,rep,""
01/04/2025,🏋️‍♂️,"Incline Bench Machine ",,,,,,""
01/04/2025,🔹,"Incline Bench Machine ",1,110,lb,12,rep,""
01/04/2025,🔹,"Incline Bench Machine ",2,110,lb,12,rep,""
01/04/2025,🔹,"Incline Bench Machine ",3,110,lb,12,rep,""
01/04/2025,🏋️‍♂️,"Tricep press",,,,,,""
01/04/2025,🔹,"Tricep press",1,100,lb,7,rep,""
01/04/2025,🔹,"Tricep press",2,110,lb,10,rep,""
01/04/2025,🔹,"Tricep press",3,110,lb,9,rep,""
01/04/2025,🏋️‍♂️,"Cable Raise (Freie)",,,,,,""
01/04/2025,🔹,"Cable Raise (Freie)",1,60,kg,10,rep,""
01/04/2025,🔹,"Cable Raise (Freie)",2,60,kg,10,rep,""
01/04/2025,🔹,"Cable Raise (Freie)",3,60,kg,10,rep,""
04/04/2025,📅,,,,,,,"110 min | Chest-Triceps Focus"
04/04/2025,🏋️‍♂️,"Bench Press · Barbell",,,,,,""
04/04/2025,🔹,"Bench Press · Barbell",1,60,kg,9,rep,""
04/04/2025,🔹,"Bench Press · Barbell",2,60,kg,9,rep,""
04/04/2025,🔹,"Bench Press · Barbell",3,70,kg,3,rep,""
04/04/2025,🔹,"Bench Press · Barbell",4,60,kg,9,rep,""
04/04/2025,🏋️‍♂️,"Incline Bench Press · Barbell",,,,,,""
04/04/2025,🔹,"Incline Bench Press · Barbell",1,53,kg,8,rep,""
04/04/2025,🔹,"Incline Bench Press · Barbell",2,53,kg,7,rep,""
04/04/2025,🔹,"Incline Bench Press · Barbell",3,53,kg,7,rep,""
04/04/2025,🏋️‍♂️,"Pec Deck · Machine",,,,,,""
04/04/2025,🔹,"Pec Deck · Machine",1,130,lb,12,rep,""
04/04/2025,🔹,"Pec Deck · Machine",2,130,lb,11,rep,""
04/04/2025,🔹,"Pec Deck · Machine",3,130,lb,12,rep,""
04/04/2025,🏋️‍♂️🔗,"Rear Delt",,,,,,""
04/04/2025,🔹,"Rear Delt",1,100,lb,15,rep,""
04/04/2025,🔹,"Rear Delt",2,110,lb,12,rep,""
04/04/2025,🔹,"Rear Delt",3,110,lb,12,rep,""
04/04/2025,🏋️‍♂️,"Tricep Extension · Cable",,,,,,""
04/04/2025,🔹,"Tricep Extension · Cable",1,47.5,lb,12,rep,""
04/04/2025,🔹,"Tricep Extension · Cable",2,47.5,lb,12,rep,""
04/04/2025,🔹,"Tricep Extension · Cable",3,47.5,lb,12,rep,""
04/04/2025,🏋️‍♂️🔗,"Curl · Cable",,,,,,""
04/04/2025,🔹,"Curl · Cable",1,10,kg,10,rep,""
04/04/2025,🔹,"Curl · Cable",2,10,kg,10,rep,""
04/04/2025,🔹,"Curl · Cable",3,10,kg,10,rep,""
04/04/2025,🏋️‍♂️,"Skull crusher",,,,,,""
04/04/2025,🔹,"Skull crusher",1,19,lb,12,rep,""
04/04/2025,🔹,"Skull crusher",2,19,lb,12,rep,""
04/04/2025,🔹,"Skull crusher",3,19,lb,12,rep,""
04/04/2025,🏋️‍♂️🔗,"Assisted Pull Up",,,,,,""
04/04/2025,🔹,"Assisted Pull Up",1,5,kg,10,rep,""
04/04/2025,🔹,"Assisted Pull Up",2,5,kg,10,rep,""
04/04/2025,🔹,"Assisted Pull Up",3,5,kg,10,rep,""
04/04/2025,🏋️‍♂️,"Hip Adduction · Machine",,,,,,""
04/04/2025,🔹,"Hip Adduction · Machine",1,130,kg,15,rep,""
04/04/2025,🔹,"Hip Adduction · Machine",2,130,kg,15,rep,""
04/04/2025,🏋️‍♂️🔗,"Hip Abduction · Machine",,,,,,""
04/04/2025,🔹,"Hip Abduction · Machine",1,130,lb,12,rep,""
04/04/2025,🔹,"Hip Abduction · Machine",2,130,lb,12,rep,""
04/04/2025,🏋️‍♂️,"Calf Press · Machine",,,,,,""
04/04/2025,🔹,"Calf Press · Machine",1,290,kg,20,rep,""
04/04/2025,🔹,"Calf Press · Machine",2,290,kg,15,rep,""
05/04/2025,📅,,,,,,,"119 min | Back-Shoulder Focus"
05/04/2025,🏋️‍♂️,"Lat Pull Down · Cable",,,,,,""
05/04/2025,🔹,"Lat Pull Down · Cable",1,54.5,kg,12,rep,""
05/04/2025,🔹,"Lat Pull Down · Cable",2,54.5,kg,12,rep,""
05/04/2025,🔹,"Lat Pull Down · Cable",3,54.5,kg,12,rep,""
05/04/2025,🔹,"Lat Pull Down · Cable",4,54.5,kg,12,rep,""
05/04/2025,🔹,"Lat Pull Down · Cable",5,47.5,kg,12,rep,""
05/04/2025,🏋️‍♂️,"VAF Ruckeninsulator",,,,,,""
05/04/2025,🔹,"VAF Ruckeninsulator",1,12,kg,12,rep,""
05/04/2025,🔹,"VAF Ruckeninsulator",2,11,kg,12,rep,""
05/04/2025,🔹,"VAF Ruckeninsulator",3,11,kg,12,rep,""
05/04/2025,🔹,"VAF Ruckeninsulator",4,10,kg,15,rep,""
05/04/2025,🏋️‍♂️,"Overhead Press · Barbell",,,,,,""
05/04/2025,🔹,"Overhead Press · Barbell",1,30,kg,12,rep,""
05/04/2025,🔹,"Overhead Press · Barbell",2,30,kg,8,rep,""
05/04/2025,🔹,"Overhead Press · Barbell",3,20,kg,15,rep,""
05/04/2025,🏋️‍♂️,"Lateral Raise · Dumbbell",,,,,,""
05/04/2025,🔹,"Lateral Raise · Dumbbell",1,7,kg,15,rep,""
05/04/2025,🔹,"Lateral Raise · Dumbbell",2,7,kg,15,rep,""
05/04/2025,🔹,"Lateral Raise · Dumbbell",3,8,kg,12,rep,""
05/04/2025,🔹,"Lateral Raise · Dumbbell",4,8,kg,12,rep,""
05/04/2025,🏋️‍♂️🔗,"Dumbell preacher hammer curl",,,,,,""
05/04/2025,🔹,"Dumbell preacher hammer curl",1,9,kg,12,rep,""
05/04/2025,🔹,"Dumbell preacher hammer curl",2,9,kg,12,rep,""
05/04/2025,🔹,"Dumbell preacher hammer curl",3,9,kg,12,rep,""
05/04/2025,🏋️‍♂️,"Cybex Hack Squat",,,,,,""
05/04/2025,🔹,"Cybex Hack Squat",1,10,kg,12,rep,""
05/04/2025,🔹,"Cybex Hack Squat",2,11,kg,12,rep,""
05/04/2025,🔹,"Cybex Hack Squat",3,12,kg,12,rep,""
05/04/2025,🏋️‍♂️,"Calf Press · Machine",,,,,,""
05/04/2025,🔹,"Calf Press · Machine",1,290,kg,15,rep,""
05/04/2025,🔹,"Calf Press · Machine",2,290,kg,20,rep,""
05/04/2025,🏋️‍♂️,"Incline Bench Machine ",,,,,,""
05/04/2025,🔹,"Incline Bench Machine ",1,110,kg,13,rep,""
05/04/2025,🔹,"Incline Bench Machine ",2,110,kg,13,rep,""
05/04/2025,🔹,"Incline Bench Machine ",3,110,kg,8,rep,""
05/04/2025,🏋️‍♂️,"Standing Cable Triceps extension",,,,,,""
05/04/2025,🔹,"Standing Cable Triceps extension",1,20,lb,12,rep,""
05/04/2025,🔹,"Standing Cable Triceps extension",2,20,lb,12,rep,""
05/04/2025,🔹,"Standing Cable Triceps extension",3,20,lb,12,rep,""
05/04/2025,🏋️‍♂️🔗,"Pull Up",,,,,,""
05/04/2025,🔹,"Pull Up",1,0,kg,6,rep,""
05/04/2025,🔹,"Pull Up",2,0,kg,6,rep,""
05/04/2025,🔹,"Pull Up",3,0,kg,6,rep,""
07/04/2025,📅,,,,,,,"114 min"
07/04/2025,🏋️‍♂️,"Squat · Barbell",,,,,,""
07/04/2025,🔹,"Squat · Barbell",1,60,kg,9,rep,""
07/04/2025,🔹,"Squat · Barbell",2,70,kg,9,rep,""
07/04/2025,🔹,"Squat · Barbell",3,70,kg,9,rep,""
07/04/2025,🔹,"Squat · Barbell",4,70,kg,9,rep,""
07/04/2025,🔹,"Squat · Barbell",5,50,kg,12,rep,""
07/04/2025,🏋️‍♂️,"Leg Extension · Machine",,,,,,""
07/04/2025,🔹,"Leg Extension · Machine",1,150,kg,12,rep,""
07/04/2025,🔹,"Leg Extension · Machine",2,150,kg,12,rep,""
07/04/2025,🔹,"Leg Extension · Machine",3,150,kg,12,rep,""
07/04/2025,🏋️‍♂️🔗,"Leg Curl · Machine",,,,,,""
07/04/2025,🔹,"Leg Curl · Machine",1,115,lb,12,rep,""
07/04/2025,🔹,"Leg Curl · Machine",2,115,lb,9,rep,""
07/04/2025,🔹,"Leg Curl · Machine",3,115,lb,7,rep,""
07/04/2025,🏋️‍♂️,"Calf Press · Machine",,,,,,""
07/04/2025,🔹,"Calf Press · Machine",1,290,kg,16,rep,""
07/04/2025,🔹,"Calf Press · Machine",2,290,kg,16,rep,""
07/04/2025,🔹,"Calf Press · Machine",3,290,kg,15,rep,""
07/04/2025,🏋️‍♂️,"Preacher Curl · Barbell",,,,,,""
07/04/2025,🔹,"Preacher Curl · Barbell",1,19,kg,12,rep,""
07/04/2025,🔹,"Preacher Curl · Barbell",2,24,kg,12,rep,""
07/04/2025,🔹,"Preacher Curl · Barbell",3,24,kg,12,rep,""
07/04/2025,🔹,"Preacher Curl · Barbell",4,24,kg,12,rep,""
07/04/2025,🏋️‍♂️,"Hammer Curl · Dumbbell",,,,,,""
07/04/2025,🔹,"Hammer Curl · Dumbbell",1,9,kg,12,rep,""
07/04/2025,🔹,"Hammer Curl · Dumbbell",2,9,kg,12,rep,""
07/04/2025,🔹,"Hammer Curl · Dumbbell",3,9,kg,12,rep,""
07/04/2025,🏋️‍♂️,"Incline Bench Machine ",,,,,,""
07/04/2025,🔹,"Incline Bench Machine ",1,110,kg,12,rep,""
07/04/2025,🔹,"Incline Bench Machine ",2,120,kg,10,rep,""
07/04/2025,🔹,"Incline Bench Machine ",3,110,kg,12,rep,""
07/04/2025,🏋️‍♂️,"Seated Row · Cable",,,,,,""
07/04/2025,🔹,"Seated Row · Cable",1,47.5,kg,12,rep,""
07/04/2025,🔹,"Seated Row · Cable",2,54.5,kg,10,rep,""
07/04/2025,🔹,"Seated Row · Cable",3,54.5,kg,10,rep,""
07/04/2025,🏋️‍♂️,"Cable Raise (Freie)",,,,,,""
07/04/2025,🔹,"Cable Raise (Freie)",1,60,kg,12,rep,""
07/04/2025,🔹,"Cable Raise (Freie)",2,60,kg,12,rep,""
07/04/2025,🔹,"Cable Raise (Freie)",3,60,kg,12,rep,""
07/04/2025,🏋️‍♂️,"Tricep press",,,,,,""
07/04/2025,🔹,"Tricep press",1,110,lb,12,rep,""
07/04/2025,🔹,"Tricep press",2,110,lb,9,rep,""
07/04/2025,🔹,"Tricep press",3,110,lb,9,rep,""
09/04/2025,📅,,,,,,,"77 min"
09/04/2025,🏋️‍♂️,"Bench Press · Barbell",,,,,,""
09/04/2025,🔹,"Bench Press · Barbell",1,60,kg,9,rep,""
09/04/2025,🔹,"Bench Press · Barbell",2,60,kg,9,rep,""
09/04/2025,🔹,"Bench Press · Barbell",3,70,kg,3,rep,""
09/04/2025,🔹,"Bench Press · Barbell",4,60,kg,9,rep,""
09/04/2025,🏋️‍♂️,"Incline Bench Press · Barbell",,,,,,""
09/04/2025,🔹,"Incline Bench Press · Barbell",1,53,kg,8,rep,""
09/04/2025,🔹,"Incline Bench Press · Barbell",2,53,kg,8,rep,""
09/04/2025,🔹,"Incline Bench Press · Barbell",3,53,kg,6,rep,""
09/04/2025,🏋️‍♂️,"Pec Deck · Machine",,,,,,""
09/04/2025,🔹,"Pec Deck · Machine",1,130,lb,12,rep,""
09/04/2025,🔹,"Pec Deck · Machine",2,130,lb,12,rep,""
09/04/2025,🔹,"Pec Deck · Machine",3,130,lb,12,rep,""
09/04/2025,🏋️‍♂️🔗,"Rear Delt",,,,,,""
09/04/2025,🔹,"Rear Delt",1,110,lb,12,rep,""
09/04/2025,🔹,"Rear Delt",2,110,lb,9,rep,""
09/04/2025,🔹,"Rear Delt",3,110,lb,9,rep,""
09/04/2025,🏋️‍♂️,"Tricep Extension · Cable",,,,,,""
09/04/2025,🔹,"Tricep Extension · Cable",1,47.5,lb,13,rep,""
09/04/2025,🔹,"Tricep Extension · Cable",2,47.5,lb,13,rep,""
09/04/2025,🔹,"Tricep Extension · Cable",3,47.5,lb,13,rep,""
09/04/2025,🏋️‍♂️🔗,"Curl · Cable",,,,,,""
09/04/2025,🔹,"Curl · Cable",1,32.5,kg,12,rep,""
09/04/2025,🔹,"Curl · Cable",2,32.5,kg,12,rep,""
09/04/2025,🔹,"Curl · Cable",3,32.5,kg,12,rep,""
09/04/2025,🏋️‍♂️,"Skull crusher",,,,,,""
09/04/2025,🔹,"Skull crusher",1,19,lb,9,rep,""
09/04/2025,🔹,"Skull crusher",2,19,lb,9,rep,""
09/04/2025,🔹,"Skull crusher",3,19,lb,9,rep,""
09/04/2025,🏋️‍♂️,"Lat Pull Down · Cable",,,,,,""
09/04/2025,🔹,"Lat Pull Down · Cable",1,54.5,kg,12,rep,""
09/04/2025,🔹,"Lat Pull Down · Cable",2,54.5,kg,12,rep,""
09/04/2025,🔹,"Lat Pull Down · Cable",3,54.5,kg,12,rep,""
09/04/2025,🏋️‍♂️,"Hip Adduction · Machine",,,,,,""
09/04/2025,🔹,"Hip Adduction · Machine",1,140,kg,12,rep,""
09/04/2025,🔹,"Hip Adduction · Machine",2,140,kg,12,rep,""
09/04/2025,🏋️‍♂️🔗,"Hip Abduction · Machine",,,,,,""
09/04/2025,🔹,"Hip Abduction · Machine",1,130,lb,12,rep,""
09/04/2025,🔹,"Hip Abduction · Machine",2,130,lb,12,rep,""
09/04/2025,🏋️‍♂️,"Ass machine",,,,,,""
09/04/2025,🔹,"Ass machine",1,67.5,kg,12,rep,""
09/04/2025,🏋️‍♂️,"Calf Press · Machine",,,,,,""
09/04/2025,🔹,"Calf Press · Machine",1,290,kg,20,rep,""
09/04/2025,🔹,"Calf Press · Machine",2,290,kg,18,rep,""
12/04/2025,📅,,,,,,,"89 min"
12/04/2025,🏋️‍♂️,"Lat Pull Down · Cable",,,,,,""
12/04/2025,🔹,"Lat Pull Down · Cable",1,54.5,kg,12,rep,""
12/04/2025,🔹,"Lat Pull Down · Cable",2,54.5,kg,12,rep,""
12/04/2025,🔹,"Lat Pull Down · Cable",3,54.5,kg,12,rep,""
12/04/2025,🔹,"Lat Pull Down · Cable",4,61,kg,7,rep,""
12/04/2025,🔹,"Lat Pull Down · Cable",5,54.5,kg,12,rep,""
12/04/2025,🏋️‍♂️,"VAF Ruckeninsulator",,,,,,""
12/04/2025,🔹,"VAF Ruckeninsulator",1,12,kg,12,rep,""
12/04/2025,🔹,"VAF Ruckeninsulator",2,12,kg,12,rep,""
12/04/2025,🔹,"VAF Ruckeninsulator",3,12,kg,12,rep,""
12/04/2025,🔹,"VAF Ruckeninsulator",4,10,kg,15,rep,""
12/04/2025,🏋️‍♂️,"Seated Overhead Press · Dumbbell",,,,,,""
12/04/2025,🔹,"Seated Overhead Press · Dumbbell",1,30,kg,12,rep,""
12/04/2025,🔹,"Seated Overhead Press · Dumbbell",2,30,kg,12,rep,""
12/04/2025,🔹,"Seated Overhead Press · Dumbbell",3,30,kg,12,rep,""
12/04/2025,🏋️‍♂️,"Lateral Raise · Dumbbell",,,,,,""
12/04/2025,🔹,"Lateral Raise · Dumbbell",1,9,kg,10,rep,""
12/04/2025,🔹,"Lateral Raise · Dumbbell",2,9,kg,10,rep,""
12/04/2025,🔹,"Lateral Raise · Dumbbell",3,9,kg,10,rep,""
12/04/2025,🔹,"Lateral Raise · Dumbbell",4,9,kg,10,rep,""
12/04/2025,🏋️‍♂️🔗,"Dumbell preacher hammer curl",,,,,,""
12/04/2025,🔹,"Dumbell preacher hammer curl",1,9,kg,12,rep,""
12/04/2025,🔹,"Dumbell preacher hammer curl",2,9,kg,12,rep,""
12/04/2025,🔹,"Dumbell preacher hammer curl",3,9,kg,7,rep,""
12/04/2025,🏋️‍♂️,"Cybex Hack Squat",,,,,,""
12/04/2025,🔹,"Cybex Hack Squat",1,12,kg,9,rep,""
12/04/2025,🔹,"Cybex Hack Squat",2,12,kg,9,rep,""
12/04/2025,🔹,"Cybex Hack Squat",3,12,kg,9,rep,""
12/04/2025,🏋️‍♂️,"Calf Press · Machine",,,,,,""
12/04/2025,🔹,"Calf Press · Machine",1,290,kg,20,rep,""
12/04/2025,🔹,"Calf Press · Machine",2,290,kg,20,rep,""
12/04/2025,🏋️‍♂️,"Incline Bench Machine ",,,,,,""
12/04/2025,🔹,"Incline Bench Machine ",1,120,kg,12,rep,""
12/04/2025,🔹,"Incline Bench Machine ",2,120,kg,9,rep,""
12/04/2025,🔹,"Incline Bench Machine ",3,110,kg,12,rep,""
12/04/2025,🏋️‍♂️,"Standing Cable Triceps extension",,,,,,""
12/04/2025,🔹,"Standing Cable Triceps extension",1,20,lb,12,rep,""
12/04/2025,🔹,"Standing Cable Triceps extension",2,25,lb,12,rep,""
12/04/2025,🔹,"Standing Cable Triceps extension",3,25,lb,12,rep,""
14/04/2025,📅,,,,,,,"77 min | Leg Biceps"
14/04/2025,🏋️‍♂️,"Squat · Smith Machine",,,,,,""
14/04/2025,🔹,"Squat · Smith Machine",1,60,kg,9,rep,""
14/04/2025,🔹,"Squat · Smith Machine",2,70,kg,12,rep,""
14/04/2025,🔹,"Squat · Smith Machine",3,80,kg,6,rep,""
14/04/2025,🔹,"Squat · Smith Machine",4,80,kg,7,rep,""
14/04/2025,🏋️‍♂️,"Smith Machine Bulgarian Split Squat",,,,,,""
14/04/2025,🔹,"Smith Machine Bulgarian Split Squat",1,50,kg,9,rep,""
14/04/2025,🔹,"Smith Machine Bulgarian Split Squat",2,50,kg,10,rep,""
14/04/2025,🔹,"Smith Machine Bulgarian Split Squat",3,50,kg,10,rep,""
14/04/2025,🏋️‍♂️,"Calf Press · Machine",,,,,,""
14/04/2025,🔹,"Calf Press · Machine",1,290,kg,20,rep,""
14/04/2025,🔹,"Calf Press · Machine",2,290,kg,20,rep,""
14/04/2025,🔹,"Calf Press · Machine",3,290,kg,20,rep,""
14/04/2025,🏋️‍♂️,"Preacher Curl · Barbell",,,,,,"longer pause"
14/04/2025,🔹,"Preacher Curl · Barbell",1,19,kg,12,rep,""
14/04/2025,🔹,"Preacher Curl · Barbell",2,24,kg,13,rep,""
14/04/2025,🔹,"Preacher Curl · Barbell",3,24,kg,13,rep,""
14/04/2025,🏋️‍♂️,"Dumbell preacher hammer curl",,,,,,""
14/04/2025,🔹,"Dumbell preacher hammer curl",1,9,kg,12,rep,""
14/04/2025,🔹,"Dumbell preacher hammer curl",2,9,kg,12,rep,""
14/04/2025,🔹,"Dumbell preacher hammer curl",3,9,kg,12,rep,""
14/04/2025,🏋️‍♂️,"VAF Ruckeninsulator",,,,,,""
14/04/2025,🔹,"VAF Ruckeninsulator",1,12,kg,10,rep,""
14/04/2025,🔹,"VAF Ruckeninsulator",2,12,kg,10,rep,""
14/04/2025,🔹,"VAF Ruckeninsulator",3,12,kg,10,rep,""
14/04/2025,🔹,"VAF Ruckeninsulator",4,10,kg,10,rep,""
14/04/2025,🏋️‍♂️🔗,"Cable Raise (Freie)",,,,,,""
14/04/2025,🔹,"Cable Raise (Freie)",1,60,kg,15,rep,""
14/04/2025,🔹,"Cable Raise (Freie)",2,60,kg,12,rep,""
14/04/2025,🔹,"Cable Raise (Freie)",3,60,kg,12,rep,""
14/04/2025,🔹,"Cable Raise (Freie)",4,60,kg,12,rep,""
14/04/2025,🏋️‍♂️,"Tricep Dip",,,,,,""
14/04/2025,🔹,"Tricep Dip",1,0,kg,10,rep,""
14/04/2025,🔹,"Tricep Dip",2,10,kg,10,rep,""
14/04/2025,🔹,"Tricep Dip",3,10,kg,10,rep,""
14/04/2025,🔹,"Tricep Dip",4,10,kg,10,rep,""
16/04/2025,📅,,,,,,,"138 min | Back Biceps"
16/04/2025,🏋️‍♂️,"Lat Pull Down · Cable",,,,,,""
16/04/2025,🔹,"Lat Pull Down · Cable",1,54.5,kg,12,rep,""
16/04/2025,🔹,"Lat Pull Down · Cable",2,54.5,kg,12,rep,""
16/04/2025,🔹,"Lat Pull Down · Cable",3,61,kg,9,rep,""
16/04/2025,🔹,"Lat Pull Down · Cable",4,54.5,kg,12,rep,""
16/04/2025,🏋️‍♂️,"Seated Row · Cable",,,,,,"peal"
16/04/2025,🔹,"Seated Row · Cable",1,54.5,kg,12,rep,""
16/04/2025,🔹,"Seated Row · Cable",2,54.5,kg,12,rep,""
16/04/2025,🔹,"Seated Row · Cable",3,54.5,kg,12,rep,""
16/04/2025,🏋️‍♂️,"Tricep press",,,,,,""
16/04/2025,🔹,"Tricep press",1,110,lb,15,rep,""
16/04/2025,🔹,"Tricep press",2,110,lb,12,rep,""
16/04/2025,🔹,"Tricep press",3,130,lb,7,rep,""
16/04/2025,🔹,"Tricep press",4,110,lb,12,rep,""
16/04/2025,🏋️‍♂️,"Standing Cable Triceps extension",,,,,,""
16/04/2025,🔹,"Standing Cable Triceps extension",1,20,lb,12,rep,""
16/04/2025,🔹,"Standing Cable Triceps extension",2,32.5,lb,9,rep,""
16/04/2025,🔹,"Standing Cable Triceps extension",3,32.5,lb,10,rep,""
16/04/2025,🏋️‍♂️,"Leg Extension · Machine",,,,,,""
16/04/2025,🔹,"Leg Extension · Machine",1,150,kg,12,rep,""
16/04/2025,🔹,"Leg Extension · Machine",2,150,kg,12,rep,""
16/04/2025,🔹,"Leg Extension · Machine",3,150,kg,12,rep,""
16/04/2025,🏋️‍♂️🔗,"Leg Curl · Machine",,,,,,""
16/04/2025,🔹,"Leg Curl · Machine",1,115,lb,12,rep,""
16/04/2025,🔹,"Leg Curl · Machine",2,115,lb,9,rep,""
16/04/2025,🔹,"Leg Curl · Machine",3,115,lb,12,rep,""
16/04/2025,🏋️‍♂️,"Incline Bench Machine ",,,,,,""
16/04/2025,🔹,"Incline Bench Machine ",1,120,kg,12,rep,""
16/04/2025,🔹,"Incline Bench Machine ",2,120,kg,9,rep,""
16/04/2025,🔹,"Incline Bench Machine ",3,120,kg,6,rep,""
16/04/2025,🏋️‍♂️,"Calf Press · Machine",,,,,,""
16/04/2025,🔹,"Calf Press · Machine",1,290,kg,20,rep,""
16/04/2025,🔹,"Calf Press · Machine",2,290,kg,20,rep,""
16/04/2025,🏋️‍♂️,"Lateral Raise · Dumbbell",,,,,,""
16/04/2025,🔹,"Lateral Raise · Dumbbell",1,9,kg,10,rep,""
16/04/2025,🔹,"Lateral Raise · Dumbbell",2,9,kg,10,rep,""
16/04/2025,🔹,"Lateral Raise · Dumbbell",3,9,kg,10,rep,""
16/04/2025,🏋️‍♂️🔗,"Hammer Curl · Dumbbell",,,,,,""
16/04/2025,🔹,"Hammer Curl · Dumbbell",1,9,kg,10,rep,""
16/04/2025,🔹,"Hammer Curl · Dumbbell",2,9,kg,10,rep,""
16/04/2025,🔹,"Hammer Curl · Dumbbell",3,9,kg,10,rep,""
30/04/2025,📅,,,,,,,"113 min"
30/04/2025,🏋️‍♂️,"Squat · Barbell",,,,,,""
30/04/2025,🔹,"Squat · Barbell",1,60,kg,9,rep,""
30/04/2025,🔹,"Squat · Barbell",2,60,kg,9,rep,""
30/04/2025,🔹,"Squat · Barbell",3,60,kg,9,rep,""
30/04/2025,🔹,"Squat · Barbell",4,60,kg,9,rep,""
30/04/2025,🏋️‍♂️,"Smith Machine Bulgarian Split Squat",,,,,,""
30/04/2025,🔹,"Smith Machine Bulgarian Split Squat",1,50,kg,10,rep,""
30/04/2025,🔹,"Smith Machine Bulgarian Split Squat",2,50,kg,10,rep,""
30/04/2025,🔹,"Smith Machine Bulgarian Split Squat",3,50,kg,10,rep,""
30/04/2025,🏋️‍♂️,"Calf Press · Machine",,,,,,""
30/04/2025,🔹,"Calf Press · Machine",1,300,kg,20,rep,""
30/04/2025,🔹,"Calf Press · Machine",2,300,kg,15,rep,""
30/04/2025,🔹,"Calf Press · Machine",3,300,kg,15,rep,""
30/04/2025,🏋️‍♂️,"Preacher Curl · Barbell",,,,,,""
30/04/2025,🔹,"Preacher Curl · Barbell",1,19,kg,12,rep,""
30/04/2025,🔹,"Preacher Curl · Barbell",2,24,kg,12,rep,""
30/04/2025,🔹,"Preacher Curl · Barbell",3,24,kg,12,rep,""
30/04/2025,🏋️‍♂️,"Dumbell preacher hammer curl",,,,,,""
30/04/2025,🔹,"Dumbell preacher hammer curl",1,9,kg,12,rep,""
30/04/2025,🔹,"Dumbell preacher hammer curl",2,9,kg,12,rep,""
30/04/2025,🔹,"Dumbell preacher hammer curl",3,9,kg,12,rep,""
30/04/2025,🏋️‍♂️,"VAF Ruckeninsulator",,,,,,""
30/04/2025,🔹,"VAF Ruckeninsulator",1,12,kg,10,rep,""
30/04/2025,🔹,"VAF Ruckeninsulator",2,12,kg,10,rep,""
30/04/2025,🔹,"VAF Ruckeninsulator",3,12,kg,10,rep,""
30/04/2025,🔹,"VAF Ruckeninsulator",4,12,kg,10,rep,""
30/04/2025,🏋️‍♂️🔗,"Cable Raise (Freie)",,,,,,""
30/04/2025,🔹,"Cable Raise (Freie)",1,60,kg,15,rep,""
30/04/2025,🔹,"Cable Raise (Freie)",2,60,kg,12,rep,""
30/04/2025,🔹,"Cable Raise (Freie)",3,60,kg,12,rep,""
30/04/2025,🔹,"Cable Raise (Freie)",4,60,kg,12,rep,""
30/04/2025,🏋️‍♂️,"Tricep Dip",,,,,,""
30/04/2025,🔹,"Tricep Dip",1,0,kg,12,rep,""
30/04/2025,🔹,"Tricep Dip",2,10,kg,10,rep,""
30/04/2025,🔹,"Tricep Dip",3,10,kg,8,rep,""
30/04/2025,🔹,"Tricep Dip",4,10,kg,10,rep,""
02/05/2025,📅,,,,,,,"86 min"
02/05/2025,🏋️‍♂️,"Lat Pull Down · Cable",,,,,,""
02/05/2025,🔹,"Lat Pull Down · Cable",1,54.5,kg,12,rep,""
02/05/2025,🔹,"Lat Pull Down · Cable",2,54.5,kg,12,rep,""
02/05/2025,🔹,"Lat Pull Down · Cable",3,61,kg,9,rep,""
02/05/2025,🔹,"Lat Pull Down · Cable",4,54.5,kg,12,rep,""
02/05/2025,🏋️‍♂️,"Seated Row · Cable",,,,,,""
02/05/2025,🔹,"Seated Row · Cable",1,54.5,kg,12,rep,""
02/05/2025,🔹,"Seated Row · Cable",2,54.5,kg,10,rep,""
02/05/2025,🔹,"Seated Row · Cable",3,54.5,kg,12,rep,""
02/05/2025,🏋️‍♂️,"Tricep press",,,,,,""
02/05/2025,🔹,"Tricep press",1,110,lb,15,rep,""
02/05/2025,🔹,"Tricep press",2,110,lb,8,rep,""
02/05/2025,🔹,"Tricep press",3,110,lb,10,rep,""
02/05/2025,🔹,"Tricep press",4,110,lb,12,rep,""
02/05/2025,🏋️‍♂️,"Standing Cable Triceps extension",,,,,,""
02/05/2025,🔹,"Standing Cable Triceps extension",1,32.5,lb,9,rep,""
02/05/2025,🔹,"Standing Cable Triceps extension",2,32.5,lb,9,rep,""
02/05/2025,🔹,"Standing Cable Triceps extension",3,32.5,lb,10,rep,""
02/05/2025,🏋️‍♂️,"Leg Extension · Machine",,,,,,""
02/05/2025,🔹,"Leg Extension · Machine",1,150,kg,12,rep,""
02/05/2025,🔹,"Leg Extension · Machine",2,150,kg,12,rep,""
02/05/2025,🔹,"Leg Extension · Machine",3,150,kg,12,rep,""
02/05/2025,🏋️‍♂️🔗,"Leg Curl · Machine",,,,,,""
02/05/2025,🔹,"Leg Curl · Machine",1,115,lb,10,rep,""
02/05/2025,🔹,"Leg Curl · Machine",2,115,lb,10,rep,""
02/05/2025,🔹,"Leg Curl · Machine",3,115,lb,6,rep,""
02/05/2025,🏋️‍♂️,"Incline Bench Machine ",,,,,,""
02/05/2025,🔹,"Incline Bench Machine ",1,120,kg,10,rep,""
02/05/2025,🔹,"Incline Bench Machine ",2,120,kg,8,rep,""
02/05/2025,🔹,"Incline Bench Machine ",3,120,kg,6,rep,""
02/05/2025,🏋️‍♂️,"Calf Press · Machine",,,,,,""
02/05/2025,🔹,"Calf Press · Machine",1,300,kg,20,rep,""
02/05/2025,🔹,"Calf Press · Machine",2,300,kg,20,rep,""
02/05/2025,🏋️‍♂️,"Lateral Raise · Dumbbell",,,,,,""
02/05/2025,🔹,"Lateral Raise · Dumbbell",1,9,kg,10,rep,""
02/05/2025,🔹,"Lateral Raise · Dumbbell",2,9,kg,10,rep,""
02/05/2025,🔹,"Lateral Raise · Dumbbell",3,9,kg,10,rep,""
02/05/2025,🏋️‍♂️🔗,"Hammer Curl · Dumbbell",,,,,,""
02/05/2025,🔹,"Hammer Curl · Dumbbell",1,9,kg,10,rep,""
02/05/2025,🔹,"Hammer Curl · Dumbbell",2,9,kg,10,rep,""
02/05/2025,🔹,"Hammer Curl · Dumbbell",3,9,kg,10,rep,""
03/05/2025,📅,,,,,,,"106 min"
03/05/2025,🏋️‍♂️,"Bench Press · Barbell",,,,,,""
03/05/2025,🔹,"Bench Press · Barbell",1,60,kg,9,rep,""
03/05/2025,🔹,"Bench Press · Barbell",2,60,kg,8,rep,""
03/05/2025,🔹,"Bench Press · Barbell",3,60,kg,7,rep,""
03/05/2025,🔹,"Bench Press · Barbell",4,60,kg,7,rep,""
03/05/2025,🏋️‍♂️,"Incline Bench Press · Barbell",,,,,,""
03/05/2025,🔹,"Incline Bench Press · Barbell",1,53,kg,6,rep,""
03/05/2025,🔹,"Incline Bench Press · Barbell",2,53,kg,6,rep,""
03/05/2025,🔹,"Incline Bench Press · Barbell",3,53,kg,6,rep,""
03/05/2025,🏋️‍♂️,"Pec Deck · Machine",,,,,,""
03/05/2025,🔹,"Pec Deck · Machine",1,130,lb,8,rep,""
03/05/2025,🔹,"Pec Deck · Machine",2,130,lb,7,rep,""
03/05/2025,🔹,"Pec Deck · Machine",3,130,lb,6,rep,""
03/05/2025,🏋️‍♂️🔗,"Rear Delt",,,,,,""
03/05/2025,🔹,"Rear Delt",1,110,lb,10,rep,""
03/05/2025,🔹,"Rear Delt",2,110,lb,10,rep,""
03/05/2025,🔹,"Rear Delt",3,110,lb,10,rep,""
03/05/2025,🏋️‍♂️,"Seated Overhead Press · Dumbbell",,,,,,""
03/05/2025,🔹,"Seated Overhead Press · Dumbbell",1,30,kg,9,rep,""
03/05/2025,🔹,"Seated Overhead Press · Dumbbell",2,30,kg,6,rep,""
03/05/2025,🔹,"Seated Overhead Press · Dumbbell",3,30,kg,6,rep,""
03/05/2025,🏋️‍♂️,"Calf Press · Machine",,,,,,""
03/05/2025,🔹,"Calf Press · Machine",1,300,kg,20,rep,""
03/05/2025,🔹,"Calf Press · Machine",2,300,kg,15,rep,""
03/05/2025,🏋️‍♂️,"Tricep Extension · Cable",,,,,,""
03/05/2025,🔹,"Tricep Extension · Cable",1,47.5,lb,12,rep,""
03/05/2025,🔹,"Tricep Extension · Cable",2,55,lb,7,rep,""
03/05/2025,🔹,"Tricep Extension · Cable",3,55,lb,8,rep,""
03/05/2025,🔹,"Tricep Extension · Cable",4,55,lb,7,rep,""
03/05/2025,🏋️‍♂️🔗,"Curl · Cable",,,,,,""
03/05/2025,🔹,"Curl · Cable",1,32.5,kg,12,rep,""
03/05/2025,🔹,"Curl · Cable",2,40,kg,9,rep,""
03/05/2025,🔹,"Curl · Cable",3,40,kg,10,rep,""
03/05/2025,🔹,"Curl · Cable",4,40,kg,10,rep,""
03/05/2025,🏋️‍♂️,"Romanian Deadlift · Barbell",,,,,,""
03/05/2025,🔹,"Romanian Deadlift · Barbell",1,60,kg,10,rep,""
03/05/2025,🔹,"Romanian Deadlift · Barbell",2,60,kg,9,rep,""
03/05/2025,🔹,"Romanian Deadlift · Barbell",3,60,kg,9,rep,""
03/05/2025,🔹,"Romanian Deadlift · Barbell",4,60,kg,8,rep,""
05/05/2025,📅,,,,,,,"115 min"
05/05/2025,🏋️‍♂️,"Squat · Barbell",,,,,,""
05/05/2025,🔹,"Squat · Barbell",1,60,kg,9,rep,""
05/05/2025,🔹,"Squat · Barbell",2,70,kg,7,rep,""
05/05/2025,🔹,"Squat · Barbell",3,70,kg,7,rep,""
05/05/2025,🔹,"Squat · Barbell",4,70,kg,7,rep,""
05/05/2025,🏋️‍♂️,"Smith Machine Bulgarian Split Squat",,,,,,""
05/05/2025,🔹,"Smith Machine Bulgarian Split Squat",1,50,kg,10,rep,""
05/05/2025,🔹,"Smith Machine Bulgarian Split Squat",2,50,kg,10,rep,""
05/05/2025,🔹,"Smith Machine Bulgarian Split Squat",3,50,kg,10,rep,""
05/05/2025,🏋️‍♂️,"Calf Press · Machine",,,,,,""
05/05/2025,🔹,"Calf Press · Machine",1,300,kg,15,rep,""
05/05/2025,🔹,"Calf Press · Machine",2,300,kg,22,rep,""
05/05/2025,🔹,"Calf Press · Machine",3,300,kg,15,rep,""
05/05/2025,🏋️‍♂️,"Preacher Curl · Barbell",,,,,,""
05/05/2025,🔹,"Preacher Curl · Barbell",1,19,kg,12,rep,""
05/05/2025,🔹,"Preacher Curl · Barbell",2,24,kg,13,rep,""
05/05/2025,🔹,"Preacher Curl · Barbell",3,24,kg,13,rep,""
05/05/2025,🏋️‍♂️,"Dumbell preacher hammer curl",,,,,,""
05/05/2025,🔹,"Dumbell preacher hammer curl",1,10,kg,9,rep,""
05/05/2025,🔹,"Dumbell preacher hammer curl",2,10,kg,9,rep,""
05/05/2025,🔹,"Dumbell preacher hammer curl",3,10,kg,15,rep,""
05/05/2025,🏋️‍♂️,"VAF Ruckeninsulator",,,,,,""
05/05/2025,🔹,"VAF Ruckeninsulator",1,12,kg,11,rep,""
05/05/2025,🔹,"VAF Ruckeninsulator",2,12,kg,12,rep,""
05/05/2025,🔹,"VAF Ruckeninsulator",3,12,kg,12,rep,""
05/05/2025,🔹,"VAF Ruckeninsulator",4,12,kg,12,rep,""
05/05/2025,🏋️‍♂️🔗,"Cable Raise (Freie)",,,,,,""
05/05/2025,🔹,"Cable Raise (Freie)",1,60,kg,13,rep,""
05/05/2025,🔹,"Cable Raise (Freie)",2,60,kg,13,rep,""
05/05/2025,🔹,"Cable Raise (Freie)",3,60,kg,12,rep,""
05/05/2025,🔹,"Cable Raise (Freie)",4,60,kg,12,rep,""
05/05/2025,🏋️‍♂️,"Tricep Dip",,,,,,""
05/05/2025,🔹,"Tricep Dip",1,0,kg,12,rep,""
05/05/2025,🔹,"Tricep Dip",2,10,kg,12,rep,""
05/05/2025,🔹,"Tricep Dip",3,10,kg,10,rep,""
05/05/2025,🔹,"Tricep Dip",4,10,kg,10,rep,""
08/05/2025,📅,,,,,,,"14 min | main"
08/05/2025,🏋️‍♂️,"Chin Up",,,,,,""
08/05/2025,🔹,"Chin Up",1,0,kg,9,rep,""
08/05/2025,🔹,"Chin Up",2,0,kg,8,rep,""
08/05/2025,🔹,"Chin Up",3,0,kg,8,rep,""
08/05/2025,🏋️‍♂️,"Pull Up",,,,,,""
08/05/2025,🔹,"Pull Up",1,0,kg,9,rep,""
08/05/2025,🔹,"Pull Up",2,0,kg,10,rep,""
09/05/2025,📅,,,,,,,"97 min"
09/05/2025,🏋️‍♂️,"Cybex Lat Pulldown",,,,,,""
09/05/2025,🔹,"Cybex Lat Pulldown",1,10,kg,9,rep,""
09/05/2025,🔹,"Cybex Lat Pulldown",2,10,kg,9,rep,""
09/05/2025,🔹,"Cybex Lat Pulldown",3,10,kg,9,rep,""
09/05/2025,🔹,"Cybex Lat Pulldown",4,10,kg,10,rep,""
09/05/2025,🏋️‍♂️,"Seated Row · Cable",,,,,,""
09/05/2025,🔹,"Seated Row · Cable",1,54.5,kg,12,rep,""
09/05/2025,🔹,"Seated Row · Cable",2,54.5,kg,12,rep,""
09/05/2025,🔹,"Seated Row · Cable",3,54.5,kg,12,rep,""
09/05/2025,🏋️‍♂️,"Tricep press",,,,,,""
09/05/2025,🔹,"Tricep press",1,110,lb,12,rep,""
09/05/2025,🔹,"Tricep press",2,110,lb,12,rep,""
09/05/2025,🔹,"Tricep press",3,110,lb,12,rep,""
09/05/2025,🔹,"Tricep press",4,110,lb,12,rep,""
09/05/2025,🏋️‍♂️,"Standing Cable Triceps extension",,,,,,""
09/05/2025,🔹,"Standing Cable Triceps extension",1,25,lb,12,rep,""
09/05/2025,🔹,"Standing Cable Triceps extension",2,32.5,lb,9,rep,""
09/05/2025,🔹,"Standing Cable Triceps extension",3,32.5,lb,10,rep,""
09/05/2025,🏋️‍♂️,"Leg Extension · Machine",,,,,,""
09/05/2025,🔹,"Leg Extension · Machine",1,155,kg,12,rep,""
09/05/2025,🔹,"Leg Extension · Machine",2,155,kg,12,rep,""
09/05/2025,🔹,"Leg Extension · Machine",3,150,kg,12,rep,""
09/05/2025,🏋️‍♂️🔗,"Leg Curl · Machine",,,,,,""
09/05/2025,🔹,"Leg Curl · Machine",1,115,lb,12,rep,""
09/05/2025,🔹,"Leg Curl · Machine",2,115,lb,12,rep,""
09/05/2025,🔹,"Leg Curl · Machine",3,115,lb,6,rep,""
09/05/2025,🏋️‍♂️,"Incline Bench Machine ",,,,,,""
09/05/2025,🔹,"Incline Bench Machine ",1,120,kg,12,rep,""
09/05/2025,🔹,"Incline Bench Machine ",2,120,kg,8,rep,""
09/05/2025,🔹,"Incline Bench Machine ",3,120,kg,6,rep,""
09/05/2025,🏋️‍♂️,"Calf Press · Machine",,,,,,""
09/05/2025,🔹,"Calf Press · Machine",1,310,kg,16,rep,""
09/05/2025,🔹,"Calf Press · Machine",2,310,kg,20,rep,""
09/05/2025,🏋️‍♂️,"Lateral Raise · Dumbbell",,,,,,""
09/05/2025,🔹,"Lateral Raise · Dumbbell",1,10,kg,9,rep,""
09/05/2025,🔹,"Lateral Raise · Dumbbell",2,10,kg,9,rep,""
09/05/2025,🔹,"Lateral Raise · Dumbbell",3,9,kg,10,rep,""
09/05/2025,🏋️‍♂️🔗,"Hammer Curl · Dumbbell",,,,,,""
09/05/2025,🔹,"Hammer Curl · Dumbbell",1,10,kg,9,rep,""
09/05/2025,🔹,"Hammer Curl · Dumbbell",2,10,kg,9,rep,""
09/05/2025,🔹,"Hammer Curl · Dumbbell",3,9,kg,9,rep,""
10/05/2025,📅,,,,,,,"99 min"
10/05/2025,🏋️‍♂️,"Bench Press · Barbell",,,,,,""
10/05/2025,🔹,"Bench Press · Barbell",1,60,kg,10,rep,""
10/05/2025,🔹,"Bench Press · Barbell",2,60,kg,10,rep,""
10/05/2025,🔹,"Bench Press · Barbell",3,70,kg,4,rep,""
10/05/2025,🔹,"Bench Press · Barbell",4,70,kg,5,rep,""
10/05/2025,🏋️‍♂️,"Incline Bench Press · Barbell",,,,,,""
10/05/2025,🔹,"Incline Bench Press · Barbell",1,53,kg,7,rep,""
10/05/2025,🔹,"Incline Bench Press · Barbell",2,53,kg,7,rep,""
10/05/2025,🔹,"Incline Bench Press · Barbell",3,53,kg,6,rep,""
10/05/2025,🏋️‍♂️,"Pec Deck · Machine",,,,,,""
10/05/2025,🔹,"Pec Deck · Machine",1,130,lb,9,rep,""
10/05/2025,🔹,"Pec Deck · Machine",2,130,lb,8,rep,""
10/05/2025,🔹,"Pec Deck · Machine",3,130,lb,8,rep,""
10/05/2025,🏋️‍♂️🔗,"Rear Delt",,,,,,""
10/05/2025,🔹,"Rear Delt",1,110,lb,11,rep,""
10/05/2025,🔹,"Rear Delt",2,110,lb,11,rep,""
10/05/2025,🔹,"Rear Delt",3,110,lb,11,rep,""
10/05/2025,🏋️‍♂️,"Seated Overhead Press · Dumbbell",,,,,,""
10/05/2025,🔹,"Seated Overhead Press · Dumbbell",1,30,kg,11,rep,""
10/05/2025,🔹,"Seated Overhead Press · Dumbbell",2,30,kg,7,rep,""
10/05/2025,🔹,"Seated Overhead Press · Dumbbell",3,30,kg,6,rep,""
10/05/2025,🏋️‍♂️,"Calf Press · Machine",,,,,,""
10/05/2025,🔹,"Calf Press · Machine",1,310,kg,20,rep,""
10/05/2025,🔹,"Calf Press · Machine",2,310,kg,20,rep,""
10/05/2025,🏋️‍♂️,"Tricep Extension · Cable",,,,,,""
10/05/2025,🔹,"Tricep Extension · Cable",1,55,lb,6,rep,""
10/05/2025,🔹,"Tricep Extension · Cable",2,55,lb,6,rep,""
10/05/2025,🔹,"Tricep Extension · Cable",3,47.5,lb,8,rep,""
10/05/2025,🔹,"Tricep Extension · Cable",4,47.5,lb,7,rep,""
10/05/2025,🏋️‍♂️🔗,"Curl · Cable",,,,,,""
10/05/2025,🔹,"Curl · Cable",1,40,kg,10,rep,""
10/05/2025,🔹,"Curl · Cable",2,40,kg,10,rep,""
10/05/2025,🔹,"Curl · Cable",3,40,kg,10,rep,""
10/05/2025,🔹,"Curl · Cable",4,40,kg,10,rep,""
10/05/2025,🏋️‍♂️,"Romanian Deadlift · Barbell",,,,,,""
10/05/2025,🔹,"Romanian Deadlift · Barbell",1,60,kg,9,rep,""
10/05/2025,🔹,"Romanian Deadlift · Barbell",2,60,kg,9,rep,""
10/05/2025,🔹,"Romanian Deadlift · Barbell",3,60,kg,9,rep,""
10/05/2025,🔹,"Romanian Deadlift · Barbell",4,60,kg,8,rep,""
13/05/2025,📅,,,,,,,"121 min"
13/05/2025,🏋️‍♂️,"Squat · Barbell",,,,,,""
13/05/2025,🔹,"Squat · Barbell",1,60,kg,9,rep,""
13/05/2025,🔹,"Squat · Barbell",2,70,kg,8,rep,""
13/05/2025,🔹,"Squat · Barbell",3,80,kg,6,rep,""
13/05/2025,🔹,"Squat · Barbell",4,85,kg,4,rep,""
13/05/2025,🏋️‍♂️,"Smith Machine Bulgarian Split Squat",,,,,,""
13/05/2025,🔹,"Smith Machine Bulgarian Split Squat",1,50,kg,11,rep,""
13/05/2025,🔹,"Smith Machine Bulgarian Split Squat",2,60,kg,9,rep,""
13/05/2025,🔹,"Smith Machine Bulgarian Split Squat",3,60,kg,9,rep,""
13/05/2025,🏋️‍♂️,"Calf Press · Machine",,,,,,""
13/05/2025,🔹,"Calf Press · Machine",1,310,kg,20,rep,""
13/05/2025,🔹,"Calf Press · Machine",2,310,kg,20,rep,""
13/05/2025,🔹,"Calf Press · Machine",3,310,kg,20,rep,""
13/05/2025,🏋️‍♂️,"Preacher Curl · Barbell",,,,,,""
13/05/2025,🔹,"Preacher Curl · Barbell",1,19,kg,12,rep,""
13/05/2025,🔹,"Preacher Curl · Barbell",2,24,kg,15,rep,""
13/05/2025,🔹,"Preacher Curl · Barbell",3,24,kg,12,rep,""
13/05/2025,🏋️‍♂️,"Dumbell preacher hammer curl",,,,,,""
13/05/2025,🔹,"Dumbell preacher hammer curl",1,10,kg,9,rep,""
13/05/2025,🔹,"Dumbell preacher hammer curl",2,10,kg,9,rep,""
13/05/2025,🔹,"Dumbell preacher hammer curl",3,10,kg,15,rep,""
13/05/2025,🏋️‍♂️,"VAF Ruckeninsulator",,,,,,""
13/05/2025,🔹,"VAF Ruckeninsulator",1,12,kg,12,rep,""
13/05/2025,🔹,"VAF Ruckeninsulator",2,12,kg,12,rep,""
13/05/2025,🔹,"VAF Ruckeninsulator",3,12,kg,12,rep,""
13/05/2025,🔹,"VAF Ruckeninsulator",4,12,kg,12,rep,""
13/05/2025,🏋️‍♂️🔗,"Cable Raise (Freie)",,,,,,""
13/05/2025,🔹,"Cable Raise (Freie)",1,60,kg,15,rep,""
13/05/2025,🔹,"Cable Raise (Freie)",2,60,kg,13,rep,""
13/05/2025,🔹,"Cable Raise (Freie)",3,60,kg,12,rep,""
13/05/2025,🔹,"Cable Raise (Freie)",4,60,kg,12,rep,""
13/05/2025,🏋️‍♂️,"Tricep Dip",,,,,,""
13/05/2025,🔹,"Tricep Dip",1,0,kg,12,rep,""
13/05/2025,🔹,"Tricep Dip",2,10,kg,12,rep,""
13/05/2025,🔹,"Tricep Dip",3,15,kg,9,rep,""
13/05/2025,🔹,"Tricep Dip",4,20,kg,6,rep,""
16/05/2025,📅,,,,,,,"99 min"
16/05/2025,🏋️‍♂️,"Lat Pull Down · Cable",,,,,,""
16/05/2025,🔹,"Lat Pull Down · Cable",1,54.5,kg,12,rep,""
16/05/2025,🔹,"Lat Pull Down · Cable",2,61,kg,9,rep,""
16/05/2025,🔹,"Lat Pull Down · Cable",3,61,kg,10,rep,""
16/05/2025,🔹,"Lat Pull Down · Cable",4,61,kg,10,rep,""
16/05/2025,🏋️‍♂️,"Seated Row · Cable",,,,,,""
16/05/2025,🔹,"Seated Row · Cable",1,54.5,kg,12,rep,""
16/05/2025,🔹,"Seated Row · Cable",2,61,kg,8,rep,""
16/05/2025,🔹,"Seated Row · Cable",3,54.5,kg,12,rep,""
16/05/2025,🏋️‍♂️,"Tricep press",,,,,,""
16/05/2025,🔹,"Tricep press",1,115,lb,12,rep,""
16/05/2025,🔹,"Tricep press",2,120,lb,12,rep,""
16/05/2025,🔹,"Tricep press",3,125,lb,6,rep,""
16/05/2025,🔹,"Tricep press",4,130,lb,12,rep,""
16/05/2025,🏋️‍♂️,"Standing Cable Triceps extension",,,,,,""
16/05/2025,🔹,"Standing Cable Triceps extension",1,32.5,lb,12,rep,""
16/05/2025,🔹,"Standing Cable Triceps extension",2,32.5,lb,12,rep,""
16/05/2025,🔹,"Standing Cable Triceps extension",3,32.5,lb,12,rep,""
16/05/2025,🏋️‍♂️,"Leg Extension · Machine",,,,,,""
16/05/2025,🔹,"Leg Extension · Machine",1,160,kg,12,rep,""
16/05/2025,🔹,"Leg Extension · Machine",2,160,kg,12,rep,""
16/05/2025,🔹,"Leg Extension · Machine",3,160,kg,12,rep,""
16/05/2025,🏋️‍♂️🔗,"Leg Curl · Machine",,,,,,""
16/05/2025,🔹,"Leg Curl · Machine",1,115,lb,12,rep,""
16/05/2025,🔹,"Leg Curl · Machine",2,115,lb,12,rep,""
16/05/2025,🔹,"Leg Curl · Machine",3,115,lb,12,rep,""
16/05/2025,🏋️‍♂️,"Bench Press · Barbell",,,,,,""
16/05/2025,🔹,"Bench Press · Barbell",1,60,kg,8,rep,""
16/05/2025,🔹,"Bench Press · Barbell",2,60,kg,7,rep,""
16/05/2025,🔹,"Bench Press · Barbell",3,60,kg,6,rep,""
16/05/2025,🏋️‍♂️,"Calf Press · Machine",,,,,,""
16/05/2025,🔹,"Calf Press · Machine",1,310,kg,24,rep,""
16/05/2025,🔹,"Calf Press · Machine",2,310,kg,20,rep,""
16/05/2025,🏋️‍♂️,"Lateral Raise · Dumbbell",,,,,,""
16/05/2025,🔹,"Lateral Raise · Dumbbell",1,10,kg,10,rep,""
16/05/2025,🔹,"Lateral Raise · Dumbbell",2,10,kg,10,rep,""
16/05/2025,🔹,"Lateral Raise · Dumbbell",3,10,kg,10,rep,""
16/05/2025,🏋️‍♂️🔗,"Hammer Curl · Dumbbell",,,,,,""
16/05/2025,🔹,"Hammer Curl · Dumbbell",1,10,kg,10,rep,""
16/05/2025,🔹,"Hammer Curl · Dumbbell",2,10,kg,10,rep,""
16/05/2025,🔹,"Hammer Curl · Dumbbell",3,10,kg,10,rep,""
17/05/2025,📅,,,,,,,"112 min"
17/05/2025,🏋️‍♂️,"Bench Press · Dumbbell",,,,,,""
17/05/2025,🔹,"Bench Press · Dumbbell",1,40,kg,12,rep,""
17/05/2025,🔹,"Bench Press · Dumbbell",2,45,kg,9,rep,""
17/05/2025,🔹,"Bench Press · Dumbbell",3,50,kg,9,rep,""
17/05/2025,🔹,"Bench Press · Dumbbell",4,55,kg,8,rep,""
17/05/2025,🏋️‍♂️,"Incline Bench Press · Barbell",,,,,,""
17/05/2025,🔹,"Incline Bench Press · Barbell",1,53,kg,8,rep,""
17/05/2025,🔹,"Incline Bench Press · Barbell",2,53,kg,7,rep,""
17/05/2025,🔹,"Incline Bench Press · Barbell",3,53,kg,8,rep,""
17/05/2025,🏋️‍♂️,"Pec Deck · Machine",,,,,,""
17/05/2025,🔹,"Pec Deck · Machine",1,130,lb,10,rep,""
17/05/2025,🔹,"Pec Deck · Machine",2,130,lb,9,rep,""
17/05/2025,🔹,"Pec Deck · Machine",3,130,lb,9,rep,""
17/05/2025,🏋️‍♂️🔗,"Rear Delt",,,,,,""
17/05/2025,🔹,"Rear Delt",1,110,lb,12,rep,""
17/05/2025,🔹,"Rear Delt",2,110,lb,12,rep,""
17/05/2025,🔹,"Rear Delt",3,110,lb,9,rep,""
17/05/2025,🏋️‍♂️,"Seated Overhead Press · Dumbbell",,,,,,""
17/05/2025,🔹,"Seated Overhead Press · Dumbbell",1,30,kg,12,rep,""
17/05/2025,🔹,"Seated Overhead Press · Dumbbell",2,30,kg,10,rep,""
17/05/2025,🔹,"Seated Overhead Press · Dumbbell",3,30,kg,6,rep,""
17/05/2025,🏋️‍♂️,"Calf Press · Machine",,,,,,""
17/05/2025,🔹,"Calf Press · Machine",1,330,kg,16,rep,""
17/05/2025,🔹,"Calf Press · Machine",2,330,kg,16,rep,""
17/05/2025,🏋️‍♂️,"Tricep Extension · Cable",,,,,,""
17/05/2025,🔹,"Tricep Extension · Cable",1,55,lb,8,rep,""
17/05/2025,🔹,"Tricep Extension · Cable",2,55,lb,8,rep,""
17/05/2025,🔹,"Tricep Extension · Cable",3,47.5,lb,10,rep,""
17/05/2025,🔹,"Tricep Extension · Cable",4,47.5,lb,7,rep,""
17/05/2025,🏋️‍♂️🔗,"Curl · Cable",,,,,,""
17/05/2025,🔹,"Curl · Cable",1,47.5,lb,10,rep,""
17/05/2025,🔹,"Curl · Cable",2,47.5,lb,10,rep,""
17/05/2025,🔹,"Curl · Cable",3,47.5,lb,8,rep,""
17/05/2025,🔹,"Curl · Cable",4,47.5,lb,8,rep,""
17/05/2025,🏋️‍♂️,"Romanian Deadlift · Barbell",,,,,,""
17/05/2025,🔹,"Romanian Deadlift · Barbell",1,60,kg,12,rep,""
17/05/2025,🔹,"Romanian Deadlift · Barbell",2,60,kg,12,rep,""
17/05/2025,🔹,"Romanian Deadlift · Barbell",3,60,kg,12,rep,""
17/05/2025,🔹,"Romanian Deadlift · Barbell",4,60,kg,8,rep,""
20/05/2025,📅,,,,,,,"126 min"
20/05/2025,🏋️‍♂️,"Squat · Barbell",,,,,,""
20/05/2025,🔹,"Squat · Barbell",1,60,kg,9,rep,""
20/05/2025,🔹,"Squat · Barbell",2,70,kg,9,rep,""
20/05/2025,🔹,"Squat · Barbell",3,80,kg,7,rep,""
20/05/2025,🔹,"Squat · Barbell",4,85,kg,6,rep,""
20/05/2025,🏋️‍♂️,"Smith Machine Bulgarian Split Squat",,,,,,""
20/05/2025,🔹,"Smith Machine Bulgarian Split Squat",1,60,kg,9,rep,""
20/05/2025,🔹,"Smith Machine Bulgarian Split Squat",2,60,kg,9,rep,""
20/05/2025,🔹,"Smith Machine Bulgarian Split Squat",3,60,kg,9,rep,""
20/05/2025,🏋️‍♂️,"Calf Press · Machine",,,,,,""
20/05/2025,🔹,"Calf Press · Machine",1,330,kg,15,rep,""
20/05/2025,🔹,"Calf Press · Machine",2,330,kg,14,rep,""
20/05/2025,🔹,"Calf Press · Machine",3,330,kg,13,rep,""
20/05/2025,🏋️‍♂️,"Preacher Curl · Barbell",,,,,,""
20/05/2025,🔹,"Preacher Curl · Barbell",1,19,kg,12,rep,""
20/05/2025,🔹,"Preacher Curl · Barbell",2,24,kg,15,rep,""
20/05/2025,🔹,"Preacher Curl · Barbell",3,24,kg,14,rep,""
20/05/2025,🏋️‍♂️,"Dumbell preacher hammer curl",,,,,,""
20/05/2025,🔹,"Dumbell preacher hammer curl",1,10,kg,15,rep,""
20/05/2025,🔹,"Dumbell preacher hammer curl",2,10,kg,15,rep,""
20/05/2025,🔹,"Dumbell preacher hammer curl",3,10,kg,13,rep,""
20/05/2025,🏋️‍♂️,"VAF Ruckeninsulator",,,,,,""
20/05/2025,🔹,"VAF Ruckeninsulator",1,12,kg,12,rep,""
20/05/2025,🔹,"VAF Ruckeninsulator",2,12,kg,12,rep,""
20/05/2025,🔹,"VAF Ruckeninsulator",3,12,kg,12,rep,""
20/05/2025,🔹,"VAF Ruckeninsulator",4,12,kg,12,rep,""
20/05/2025,🏋️‍♂️🔗,"Cable Raise (Freie)",,,,,,""
20/05/2025,🔹,"Cable Raise (Freie)",1,60,kg,15,rep,""
20/05/2025,🔹,"Cable Raise (Freie)",2,60,kg,15,rep,""
20/05/2025,🔹,"Cable Raise (Freie)",3,60,kg,12,rep,""
20/05/2025,🔹,"Cable Raise (Freie)",4,60,kg,12,rep,""
20/05/2025,🏋️‍♂️,"Tricep Dip",,,,,,""
20/05/2025,🔹,"Tricep Dip",1,0,kg,12,rep,""
20/05/2025,🔹,"Tricep Dip",2,10,kg,12,rep,""
20/05/2025,🔹,"Tricep Dip",3,15,kg,9,rep,""
20/05/2025,🔹,"Tricep Dip",4,20,kg,8,rep,""
21/05/2025,📅,,,,,,,"123 min"
21/05/2025,🏋️‍♂️,"Cybex Lat Pulldown",,,,,,""
21/05/2025,🔹,"Cybex Lat Pulldown",1,10,kg,10,rep,""
21/05/2025,🔹,"Cybex Lat Pulldown",2,10,kg,10,rep,""
21/05/2025,🔹,"Cybex Lat Pulldown",3,10,kg,10,rep,""
21/05/2025,🔹,"Cybex Lat Pulldown",4,10,kg,10,rep,""
21/05/2025,🏋️‍♂️,"Seated Row · Cable",,,,,,""
21/05/2025,🔹,"Seated Row · Cable",1,54.5,kg,12,rep,""
21/05/2025,🔹,"Seated Row · Cable",2,54.5,kg,12,rep,""
21/05/2025,🔹,"Seated Row · Cable",3,54.5,kg,12,rep,""
21/05/2025,🏋️‍♂️,"Tricep press",,,,,,""
21/05/2025,🔹,"Tricep press",1,120,lb,12,rep,""
21/05/2025,🔹,"Tricep press",2,125,lb,10,rep,""
21/05/2025,🔹,"Tricep press",3,125,lb,8,rep,""
21/05/2025,🔹,"Tricep press",4,130,lb,6,rep,""
21/05/2025,🏋️‍♂️,"Standing Cable Triceps extension",,,,,,""
21/05/2025,🔹,"Standing Cable Triceps extension",1,32.5,lb,12,rep,""
21/05/2025,🔹,"Standing Cable Triceps extension",2,32.5,lb,11,rep,""
21/05/2025,🔹,"Standing Cable Triceps extension",3,32.5,lb,12,rep,""
21/05/2025,🏋️‍♂️,"Leg Extension · Machine",,,,,,""
21/05/2025,🔹,"Leg Extension · Machine",1,170,kg,8,rep,""
21/05/2025,🔹,"Leg Extension · Machine",2,170,kg,9,rep,""
21/05/2025,🔹,"Leg Extension · Machine",3,170,kg,9,rep,""
21/05/2025,🏋️‍♂️🔗,"Leg Curl · Machine",,,,,,""
21/05/2025,🔹,"Leg Curl · Machine",1,120,lb,10,rep,""
21/05/2025,🔹,"Leg Curl · Machine",2,120,lb,10,rep,""
21/05/2025,🔹,"Leg Curl · Machine",3,120,lb,10,rep,""
21/05/2025,🏋️‍♂️,"Bench Press · Barbell",,,,,,""
21/05/2025,🔹,"Bench Press · Barbell",1,60,kg,9,rep,""
21/05/2025,🔹,"Bench Press · Barbell",2,60,kg,9,rep,""
21/05/2025,🔹,"Bench Press · Barbell",3,60,kg,6,rep,""
21/05/2025,🏋️‍♂️,"Calf Press · Machine",,,,,,""
21/05/2025,🔹,"Calf Press · Machine",1,330,kg,18,rep,""
21/05/2025,🔹,"Calf Press · Machine",2,330,kg,20,rep,""
21/05/2025,🏋️‍♂️,"Lateral Raise · Dumbbell",,,,,,""
21/05/2025,🔹,"Lateral Raise · Dumbbell",1,10,kg,11,rep,""
21/05/2025,🔹,"Lateral Raise · Dumbbell",2,10,kg,11,rep,""
21/05/2025,🔹,"Lateral Raise · Dumbbell",3,10,kg,10,rep,""
21/05/2025,🏋️‍♂️🔗,"Hammer Curl · Dumbbell",,,,,,""
21/05/2025,🔹,"Hammer Curl · Dumbbell",1,10,kg,11,rep,""
21/05/2025,🔹,"Hammer Curl · Dumbbell",2,10,kg,11,rep,""
21/05/2025,🔹,"Hammer Curl · Dumbbell",3,10,kg,10,rep,""
24/05/2025,📅,,,,,,,"93 min"
24/05/2025,🏋️‍♂️,"Bench Press · Barbell",,,,,,""
24/05/2025,🔹,"Bench Press · Barbell",1,60,kg,10,rep,""
24/05/2025,🔹,"Bench Press · Barbell",2,70,kg,6,rep,""
24/05/2025,🔹,"Bench Press · Barbell",3,70,kg,6,rep,""
24/05/2025,🔹,"Bench Press · Barbell",4,60,kg,10,rep,""
24/05/2025,🏋️‍♂️,"Incline Bench Press · Barbell",,,,,,""
24/05/2025,🔹,"Incline Bench Press · Barbell",1,53,kg,8,rep,""
24/05/2025,🔹,"Incline Bench Press · Barbell",2,53,kg,8,rep,""
24/05/2025,🔹,"Incline Bench Press · Barbell",3,53,kg,8,rep,""
24/05/2025,🏋️‍♂️,"Pec Deck · Machine",,,,,,""
24/05/2025,🔹,"Pec Deck · Machine",1,130,lb,10,rep,""
24/05/2025,🔹,"Pec Deck · Machine",2,130,lb,10,rep,""
24/05/2025,🔹,"Pec Deck · Machine",3,130,lb,9,rep,""
24/05/2025,🏋️‍♂️🔗,"Rear Delt",,,,,,""
24/05/2025,🔹,"Rear Delt",1,110,lb,12,rep,""
24/05/2025,🔹,"Rear Delt",2,110,lb,12,rep,""
24/05/2025,🔹,"Rear Delt",3,110,lb,11,rep,""
24/05/2025,🏋️‍♂️,"Seated Overhead Press · Dumbbell",,,,,,""
24/05/2025,🔹,"Seated Overhead Press · Dumbbell",1,30,kg,12,rep,""
24/05/2025,🔹,"Seated Overhead Press · Dumbbell",2,30,kg,11,rep,""
24/05/2025,🔹,"Seated Overhead Press · Dumbbell",3,30,kg,8,rep,""
24/05/2025,🏋️‍♂️,"Calf Press · Machine",,,,,,""
24/05/2025,🔹,"Calf Press · Machine",1,330,kg,16,rep,""
24/05/2025,🔹,"Calf Press · Machine",2,330,kg,16,rep,""
24/05/2025,🏋️‍♂️,"Tricep Extension · Cable",,,,,,""
24/05/2025,🔹,"Tricep Extension · Cable",1,47.5,lb,11,rep,""
24/05/2025,🔹,"Tricep Extension · Cable",2,47.5,lb,11,rep,""
24/05/2025,🔹,"Tricep Extension · Cable",3,47.5,lb,9,rep,""
24/05/2025,🔹,"Tricep Extension · Cable",4,47.5,lb,9,rep,""
24/05/2025,🏋️‍♂️🔗,"Curl · Cable",,,,,,""
24/05/2025,🔹,"Curl · Cable",1,47.5,lb,11,rep,""
24/05/2025,🔹,"Curl · Cable",2,47.5,lb,11,rep,""
24/05/2025,🔹,"Curl · Cable",3,47.5,lb,9,rep,""
24/05/2025,🔹,"Curl · Cable",4,47.5,lb,8,rep,""
24/05/2025,🏋️‍♂️,"Romanian Deadlift · Barbell",,,,,,""
24/05/2025,🔹,"Romanian Deadlift · Barbell",1,60,kg,12,rep,""
24/05/2025,🔹,"Romanian Deadlift · Barbell",2,60,kg,12,rep,""
24/05/2025,🔹,"Romanian Deadlift · Barbell",3,60,kg,12,rep,""
24/05/2025,🔹,"Romanian Deadlift · Barbell",4,60,kg,8,rep,""
26/05/2025,📅,,,,,,,"141 min"
26/05/2025,🏋️‍♂️,"Squat · Barbell",,,,,,""
26/05/2025,🔹,"Squat · Barbell",1,60,kg,9,rep,""
26/05/2025,🔹,"Squat · Barbell",2,70,kg,9,rep,""
26/05/2025,🔹,"Squat · Barbell",3,80,kg,7,rep,""
26/05/2025,🔹,"Squat · Barbell",4,90,kg,3,rep,""
26/05/2025,🏋️‍♂️,"Smith Machine Bulgarian Split Squat",,,,,,""
26/05/2025,🔹,"Smith Machine Bulgarian Split Squat",1,60,kg,9,rep,""
26/05/2025,🔹,"Smith Machine Bulgarian Split Squat",2,60,kg,9,rep,""
26/05/2025,🔹,"Smith Machine Bulgarian Split Squat",3,60,kg,9,rep,""
26/05/2025,🏋️‍♂️,"Calf Press · Machine",,,,,,""
26/05/2025,🔹,"Calf Press · Machine",1,330,kg,20,rep,""
26/05/2025,🔹,"Calf Press · Machine",2,330,kg,17,rep,""
26/05/2025,🔹,"Calf Press · Machine",3,330,kg,17,rep,""
26/05/2025,🏋️‍♂️,"Preacher Curl · Barbell",,,,,,""
26/05/2025,🔹,"Preacher Curl · Barbell",1,24,kg,15,rep,""
26/05/2025,🔹,"Preacher Curl · Barbell",2,24,kg,12,rep,""
26/05/2025,🔹,"Preacher Curl · Barbell",3,24,kg,12,rep,""
26/05/2025,🏋️‍♂️,"Dumbell preacher hammer curl",,,,,,""
26/05/2025,🔹,"Dumbell preacher hammer curl",1,10,kg,15,rep,""
26/05/2025,🔹,"Dumbell preacher hammer curl",2,10,kg,15,rep,""
26/05/2025,🔹,"Dumbell preacher hammer curl",3,10,kg,12,rep,""
26/05/2025,🏋️‍♂️,"VAF Ruckeninsulator",,,,,,""
26/05/2025,🔹,"VAF Ruckeninsulator",1,12,kg,12,rep,""
26/05/2025,🔹,"VAF Ruckeninsulator",2,12,kg,12,rep,""
26/05/2025,🔹,"VAF Ruckeninsulator",3,12,kg,12,rep,""
26/05/2025,🔹,"VAF Ruckeninsulator",4,12,kg,12,rep,""
26/05/2025,🏋️‍♂️🔗,"Cable Raise (Freie)",,,,,,""
26/05/2025,🔹,"Cable Raise (Freie)",1,70,kg,9,rep,""
26/05/2025,🔹,"Cable Raise (Freie)",2,70,kg,9,rep,""
26/05/2025,🔹,"Cable Raise (Freie)",3,70,kg,9,rep,""
26/05/2025,🔹,"Cable Raise (Freie)",4,70,kg,9,rep,""
26/05/2025,🏋️‍♂️,"Tricep Dip",,,,,,""
26/05/2025,🔹,"Tricep Dip",1,0,kg,12,rep,""
26/05/2025,🔹,"Tricep Dip",2,10,kg,15,rep,""
26/05/2025,🔹,"Tricep Dip",3,15,kg,10,rep,""
26/05/2025,🔹,"Tricep Dip",4,20,kg,6,rep,""
27/05/2025,📅,,,,,,,"112 min"
27/05/2025,🏋️‍♂️,"Cybex Lat Pulldown",,,,,,""
27/05/2025,🔹,"Cybex Lat Pulldown",1,10,kg,11,rep,""
27/05/2025,🔹,"Cybex Lat Pulldown",2,10,kg,11,rep,""
27/05/2025,🔹,"Cybex Lat Pulldown",3,10,kg,11,rep,""
27/05/2025,🔹,"Cybex Lat Pulldown",4,10,kg,11,rep,""
27/05/2025,🏋️‍♂️,"Seated Row · Cable",,,,,,""
27/05/2025,🔹,"Seated Row · Cable",1,54.5,kg,12,rep,""
27/05/2025,🔹,"Seated Row · Cable",2,61,kg,8,rep,""
27/05/2025,🔹,"Seated Row · Cable",3,61,kg,9,rep,""
27/05/2025,🏋️‍♂️,"Tricep press",,,,,,""
27/05/2025,🔹,"Tricep press",1,120,lb,12,rep,""
27/05/2025,🔹,"Tricep press",2,125,lb,11,rep,""
27/05/2025,🔹,"Tricep press",3,125,lb,9,rep,""
27/05/2025,🔹,"Tricep press",4,130,lb,7,rep,""
27/05/2025,🏋️‍♂️,"Standing Cable Triceps extension",,,,,,""
27/05/2025,🔹,"Standing Cable Triceps extension",1,32.5,lb,13,rep,""
27/05/2025,🔹,"Standing Cable Triceps extension",2,32.5,lb,13,rep,""
27/05/2025,🔹,"Standing Cable Triceps extension",3,32.5,lb,12,rep,""
27/05/2025,🏋️‍♂️,"Leg Extension · Machine",,,,,,""
27/05/2025,🔹,"Leg Extension · Machine",1,170,kg,9,rep,""
27/05/2025,🔹,"Leg Extension · Machine",2,170,kg,9,rep,""
27/05/2025,🔹,"Leg Extension · Machine",3,170,kg,9,rep,""
27/05/2025,🏋️‍♂️🔗,"Leg Curl · Machine",,,,,,""
27/05/2025,🔹,"Leg Curl · Machine",1,130,lb,9,rep,""
27/05/2025,🔹,"Leg Curl · Machine",2,130,lb,6,rep,""
27/05/2025,🔹,"Leg Curl · Machine",3,130,lb,6,rep,""
27/05/2025,🏋️‍♂️,"Calf Press · Machine",,,,,,""
27/05/2025,🔹,"Calf Press · Machine",1,330,kg,20,rep,""
27/05/2025,🔹,"Calf Press · Machine",2,330,kg,20,rep,""
27/05/2025,🏋️‍♂️,"Bench Press · Barbell",,,,,,""
27/05/2025,🔹,"Bench Press · Barbell",1,60,kg,7,rep,""
27/05/2025,🔹,"Bench Press · Barbell",2,60,kg,7,rep,""
27/05/2025,🔹,"Bench Press · Barbell",3,60,kg,7,rep,""
27/05/2025,🏋️‍♂️,"Lateral Raise · Dumbbell",,,,,,""
27/05/2025,🔹,"Lateral Raise · Dumbbell",1,10,kg,11,rep,""
27/05/2025,🔹,"Lateral Raise · Dumbbell",2,10,kg,11,rep,""
27/05/2025,🔹,"Lateral Raise · Dumbbell",3,10,kg,10,rep,""
27/05/2025,🏋️‍♂️🔗,"Hammer Curl · Dumbbell",,,,,,""
27/05/2025,🔹,"Hammer Curl · Dumbbell",1,10,kg,11,rep,""
27/05/2025,🔹,"Hammer Curl · Dumbbell",2,10,kg,11,rep,""
27/05/2025,🔹,"Hammer Curl · Dumbbell",3,10,kg,10,rep,""
30/05/2025,📅,,,,,,,"94 min"
30/05/2025,🏋️‍♂️,"Bench Press · Barbell",,,,,,""
30/05/2025,🔹,"Bench Press · Barbell",1,60,kg,10,rep,""
30/05/2025,🔹,"Bench Press · Barbell",2,70,kg,7,rep,""
30/05/2025,🔹,"Bench Press · Barbell",3,70,kg,6,rep,""
30/05/2025,🔹,"Bench Press · Barbell",4,60,kg,10,rep,""
30/05/2025,🏋️‍♂️,"Incline Bench Press · Barbell",,,,,,""
30/05/2025,🔹,"Incline Bench Press · Barbell",1,50,kg,9,rep,""
30/05/2025,🔹,"Incline Bench Press · Barbell",2,50,kg,9,rep,""
30/05/2025,🔹,"Incline Bench Press · Barbell",3,50,kg,9,rep,""
30/05/2025,🏋️‍♂️,"Pec Deck · Machine",,,,,,""
30/05/2025,🔹,"Pec Deck · Machine",1,130,lb,12,rep,""
30/05/2025,🔹,"Pec Deck · Machine",2,130,lb,12,rep,""
30/05/2025,🔹,"Pec Deck · Machine",3,130,lb,12,rep,""
30/05/2025,🏋️‍♂️🔗,"Rear Delt",,,,,,""
30/05/2025,🔹,"Rear Delt",1,110,lb,12,rep,""
30/05/2025,🔹,"Rear Delt",2,110,lb,12,rep,""
30/05/2025,🔹,"Rear Delt",3,110,lb,12,rep,""
30/05/2025,🏋️‍♂️,"Seated Overhead Press · Dumbbell",,,,,,""
30/05/2025,🔹,"Seated Overhead Press · Dumbbell",1,30,kg,12,rep,""
30/05/2025,🔹,"Seated Overhead Press · Dumbbell",2,30,kg,11,rep,""
30/05/2025,🔹,"Seated Overhead Press · Dumbbell",3,30,kg,9,rep,""
30/05/2025,🏋️‍♂️,"Calf Press · Machine",,,,,,""
30/05/2025,🔹,"Calf Press · Machine",1,330,kg,16,rep,""
30/05/2025,🔹,"Calf Press · Machine",2,330,kg,16,rep,""
30/05/2025,🏋️‍♂️,"Tricep Extension · Cable",,,,,,""
30/05/2025,🔹,"Tricep Extension · Cable",1,47.5,lb,12,rep,""
30/05/2025,🔹,"Tricep Extension · Cable",2,47.5,lb,12,rep,""
30/05/2025,🔹,"Tricep Extension · Cable",3,47.5,lb,11,rep,""
30/05/2025,🔹,"Tricep Extension · Cable",4,47.5,lb,9,rep,""
30/05/2025,🏋️‍♂️🔗,"Curl · Cable",,,,,,""
30/05/2025,🔹,"Curl · Cable",1,47.5,lb,12,rep,""
30/05/2025,🔹,"Curl · Cable",2,47.5,lb,10,rep,""
30/05/2025,🔹,"Curl · Cable",3,47.5,lb,10,rep,""
30/05/2025,🔹,"Curl · Cable",4,47.5,lb,8,rep,""
30/05/2025,🏋️‍♂️,"Romanian Deadlift · Barbell",,,,,,""
30/05/2025,🔹,"Romanian Deadlift · Barbell",1,60,kg,12,rep,""
30/05/2025,🔹,"Romanian Deadlift · Barbell",2,60,kg,12,rep,""
30/05/2025,🔹,"Romanian Deadlift · Barbell",3,60,kg,12,rep,""
30/05/2025,🔹,"Romanian Deadlift · Barbell",4,60,kg,8,rep,""
03/06/2025,📅,,,,,,,"115 min"
03/06/2025,🏋️‍♂️,"Squat · Barbell",,,,,,""
03/06/2025,🔹,"Squat · Barbell",1,60,kg,10,rep,""
03/06/2025,🔹,"Squat · Barbell",2,70,kg,10,rep,""
03/06/2025,🔹,"Squat · Barbell",3,80,kg,7,rep,""
03/06/2025,🔹,"Squat · Barbell",4,80,kg,6,rep,""
03/06/2025,🏋️‍♂️,"Smith Machine Bulgarian Split Squat",,,,,,""
03/06/2025,🔹,"Smith Machine Bulgarian Split Squat",1,60,kg,10,rep,""
03/06/2025,🔹,"Smith Machine Bulgarian Split Squat",2,60,kg,10,rep,""
03/06/2025,🔹,"Smith Machine Bulgarian Split Squat",3,60,kg,9,rep,""
03/06/2025,🏋️‍♂️,"Calf Press · Machine",,,,,,""
03/06/2025,🔹,"Calf Press · Machine",1,330,kg,20,rep,""
03/06/2025,🔹,"Calf Press · Machine",2,330,kg,20,rep,""
03/06/2025,🔹,"Calf Press · Machine",3,330,kg,20,rep,""
03/06/2025,🏋️‍♂️,"Preacher Curl · Barbell",,,,,,""
03/06/2025,🔹,"Preacher Curl · Barbell",1,24,kg,15,rep,""
03/06/2025,🔹,"Preacher Curl · Barbell",2,24,kg,15,rep,""
03/06/2025,🔹,"Preacher Curl · Barbell",3,24,kg,13,rep,""
03/06/2025,🏋️‍♂️,"Dumbell preacher hammer curl",,,,,,""
03/06/2025,🔹,"Dumbell preacher hammer curl",1,10,kg,15,rep,""
03/06/2025,🔹,"Dumbell preacher hammer curl",2,10,kg,15,rep,""
03/06/2025,🔹,"Dumbell preacher hammer curl",3,10,kg,15,rep,""
03/06/2025,🏋️‍♂️,"VAF Ruckeninsulator",,,,,,""
03/06/2025,🔹,"VAF Ruckeninsulator",1,12,kg,12,rep,""
03/06/2025,🔹,"VAF Ruckeninsulator",2,12,kg,12,rep,""
03/06/2025,🔹,"VAF Ruckeninsulator",3,12,kg,12,rep,""
03/06/2025,🔹,"VAF Ruckeninsulator",4,12,kg,12,rep,""
03/06/2025,🏋️‍♂️🔗,"Cable Raise (Freie)",,,,,,""
03/06/2025,🔹,"Cable Raise (Freie)",1,70,kg,9,rep,""
03/06/2025,🔹,"Cable Raise (Freie)",2,70,kg,9,rep,""
03/06/2025,🔹,"Cable Raise (Freie)",3,70,kg,9,rep,""
03/06/2025,🔹,"Cable Raise (Freie)",4,70,kg,9,rep,""
03/06/2025,🏋️‍♂️,"Tricep Dip",,,,,,""
03/06/2025,🔹,"Tricep Dip",1,0,kg,12,rep,""
03/06/2025,🔹,"Tricep Dip",2,10,kg,15,rep,""
03/06/2025,🔹,"Tricep Dip",3,15,kg,10,rep,""
03/06/2025,🔹,"Tricep Dip",4,20,kg,6,rep,""
05/06/2025,📅,,,,,,,"125 min"
05/06/2025,🏋️‍♂️,"Lat Pull Down · Cable",,,,,,""
05/06/2025,🔹,"Lat Pull Down · Cable",1,61,kg,12,rep,""
05/06/2025,🔹,"Lat Pull Down · Cable",2,61,kg,12,rep,""
05/06/2025,🔹,"Lat Pull Down · Cable",3,61,kg,10,rep,""
05/06/2025,🔹,"Lat Pull Down · Cable",4,61,kg,10,rep,""
05/06/2025,🏋️‍♂️,"Seated Row · Cable",,,,,,""
05/06/2025,🔹,"Seated Row · Cable",1,61,kg,9,rep,""
05/06/2025,🔹,"Seated Row · Cable",2,61,kg,9,rep,""
05/06/2025,🔹,"Seated Row · Cable",3,61,kg,9,rep,""
05/06/2025,🏋️‍♂️,"Tricep Extension · Cable",,,,,,""
05/06/2025,🔹,"Tricep Extension · Cable",1,47.5,lb,14,rep,""
05/06/2025,🔹,"Tricep Extension · Cable",2,47.5,lb,14,rep,"Hard"
05/06/2025,🔹,"Tricep Extension · Cable",3,47.5,lb,14,rep,""
05/06/2025,🔹,"Tricep Extension · Cable",4,47.5,lb,9,rep,""
05/06/2025,🏋️‍♂️,"Standing Cable Triceps extension",,,,,,""
05/06/2025,🔹,"Standing Cable Triceps extension",1,32.5,lb,11,rep,""
05/06/2025,🔹,"Standing Cable Triceps extension",2,32.5,lb,11,rep,""
05/06/2025,🔹,"Standing Cable Triceps extension",3,32.5,lb,11,rep,""
05/06/2025,🏋️‍♂️,"Leg Extension · Machine",,,,,,""
05/06/2025,🔹,"Leg Extension · Machine",1,170,kg,9,rep,""
05/06/2025,🔹,"Leg Extension · Machine",2,170,kg,9,rep,""
05/06/2025,🔹,"Leg Extension · Machine",3,170,kg,9,rep,""
05/06/2025,🏋️‍♂️🔗,"Leg Curl · Machine",,,,,,""
05/06/2025,🔹,"Leg Curl · Machine",1,130,lb,9,rep,""
05/06/2025,🔹,"Leg Curl · Machine",2,110,lb,10,rep,""
05/06/2025,🔹,"Leg Curl · Machine",3,110,lb,10,rep,""
05/06/2025,🏋️‍♂️,"Calf Press · Machine",,,,,,""
05/06/2025,🔹,"Calf Press · Machine",1,350,kg,15,rep,""
05/06/2025,🔹,"Calf Press · Machine",2,350,kg,15,rep,""
05/06/2025,🏋️‍♂️,"Bench Press · Barbell",,,,,,""
05/06/2025,🔹,"Bench Press · Barbell",1,60,kg,6,rep,""
05/06/2025,🔹,"Bench Press · Barbell",2,60,kg,6,rep,""
05/06/2025,🔹,"Bench Press · Barbell",3,60,kg,6,rep,""
05/06/2025,🏋️‍♂️,"Seated Overhead Press · Dumbbell",,,,,,""
05/06/2025,🔹,"Seated Overhead Press · Dumbbell",1,30,kg,12,rep,""
05/06/2025,🔹,"Seated Overhead Press · Dumbbell",2,30,kg,12,rep,""
05/06/2025,🔹,"Seated Overhead Press · Dumbbell",3,30,kg,12,rep,""
05/06/2025,🏋️‍♂️🔗,"Hammer Curl · Dumbbell",,,,,,""
05/06/2025,🔹,"Hammer Curl · Dumbbell",1,10,kg,12,rep,""
05/06/2025,🔹,"Hammer Curl · Dumbbell",2,10,kg,12,rep,""
05/06/2025,🔹,"Hammer Curl · Dumbbell",3,10,kg,12,rep,""
07/06/2025,📅,,,,,,,"105 min"
07/06/2025,🏋️‍♂️,"Bench Press · Barbell",,,,,,""
07/06/2025,🔹,"Bench Press · Barbell",1,60,kg,9,rep,""
07/06/2025,🔹,"Bench Press · Barbell",2,70,kg,7,rep,""
07/06/2025,🔹,"Bench Press · Barbell",3,70,kg,6,rep,""
07/06/2025,🔹,"Bench Press · Barbell",4,60,kg,9,rep,""
07/06/2025,🏋️‍♂️,"Incline Bench Press · Barbell",,,,,,""
07/06/2025,🔹,"Incline Bench Press · Barbell",1,53,kg,8,rep,""
07/06/2025,🔹,"Incline Bench Press · Barbell",2,53,kg,7,rep,""
07/06/2025,🔹,"Incline Bench Press · Barbell",3,53,kg,6,rep,""
07/06/2025,🏋️‍♂️,"Pec Deck · Machine",,,,,,""
07/06/2025,🔹,"Pec Deck · Machine",1,140,lb,8,rep,""
07/06/2025,🔹,"Pec Deck · Machine",2,140,lb,9,rep,""
07/06/2025,🔹,"Pec Deck · Machine",3,140,lb,10,rep,""
07/06/2025,🏋️‍♂️🔗,"Rear Delt",,,,,,""
07/06/2025,🔹,"Rear Delt",1,110,lb,12,rep,""
07/06/2025,🔹,"Rear Delt",2,110,lb,9,rep,""
07/06/2025,🔹,"Rear Delt",3,110,lb,12,rep,""
07/06/2025,🏋️‍♂️,"Cable Raise (Freie)",,,,,,""
07/06/2025,🔹,"Cable Raise (Freie)",1,70,kg,10,rep,""
07/06/2025,🔹,"Cable Raise (Freie)",2,70,kg,10,rep,""
07/06/2025,🔹,"Cable Raise (Freie)",3,70,kg,10,rep,""
07/06/2025,🔹,"Cable Raise (Freie)",4,70,kg,9,rep,""
07/06/2025,🏋️‍♂️,"Calf Press · Machine",,,,,,""
07/06/2025,🔹,"Calf Press · Machine",1,350,kg,16,rep,""
07/06/2025,🔹,"Calf Press · Machine",2,350,kg,16,rep,""
07/06/2025,🏋️‍♂️,"Tricep Extension · Cable",,,,,,""
07/06/2025,🔹,"Tricep Extension · Cable",1,47.5,lb,12,rep,""
07/06/2025,🔹,"Tricep Extension · Cable",2,47.5,lb,12,rep,""
07/06/2025,🔹,"Tricep Extension · Cable",3,47.5,lb,12,rep,""
07/06/2025,🔹,"Tricep Extension · Cable",4,47.5,lb,12,rep,""
07/06/2025,🏋️‍♂️🔗,"Curl · Cable",,,,,,""
07/06/2025,🔹,"Curl · Cable",1,47.5,lb,11,rep,""
07/06/2025,🔹,"Curl · Cable",2,47.5,lb,11,rep,""
07/06/2025,🔹,"Curl · Cable",3,47.5,lb,11,rep,""
07/06/2025,🔹,"Curl · Cable",4,47.5,lb,11,rep,""
07/06/2025,🏋️‍♂️,"Romanian Deadlift · Barbell",,,,,,""
07/06/2025,🔹,"Romanian Deadlift · Barbell",1,60,kg,12,rep,""
07/06/2025,🔹,"Romanian Deadlift · Barbell",2,60,kg,12,rep,""
07/06/2025,🔹,"Romanian Deadlift · Barbell",3,60,kg,12,rep,""
07/06/2025,🔹,"Romanian Deadlift · Barbell",4,60,kg,8,rep,""
10/06/2025,📅,,,,,,,"108 min"
10/06/2025,🏋️‍♂️,"Squat · Barbell",,,,,,""
10/06/2025,🔹,"Squat · Barbell",1,60,kg,10,rep,""
10/06/2025,🔹,"Squat · Barbell",2,70,kg,10,rep,""
10/06/2025,🔹,"Squat · Barbell",3,80,kg,7,rep,""
10/06/2025,🔹,"Squat · Barbell",4,80,kg,7,rep,""
10/06/2025,🏋️‍♂️,"Smith Machine Bulgarian Split Squat",,,,,,""
10/06/2025,🔹,"Smith Machine Bulgarian Split Squat",1,60,kg,10,rep,""
10/06/2025,🔹,"Smith Machine Bulgarian Split Squat",2,60,kg,10,rep,""
10/06/2025,🔹,"Smith Machine Bulgarian Split Squat",3,70,kg,6,rep,""
10/06/2025,🏋️‍♂️,"Calf Press · Machine",,,,,,""
10/06/2025,🔹,"Calf Press · Machine",1,350,kg,16,rep,""
10/06/2025,🔹,"Calf Press · Machine",2,350,kg,11,rep,""
10/06/2025,🔹,"Calf Press · Machine",3,350,kg,11,rep,""
10/06/2025,🏋️‍♂️,"Preacher Curl · Barbell",,,,,,""
10/06/2025,🔹,"Preacher Curl · Barbell",1,24,kg,15,rep,""
10/06/2025,🔹,"Preacher Curl · Barbell",2,24,kg,15,rep,""
10/06/2025,🔹,"Preacher Curl · Barbell",3,24,kg,13,rep,""
10/06/2025,🏋️‍♂️,"Dumbell preacher hammer curl",,,,,,""
10/06/2025,🔹,"Dumbell preacher hammer curl",1,10,kg,12,rep,""
10/06/2025,🔹,"Dumbell preacher hammer curl",2,10,kg,12,rep,""
10/06/2025,🔹,"Dumbell preacher hammer curl",3,10,kg,15,rep,""
10/06/2025,🏋️‍♂️,"VAF Ruckeninsulator",,,,,,""
10/06/2025,🔹,"VAF Ruckeninsulator",1,12,kg,13,rep,""
10/06/2025,🔹,"VAF Ruckeninsulator",2,12,kg,13,rep,""
10/06/2025,🔹,"VAF Ruckeninsulator",3,12,kg,13,rep,""
10/06/2025,🔹,"VAF Ruckeninsulator",4,13,kg,9,rep,""
10/06/2025,🏋️‍♂️🔗,"Cable Raise (Freie)",,,,,,""
10/06/2025,🔹,"Cable Raise (Freie)",1,70,kg,10,rep,""
10/06/2025,🔹,"Cable Raise (Freie)",2,70,kg,10,rep,""
10/06/2025,🔹,"Cable Raise (Freie)",3,70,kg,10,rep,""
10/06/2025,🔹,"Cable Raise (Freie)",4,80,kg,6,rep,""
10/06/2025,🏋️‍♂️,"Tricep Dip",,,,,,""
10/06/2025,🔹,"Tricep Dip",1,0,kg,12,rep,""
10/06/2025,🔹,"Tricep Dip",2,10,kg,12,rep,""
10/06/2025,🔹,"Tricep Dip",3,15,kg,9,rep,""
10/06/2025,🔹,"Tricep Dip",4,20,kg,6,rep,""
12/06/2025,📅,,,,,,,"111 min"
12/06/2025,🏋️‍♂️,"Cybex Lat Pulldown",,,,,,""
12/06/2025,🔹,"Cybex Lat Pulldown",1,10,kg,12,rep,""
12/06/2025,🔹,"Cybex Lat Pulldown",2,10,kg,12,rep,""
12/06/2025,🔹,"Cybex Lat Pulldown",3,10,kg,12,rep,""
12/06/2025,🔹,"Cybex Lat Pulldown",4,10,kg,12,rep,""
12/06/2025,🏋️‍♂️,"Seated Row · Cable",,,,,,""
12/06/2025,🔹,"Seated Row · Cable",1,61,kg,9,rep,""
12/06/2025,🔹,"Seated Row · Cable",2,61,kg,9,rep,""
12/06/2025,🔹,"Seated Row · Cable",3,54.5,kg,10,rep,""
12/06/2025,🏋️‍♂️,"Tricep Extension · Cable",,,,,,""
12/06/2025,🔹,"Tricep Extension · Cable",1,55,lb,9,rep,""
12/06/2025,🔹,"Tricep Extension · Cable",2,55,lb,9,rep,""
12/06/2025,🔹,"Tricep Extension · Cable",3,55,lb,6,rep,""
12/06/2025,🔹,"Tricep Extension · Cable",4,47.5,lb,9,rep,""
12/06/2025,🏋️‍♂️,"Standing Cable Triceps extension",,,,,,""
12/06/2025,🔹,"Standing Cable Triceps extension",1,32.5,lb,11,rep,""
12/06/2025,🔹,"Standing Cable Triceps extension",2,32.5,lb,11,rep,""
12/06/2025,🔹,"Standing Cable Triceps extension",3,32.5,lb,11,rep,""
12/06/2025,🏋️‍♂️,"Leg Extension · Machine",,,,,,""
12/06/2025,🔹,"Leg Extension · Machine",1,170,kg,10,rep,""
12/06/2025,🔹,"Leg Extension · Machine",2,170,kg,10,rep,""
12/06/2025,🔹,"Leg Extension · Machine",3,170,kg,10,rep,""
12/06/2025,🏋️‍♂️🔗,"Leg Curl · Machine",,,,,,""
12/06/2025,🔹,"Leg Curl · Machine",1,120,lb,10,rep,""
12/06/2025,🔹,"Leg Curl · Machine",2,120,lb,10,rep,""
12/06/2025,🔹,"Leg Curl · Machine",3,120,lb,9,rep,""
12/06/2025,🏋️‍♂️,"Calf Press · Machine",,,,,,""
12/06/2025,🔹,"Calf Press · Machine",1,350,kg,16,rep,""
12/06/2025,🔹,"Calf Press · Machine",2,350,kg,13,rep,""
12/06/2025,🏋️‍♂️,"Bench Press · Barbell",,,,,,""
12/06/2025,🔹,"Bench Press · Barbell",1,60,kg,7,rep,""
12/06/2025,🔹,"Bench Press · Barbell",2,60,kg,7,rep,""
12/06/2025,🔹,"Bench Press · Barbell",3,60,kg,7,rep,""
12/06/2025,🏋️‍♂️,"Seated Overhead Press · Dumbbell",,,,,,""
12/06/2025,🔹,"Seated Overhead Press · Dumbbell",1,30,kg,13,rep,""
12/06/2025,🔹,"Seated Overhead Press · Dumbbell",2,30,kg,13,rep,""
12/06/2025,🔹,"Seated Overhead Press · Dumbbell",3,30,kg,13,rep,""
12/06/2025,🏋️‍♂️🔗,"Hammer Curl · Dumbbell",,,,,,""
12/06/2025,🔹,"Hammer Curl · Dumbbell",1,10,kg,15,rep,""
12/06/2025,🔹,"Hammer Curl · Dumbbell",2,10,kg,13,rep,""
12/06/2025,🔹,"Hammer Curl · Dumbbell",3,10,kg,13,rep,""
14/06/2025,📅,,,,,,,"142 min"
14/06/2025,🏋️‍♂️,"Bench Press · Barbell",,,,,,""
14/06/2025,🔹,"Bench Press · Barbell",1,60,kg,9,rep,""
14/06/2025,🔹,"Bench Press · Barbell",2,65,kg,8,rep,""
14/06/2025,🔹,"Bench Press · Barbell",3,70,kg,6,rep,""
14/06/2025,🔹,"Bench Press · Barbell",4,72.5,kg,4,rep,""
14/06/2025,🏋️‍♂️,"Incline Bench Press · Barbell",,,,,,""
14/06/2025,🔹,"Incline Bench Press · Barbell",1,53,kg,9,rep,""
14/06/2025,🔹,"Incline Bench Press · Barbell",2,53,kg,9,rep,""
14/06/2025,🔹,"Incline Bench Press · Barbell",3,53,kg,9,rep,""
14/06/2025,🏋️‍♂️,"Pec Deck · Machine",,,,,,""
14/06/2025,🔹,"Pec Deck · Machine",1,140,lb,9,rep,""
14/06/2025,🔹,"Pec Deck · Machine",2,140,lb,9,rep,""
14/06/2025,🔹,"Pec Deck · Machine",3,140,lb,10,rep,""
14/06/2025,🏋️‍♂️🔗,"Rear Delt",,,,,,""
14/06/2025,🔹,"Rear Delt",1,110,lb,12,rep,""
14/06/2025,🔹,"Rear Delt",2,110,lb,12,rep,""
14/06/2025,🔹,"Rear Delt",3,110,lb,12,rep,""
14/06/2025,🏋️‍♂️,"Cable Raise (Freie)",,,,,,""
14/06/2025,🔹,"Cable Raise (Freie)",1,70,kg,12,rep,""
14/06/2025,🔹,"Cable Raise (Freie)",2,70,kg,10,rep,""
14/06/2025,🔹,"Cable Raise (Freie)",3,70,kg,9,rep,""
14/06/2025,🔹,"Cable Raise (Freie)",4,70,kg,9,rep,""
14/06/2025,🏋️‍♂️,"Calf Press · Machine",,,,,,""
14/06/2025,🔹,"Calf Press · Machine",1,350,kg,16,rep,""
14/06/2025,🔹,"Calf Press · Machine",2,350,kg,14,rep,""
14/06/2025,🏋️‍♂️,"Tricep Extension · Cable",,,,,,""
14/06/2025,🔹,"Tricep Extension · Cable",1,47.5,lb,12,rep,""
14/06/2025,🔹,"Tricep Extension · Cable",2,47.5,lb,13,rep,""
14/06/2025,🔹,"Tricep Extension · Cable",3,55,lb,6,rep,""
14/06/2025,🔹,"Tricep Extension · Cable",4,47.5,lb,11,rep,""
14/06/2025,🏋️‍♂️🔗,"Curl · Cable",,,,,,""
14/06/2025,🔹,"Curl · Cable",1,47.5,lb,12,rep,""
14/06/2025,🔹,"Curl · Cable",2,47.5,lb,10,rep,""
14/06/2025,🔹,"Curl · Cable",3,47.5,lb,9,rep,""
14/06/2025,🔹,"Curl · Cable",4,47.5,lb,9,rep,""
14/06/2025,🏋️‍♂️,"Romanian Deadlift · Barbell",,,,,,""
14/06/2025,🔹,"Romanian Deadlift · Barbell",1,60,kg,12,rep,""
14/06/2025,🔹,"Romanian Deadlift · Barbell",2,60,kg,15,rep,""
14/06/2025,🔹,"Romanian Deadlift · Barbell",3,70,kg,9,rep,""
14/06/2025,🔹,"Romanian Deadlift · Barbell",4,60,kg,12,rep,""
16/06/2025,📅,,,,,,,"87 min"
16/06/2025,🏋️‍♂️,"Bench Press · Barbell",,,,,,""
16/06/2025,🔹,"Bench Press · Barbell",1,60,kg,9,rep,""
16/06/2025,🔹,"Bench Press · Barbell",2,65,kg,8,rep,""
16/06/2025,🔹,"Bench Press · Barbell",3,70,kg,5,rep,""
16/06/2025,🔹,"Bench Press · Barbell",4,72.5,kg,4,rep,""
16/06/2025,🏋️‍♂️,"Squat · Smith Machine",,,,,,""
16/06/2025,🔹,"Squat · Smith Machine",1,60,kg,9,rep,""
16/06/2025,🔹,"Squat · Smith Machine",2,80,kg,9,rep,""
16/06/2025,🔹,"Squat · Smith Machine",3,80,kg,9,rep,""
16/06/2025,🏋️‍♂️,"Lat Pull Down · Cable",,,,,,""
16/06/2025,🔹,"Lat Pull Down · Cable",1,61,kg,9,rep,""
16/06/2025,🔹,"Lat Pull Down · Cable",2,61,kg,9,rep,""
16/06/2025,🔹,"Lat Pull Down · Cable",3,61,kg,6,rep,""
16/06/2025,🏋️‍♂️,"Calf Press · Machine",,,,,,""
16/06/2025,🔹,"Calf Press · Machine",1,350,kg,16,rep,""
16/06/2025,🔹,"Calf Press · Machine",2,350,kg,16,rep,""
16/06/2025,🏋️‍♂️,"Tricep Extension · Cable",,,,,,""
16/06/2025,🔹,"Tricep Extension · Cable",1,47.5,lb,15,rep,""
16/06/2025,🔹,"Tricep Extension · Cable",2,47.5,lb,12,rep,""
16/06/2025,🔹,"Tricep Extension · Cable",3,47.5,lb,12,rep,""
16/06/2025,🏋️‍♂️,"Cable Raise (Freie)",,,,,,""
16/06/2025,🔹,"Cable Raise (Freie)",1,70,kg,10,rep,""
16/06/2025,🔹,"Cable Raise (Freie)",2,70,kg,10,rep,""
16/06/2025,🔹,"Cable Raise (Freie)",3,70,kg,10,rep,""
16/06/2025,🏋️‍♂️,"Dumbell preacher hammer curl",,,,,,""
16/06/2025,🔹,"Dumbell preacher hammer curl",1,10,kg,15,rep,""
16/06/2025,🔹,"Dumbell preacher hammer curl",2,10,kg,15,rep,""
16/06/2025,🔹,"Dumbell preacher hammer curl",3,10,kg,15,rep,""
23/06/2025,📅,,,,,,,"106 min"
23/06/2025,🏋️‍♂️,"Squat · Barbell",,,,,,""
23/06/2025,🔹,"Squat · Barbell",1,60,kg,10,rep,""
23/06/2025,🔹,"Squat · Barbell",2,70,kg,10,rep,""
23/06/2025,🔹,"Squat · Barbell",3,70,kg,10,rep,""
23/06/2025,🔹,"Squat · Barbell",4,70,kg,10,rep,""
23/06/2025,🏋️‍♂️,"Smith Machine Bulgarian Split Squat",,,,,,""
23/06/2025,🔹,"Smith Machine Bulgarian Split Squat",1,60,kg,10,rep,""
23/06/2025,🔹,"Smith Machine Bulgarian Split Squat",2,65,kg,9,rep,""
23/06/2025,🔹,"Smith Machine Bulgarian Split Squat",3,70,kg,7,rep,""
23/06/2025,🏋️‍♂️,"Calf Press · Machine",,,,,,""
23/06/2025,🔹,"Calf Press · Machine",1,350,kg,15,rep,""
23/06/2025,🔹,"Calf Press · Machine",2,350,kg,15,rep,""
23/06/2025,🔹,"Calf Press · Machine",3,350,kg,15,rep,""
23/06/2025,🏋️‍♂️,"Preacher Curl · Barbell",,,,,,"fatte bene però porcodio"
23/06/2025,🔹,"Preacher Curl · Barbell",1,24,kg,15,rep,""
23/06/2025,🔹,"Preacher Curl · Barbell",2,24,kg,12,rep,""
23/06/2025,🔹,"Preacher Curl · Barbell",3,24,kg,9,rep,""
23/06/2025,🏋️‍♂️,"Dumbell preacher hammer curl",,,,,,""
23/06/2025,🔹,"Dumbell preacher hammer curl",1,10,kg,13,rep,""
23/06/2025,🔹,"Dumbell preacher hammer curl",2,10,kg,13,rep,""
23/06/2025,🔹,"Dumbell preacher hammer curl",3,10,kg,13,rep,""
23/06/2025,🏋️‍♂️,"VAF Ruckeninsulator",,,,,,""
23/06/2025,🔹,"VAF Ruckeninsulator",1,13,kg,9,rep,""
23/06/2025,🔹,"VAF Ruckeninsulator",2,13,kg,9,rep,""
23/06/2025,🔹,"VAF Ruckeninsulator",3,12,kg,13,rep,""
23/06/2025,🔹,"VAF Ruckeninsulator",4,13,kg,9,rep,""
23/06/2025,🏋️‍♂️🔗,"Cable Raise (Freie)",,,,,,""
23/06/2025,🔹,"Cable Raise (Freie)",1,70,kg,10,rep,""
23/06/2025,🔹,"Cable Raise (Freie)",2,70,kg,10,rep,""
23/06/2025,🔹,"Cable Raise (Freie)",3,70,kg,10,rep,""
23/06/2025,🔹,"Cable Raise (Freie)",4,70,kg,6,rep,""
23/06/2025,🏋️‍♂️,"Tricep press",,,,,,""
23/06/2025,🔹,"Tricep press",1,110,lb,13,rep,""
23/06/2025,🔹,"Tricep press",2,120,lb,9,rep,""
23/06/2025,🔹,"Tricep press",3,125,lb,6,rep,""
23/06/2025,🔹,"Tricep press",4,125,lb,7,rep,""
26/06/2025,📅,,,,,,,"92 min"
26/06/2025,🏋️‍♂️,"Lat Pull Down · Cable",,,,,,""
26/06/2025,🔹,"Lat Pull Down · Cable",1,61,kg,10,rep,""
26/06/2025,🔹,"Lat Pull Down · Cable",2,61,kg,9,rep,""
26/06/2025,🔹,"Lat Pull Down · Cable",3,61,kg,9,rep,""
26/06/2025,🔹,"Lat Pull Down · Cable",4,61,kg,9,rep,""
26/06/2025,🏋️‍♂️,"Seated Row · Cable",,,,,,""
26/06/2025,🔹,"Seated Row · Cable",1,54.5,kg,10,rep,""
26/06/2025,🔹,"Seated Row · Cable",2,54.5,kg,10,rep,""
26/06/2025,🔹,"Seated Row · Cable",3,54.5,kg,10,rep,""
26/06/2025,🏋️‍♂️,"Tricep Extension · Cable",,,,,,""
26/06/2025,🔹,"Tricep Extension · Cable",1,47.5,lb,9,rep,""
26/06/2025,🔹,"Tricep Extension · Cable",2,47.5,lb,9,rep,""
26/06/2025,🔹,"Tricep Extension · Cable",3,47.5,lb,6,rep,""
26/06/2025,🔹,"Tricep Extension · Cable",4,47.5,lb,9,rep,""
26/06/2025,🏋️‍♂️,"Skull crusher",,,,,,""
26/06/2025,🔹,"Skull crusher",1,19,kg,9,rep,""
26/06/2025,🔹,"Skull crusher",2,19,kg,15,rep,""
26/06/2025,🔹,"Skull crusher",3,19,kg,15,rep,""
26/06/2025,🏋️‍♂️,"Leg Extension · Machine",,,,,,""
26/06/2025,🔹,"Leg Extension · Machine",1,170,kg,10,rep,""
26/06/2025,🔹,"Leg Extension · Machine",2,170,kg,10,rep,""
26/06/2025,🔹,"Leg Extension · Machine",3,170,kg,10,rep,""
26/06/2025,🏋️‍♂️🔗,"Leg Curl · Machine",,,,,,""
26/06/2025,🔹,"Leg Curl · Machine",1,120,lb,10,rep,""
26/06/2025,🔹,"Leg Curl · Machine",2,120,lb,10,rep,""
26/06/2025,🔹,"Leg Curl · Machine",3,120,lb,10,rep,""
26/06/2025,🏋️‍♂️,"Calf Press · Machine",,,,,,""
26/06/2025,🔹,"Calf Press · Machine",1,350,kg,16,rep,""
26/06/2025,🔹,"Calf Press · Machine",2,350,kg,13,rep,""
26/06/2025,🏋️‍♂️,"Bench Press · Barbell",,,,,,""
26/06/2025,🔹,"Bench Press · Barbell",1,60,kg,7,rep,""
26/06/2025,🔹,"Bench Press · Barbell",2,65,kg,7,rep,""
26/06/2025,🔹,"Bench Press · Barbell",3,70,kg,7,rep,""
26/06/2025,🏋️‍♂️,"Seated Overhead Press · Dumbbell",,,,,,""
26/06/2025,🔹,"Seated Overhead Press · Dumbbell",1,30,kg,15,rep,""
26/06/2025,🔹,"Seated Overhead Press · Dumbbell",2,35,kg,10,rep,""
26/06/2025,🔹,"Seated Overhead Press · Dumbbell",3,30,kg,13,rep,""
26/06/2025,🏋️‍♂️🔗,"Hammer Curl · Dumbbell",,,,,,""
26/06/2025,🔹,"Hammer Curl · Dumbbell",1,10,kg,15,rep,""
26/06/2025,🔹,"Hammer Curl · Dumbbell",2,12.5,kg,6,rep,""
26/06/2025,🔹,"Hammer Curl · Dumbbell",3,10,kg,13,rep,""
28/06/2025,📅,,,,,,,"104 min"
28/06/2025,🏋️‍♂️,"Bench Press · Barbell",,,,,,""
28/06/2025,🔹,"Bench Press · Barbell",1,60,kg,9,rep,""
28/06/2025,🔹,"Bench Press · Barbell",2,65,kg,8,rep,""
28/06/2025,🔹,"Bench Press · Barbell",3,70,kg,4,rep,""
28/06/2025,🔹,"Bench Press · Barbell",4,60,kg,10,rep,""
28/06/2025,🏋️‍♂️,"Incline Bench Press · Barbell",,,,,,""
28/06/2025,🔹,"Incline Bench Press · Barbell",1,53,kg,9,rep,""
28/06/2025,🔹,"Incline Bench Press · Barbell",2,53,kg,7,rep,""
28/06/2025,🔹,"Incline Bench Press · Barbell",3,53,kg,5,rep,""
28/06/2025,🏋️‍♂️,"Pec Deck · Machine",,,,,,""
28/06/2025,🔹,"Pec Deck · Machine",1,140,lb,7,rep,""
28/06/2025,🔹,"Pec Deck · Machine",2,140,lb,9,rep,""
28/06/2025,🔹,"Pec Deck · Machine",3,130,lb,6,rep,""
28/06/2025,🏋️‍♂️🔗,"Rear Delt",,,,,,""
28/06/2025,🔹,"Rear Delt",1,110,lb,12,rep,""
28/06/2025,🔹,"Rear Delt",2,120,lb,8,rep,""
28/06/2025,🔹,"Rear Delt",3,120,lb,6,rep,""
28/06/2025,🏋️‍♂️,"Cable Raise (Adjutable Cable)",,,,,,""
28/06/2025,🔹,"Cable Raise (Adjutable Cable)",1,15,kg,6,rep,""
28/06/2025,🔹,"Cable Raise (Adjutable Cable)",2,15,kg,6,rep,""
28/06/2025,🔹,"Cable Raise (Adjutable Cable)",3,15,kg,5,rep,""
28/06/2025,🔹,"Cable Raise (Adjutable Cable)",4,15,kg,6,rep,""
28/06/2025,🏋️‍♂️🔗,"Cable Raise (Adjutable Cable)",,,,,,""
28/06/2025,🔹,"Cable Raise (Adjutable Cable)",1,10,kg,8,rep,""
28/06/2025,🔹,"Cable Raise (Adjutable Cable)",2,10,kg,8,rep,""
28/06/2025,🔹,"Cable Raise (Adjutable Cable)",3,10,kg,5,rep,""
28/06/2025,🔹,"Cable Raise (Adjutable Cable)",4,10,kg,0,rep,""
28/06/2025,🏋️‍♂️,"Calf Press · Machine",,,,,,""
28/06/2025,🔹,"Calf Press · Machine",1,330,kg,10,rep,""
28/06/2025,🔹,"Calf Press · Machine",2,350,kg,14,rep,""
28/06/2025,🏋️‍♂️,"Tricep Extension · Cable",,,,,,""
28/06/2025,🔹,"Tricep Extension · Cable",1,47.5,lb,12,rep,""
28/06/2025,🔹,"Tricep Extension · Cable",2,47.5,lb,12,rep,""
28/06/2025,🔹,"Tricep Extension · Cable",3,47.5,lb,12,rep,""
28/06/2025,🔹,"Tricep Extension · Cable",4,47.5,lb,12,rep,""
28/06/2025,🏋️‍♂️🔗,"Curl · Cable",,,,,,""
28/06/2025,🔹,"Curl · Cable",1,47.5,lb,11,rep,""
28/06/2025,🔹,"Curl · Cable",2,47.5,lb,11,rep,""
28/06/2025,🔹,"Curl · Cable",3,47.5,lb,11,rep,""
28/06/2025,🔹,"Curl · Cable",4,47.5,lb,9,rep,""
28/06/2025,🏋️‍♂️,"Romanian Deadlift · Barbell",,,,,,""
28/06/2025,🔹,"Romanian Deadlift · Barbell",1,60,kg,12,rep,""
28/06/2025,🔹,"Romanian Deadlift · Barbell",2,70,kg,9,rep,""
28/06/2025,🔹,"Romanian Deadlift · Barbell",3,70,kg,9,rep,""
28/06/2025,🔹,"Romanian Deadlift · Barbell",4,60,kg,12,rep,""
30/06/2025,📅,,,,,,,"106 min"
30/06/2025,🏋️‍♂️,"Squat · Barbell",,,,,,""
30/06/2025,🔹,"Squat · Barbell",1,60,kg,10,rep,""
30/06/2025,🔹,"Squat · Barbell",2,70,kg,9,rep,""
30/06/2025,🔹,"Squat · Barbell",3,70,kg,9,rep,""
30/06/2025,🔹,"Squat · Barbell",4,70,kg,9,rep,""
30/06/2025,🏋️‍♂️,"Smith Machine Bulgarian Split Squat",,,,,,""
30/06/2025,🔹,"Smith Machine Bulgarian Split Squat",1,60,kg,9,rep,""
30/06/2025,🔹,"Smith Machine Bulgarian Split Squat",2,70,kg,6,rep,""
30/06/2025,🏋️‍♂️,"Calf Press · Machine",,,,,,""
30/06/2025,🔹,"Calf Press · Machine",1,330,kg,15,rep,""
30/06/2025,🔹,"Calf Press · Machine",2,350,kg,10,rep,""
30/06/2025,🔹,"Calf Press · Machine",3,330,kg,10,rep,""
30/06/2025,🏋️‍♂️,"Preacher Curl · Barbell",,,,,,""
30/06/2025,🔹,"Preacher Curl · Barbell",1,24,kg,15,rep,""
30/06/2025,🔹,"Preacher Curl · Barbell",2,24,kg,14,rep,""
30/06/2025,🔹,"Preacher Curl · Barbell",3,24,kg,9,rep,""
30/06/2025,🏋️‍♂️,"Dumbell preacher hammer curl",,,,,,""
30/06/2025,🔹,"Dumbell preacher hammer curl",1,12.5,kg,7,rep,""
30/06/2025,🔹,"Dumbell preacher hammer curl",2,12.5,kg,6,rep,""
30/06/2025,🔹,"Dumbell preacher hammer curl",3,10,kg,11,rep,""
30/06/2025,🏋️‍♂️,"Pull Up",,,,,,""
30/06/2025,🔹,"Pull Up",1,0,kg,7,rep,""
30/06/2025,🔹,"Pull Up",2,0,kg,6,rep,""
30/06/2025,🔹,"Pull Up",3,0,kg,6,rep,""
30/06/2025,🔹,"Pull Up",4,0,kg,6,rep,""
30/06/2025,🏋️‍♂️🔗,"Cable Raise (Kabelzug)",,,,,,""
30/06/2025,🔹,"Cable Raise (Kabelzug)",1,3,kg,10,rep,""
30/06/2025,🔹,"Cable Raise (Kabelzug)",2,3,kg,10,rep,""
30/06/2025,🔹,"Cable Raise (Kabelzug)",3,3,kg,10,rep,""
30/06/2025,🔹,"Cable Raise (Kabelzug)",4,3,kg,12,rep,""
30/06/2025,🏋️‍♂️,"Tricep Dip",,,,,,""
30/06/2025,🔹,"Tricep Dip",1,0,kg,10,rep,""
30/06/2025,🔹,"Tricep Dip",2,10,kg,12,rep,""
30/06/2025,🔹,"Tricep Dip",3,15,kg,8,rep,""
30/06/2025,🔹,"Tricep Dip",4,20,kg,6,rep,""
02/07/2025,📅,,,,,,,"133 min"
02/07/2025,🏋️‍♂️,"Lat Pull Down · Cable",,,,,,""
02/07/2025,🔹,"Lat Pull Down · Cable",1,54.5,kg,12,rep,""
02/07/2025,🔹,"Lat Pull Down · Cable",2,54.5,kg,12,rep,""
02/07/2025,🔹,"Lat Pull Down · Cable",3,61,kg,7,rep,""
02/07/2025,🔹,"Lat Pull Down · Cable",4,54.5,kg,11,rep,""
02/07/2025,🏋️‍♂️,"Seated Row · Cable",,,,,,""
02/07/2025,🔹,"Seated Row · Cable",1,47.5,kg,11,rep,""
02/07/2025,🔹,"Seated Row · Cable",2,47.5,kg,11,rep,""
02/07/2025,🔹,"Seated Row · Cable",3,54.5,kg,10,rep,""
02/07/2025,🏋️‍♂️,"Tricep Extension · Cable",,,,,,""
02/07/2025,🔹,"Tricep Extension · Cable",1,47.5,lb,12,rep,""
02/07/2025,🔹,"Tricep Extension · Cable",2,47.5,lb,12,rep,""
02/07/2025,🔹,"Tricep Extension · Cable",3,47.5,lb,12,rep,""
02/07/2025,🔹,"Tricep Extension · Cable",4,47.5,lb,12,rep,""
02/07/2025,🏋️‍♂️,"Skull crusher",,,,,,""
02/07/2025,🔹,"Skull crusher",1,19,kg,10,rep,""
02/07/2025,🔹,"Skull crusher",2,19,kg,10,rep,""
02/07/2025,🔹,"Skull crusher",3,19,kg,10,rep,""
02/07/2025,🏋️‍♂️,"Leg Extension · Machine",,,,,,""
02/07/2025,🔹,"Leg Extension · Machine",1,170,kg,9,rep,""
02/07/2025,🔹,"Leg Extension · Machine",2,170,kg,9,rep,""
02/07/2025,🔹,"Leg Extension · Machine",3,170,kg,9,rep,""
02/07/2025,🏋️‍♂️🔗,"Leg Curl · Machine",,,,,,""
02/07/2025,🔹,"Leg Curl · Machine",1,120,lb,9,rep,""
02/07/2025,🔹,"Leg Curl · Machine",2,120,lb,9,rep,""
02/07/2025,🔹,"Leg Curl · Machine",3,120,lb,9,rep,""
02/07/2025,🏋️‍♂️,"Calf Press · Machine",,,,,,""
02/07/2025,🔹,"Calf Press · Machine",1,310,kg,12,rep,""
02/07/2025,🔹,"Calf Press · Machine",2,350,kg,13,rep,""
02/07/2025,🏋️‍♂️,"Bench Press · Barbell",,,,,,""
02/07/2025,🔹,"Bench Press · Barbell",1,60,kg,9,rep,""
02/07/2025,🔹,"Bench Press · Barbell",2,60,kg,8,rep,""
02/07/2025,🔹,"Bench Press · Barbell",3,60,kg,7,rep,""
02/07/2025,🏋️‍♂️,"Seated Overhead Press · Dumbbell",,,,,,""
02/07/2025,🔹,"Seated Overhead Press · Dumbbell",1,30,kg,15,rep,""
02/07/2025,🔹,"Seated Overhead Press · Dumbbell",2,30,kg,10,rep,""
02/07/2025,🔹,"Seated Overhead Press · Dumbbell",3,30,kg,10,rep,""
02/07/2025,🏋️‍♂️🔗,"Hammer Curl · Dumbbell",,,,,,""
02/07/2025,🔹,"Hammer Curl · Dumbbell",1,10,kg,10,rep,""
02/07/2025,🔹,"Hammer Curl · Dumbbell",2,10,kg,10,rep,""
02/07/2025,🔹,"Hammer Curl · Dumbbell",3,10,kg,10,rep,""
05/07/2025,📅,,,,,,,"120 min"
05/07/2025,🏋️‍♂️,"Bench Press · Barbell",,,,,,""
05/07/2025,🔹,"Bench Press · Barbell",1,60,kg,9,rep,""
05/07/2025,🔹,"Bench Press · Barbell",2,65,kg,8,rep,""
05/07/2025,🔹,"Bench Press · Barbell",3,70,kg,5,rep,""
05/07/2025,🔹,"Bench Press · Barbell",4,60,kg,10,rep,""
05/07/2025,🏋️‍♂️,"Incline Bench Press · Barbell",,,,,,""
05/07/2025,🔹,"Incline Bench Press · Barbell",1,53,kg,8,rep,""
05/07/2025,🔹,"Incline Bench Press · Barbell",2,53,kg,8,rep,""
05/07/2025,🔹,"Incline Bench Press · Barbell",3,53,kg,5,rep,""
05/07/2025,🏋️‍♂️,"Pec Deck · Machine",,,,,,""
05/07/2025,🔹,"Pec Deck · Machine",1,140,lb,7,rep,""
05/07/2025,🔹,"Pec Deck · Machine",2,140,lb,7,rep,""
05/07/2025,🔹,"Pec Deck · Machine",3,130,lb,6,rep,""
05/07/2025,🏋️‍♂️🔗,"Rear Delt",,,,,,""
05/07/2025,🔹,"Rear Delt",1,110,lb,8,rep,""
05/07/2025,🔹,"Rear Delt",2,110,lb,8,rep,""
05/07/2025,🔹,"Rear Delt",3,120,lb,6,rep,""
05/07/2025,🏋️‍♂️,"Cable Raise (Adjutable Cable)",,,,,,""
05/07/2025,🔹,"Cable Raise (Adjutable Cable)",1,15,kg,7,rep,""
05/07/2025,🔹,"Cable Raise (Adjutable Cable)",2,15,kg,7,rep,""
05/07/2025,🔹,"Cable Raise (Adjutable Cable)",3,15,kg,7,rep,""
05/07/2025,🔹,"Cable Raise (Adjutable Cable)",4,15,kg,6,rep,""
05/07/2025,🏋️‍♂️🔗,"Cable Raise (Adjutable Cable)",,,,,,""
05/07/2025,🔹,"Cable Raise (Adjutable Cable)",1,10,kg,8,rep,""
05/07/2025,🔹,"Cable Raise (Adjutable Cable)",2,10,kg,8,rep,""
05/07/2025,🔹,"Cable Raise (Adjutable Cable)",3,10,kg,6,rep,""
05/07/2025,🔹,"Cable Raise (Adjutable Cable)",4,10,kg,0,rep,""
05/07/2025,🏋️‍♂️🔗,"Pull Up",,,,,,""
05/07/2025,🔹,"Pull Up",1,0,kg,7,rep,""
05/07/2025,🔹,"Pull Up",2,0,kg,6,rep,""
05/07/2025,🏋️‍♂️,"Calf Press · Machine",,,,,,""
05/07/2025,🔹,"Calf Press · Machine",1,350,kg,12,rep,""
05/07/2025,🔹,"Calf Press · Machine",2,350,kg,12,rep,""
05/07/2025,🏋️‍♂️,"Tricep Extension · Cable",,,,,,""
05/07/2025,🔹,"Tricep Extension · Cable",1,47.5,lb,12,rep,""
05/07/2025,🔹,"Tricep Extension · Cable",2,47.5,lb,10,rep,""
05/07/2025,🔹,"Tricep Extension · Cable",3,47.5,lb,11,rep,""
05/07/2025,🔹,"Tricep Extension · Cable",4,47.5,lb,12,rep,""
05/07/2025,🏋️‍♂️🔗,"Curl · Cable",,,,,,""
05/07/2025,🔹,"Curl · Cable",1,40,lb,10,rep,""
05/07/2025,🔹,"Curl · Cable",2,47.5,lb,10,rep,""
05/07/2025,🔹,"Curl · Cable",3,47.5,lb,10,rep,""
05/07/2025,🔹,"Curl · Cable",4,47.5,lb,9,rep,""
05/07/2025,🏋️‍♂️,"Romanian Deadlift · Barbell",,,,,,""
05/07/2025,🔹,"Romanian Deadlift · Barbell",1,60,kg,8,rep,""
05/07/2025,🔹,"Romanian Deadlift · Barbell",2,70,kg,9,rep,""
05/07/2025,🔹,"Romanian Deadlift · Barbell",3,70,kg,9,rep,""
12/07/2025,📅,,,,,,,"108 min"
12/07/2025,🏋️‍♂️,"Squat · Barbell",,,,,,""
12/07/2025,🔹,"Squat · Barbell",1,60,kg,10,rep,""
12/07/2025,🔹,"Squat · Barbell",2,70,kg,8,rep,""
12/07/2025,🔹,"Squat · Barbell",3,80,kg,3,rep,""
12/07/2025,🔹,"Squat · Barbell",4,60,kg,9,rep,""
12/07/2025,🏋️‍♂️,"Bench Press · Barbell",,,,,,""
12/07/2025,🔹,"Bench Press · Barbell",1,60,kg,10,rep,""
12/07/2025,🔹,"Bench Press · Barbell",2,65,kg,6,rep,""
12/07/2025,🔹,"Bench Press · Barbell",3,65,kg,7,rep,""
12/07/2025,🔹,"Bench Press · Barbell",4,60,kg,9,rep,""
12/07/2025,🏋️‍♂️,"Lat Pull Down · Cable",,,,,,""
12/07/2025,🔹,"Lat Pull Down · Cable",1,54.5,kg,12,rep,""
12/07/2025,🔹,"Lat Pull Down · Cable",2,54.5,kg,12,rep,""
12/07/2025,🔹,"Lat Pull Down · Cable",3,61,kg,7,rep,""
12/07/2025,🏋️‍♂️,"Tricep Extension · Cable",,,,,,""
12/07/2025,🔹,"Tricep Extension · Cable",1,47.5,lb,12,rep,""
12/07/2025,🔹,"Tricep Extension · Cable",2,47.5,lb,10,rep,""
12/07/2025,🔹,"Tricep Extension · Cable",3,47.5,lb,11,rep,""
12/07/2025,🏋️‍♂️,"Cable Raise (Adjutable Cable)",,,,,,""
12/07/2025,🔹,"Cable Raise (Adjutable Cable)",1,10,kg,12,rep,""
12/07/2025,🔹,"Cable Raise (Adjutable Cable)",2,10,kg,15,rep,""
12/07/2025,🔹,"Cable Raise (Adjutable Cable)",3,15,kg,6,rep,""
12/07/2025,🏋️‍♂️,"Preacher Curl · Barbell",,,,,,""
12/07/2025,🔹,"Preacher Curl · Barbell",1,24,kg,12,rep,""
12/07/2025,🔹,"Preacher Curl · Barbell",2,24,kg,12,rep,""
12/07/2025,🔹,"Preacher Curl · Barbell",3,24,kg,12,rep,""
12/07/2025,🏋️‍♂️,"Calf Press · Machine",,,,,,""
12/07/2025,🔹,"Calf Press · Machine",1,310,kg,12,rep,""
12/07/2025,🔹,"Calf Press · Machine",2,310,kg,12,rep,""
14/07/2025,📅,,,,,,,"93 min"
14/07/2025,🏋️‍♂️,"Squat · Barbell",,,,,,""
14/07/2025,🔹,"Squat · Barbell",1,60,kg,9,rep,""
14/07/2025,🔹,"Squat · Barbell",2,65,kg,7,rep,""
14/07/2025,🔹,"Squat · Barbell",3,70,kg,5,rep,""
14/07/2025,🔹,"Squat · Barbell",4,60,kg,12,rep,""
14/07/2025,🏋️‍♂️,"Pec Deck · Machine",,,,,,""
14/07/2025,🔹,"Pec Deck · Machine",1,130,lb,11,rep,""
14/07/2025,🔹,"Pec Deck · Machine",2,130,lb,10,rep,""
14/07/2025,🔹,"Pec Deck · Machine",3,130,lb,9,rep,""
14/07/2025,🏋️‍♂️,"Lat Pull Down · Cable",,,,,,""
14/07/2025,🔹,"Lat Pull Down · Cable",1,54.5,kg,9,rep,""
14/07/2025,🔹,"Lat Pull Down · Cable",2,54.5,kg,9,rep,""
14/07/2025,🔹,"Lat Pull Down · Cable",3,54.5,kg,9,rep,""
14/07/2025,🏋️‍♂️,"Calf Press · Machine",,,,,,""
14/07/2025,🔹,"Calf Press · Machine",1,310,kg,15,rep,""
14/07/2025,🔹,"Calf Press · Machine",2,310,kg,13,rep,""
14/07/2025,🔹,"Calf Press · Machine",3,310,kg,11,rep,""
14/07/2025,🏋️‍♂️,"Leg Curl · Machine",,,,,,""
14/07/2025,🔹,"Leg Curl · Machine",1,110,lb,12,rep,""
14/07/2025,🔹,"Leg Curl · Machine",2,110,lb,11,rep,""
14/07/2025,🏋️‍♂️,"Cable Raise (Adjutable Cable)",,,,,,""
14/07/2025,🔹,"Cable Raise (Adjutable Cable)",1,10,kg,15,rep,""
14/07/2025,🔹,"Cable Raise (Adjutable Cable)",2,15,kg,8,rep,""
14/07/2025,🔹,"Cable Raise (Adjutable Cable)",3,15,kg,8,rep,""
14/07/2025,🏋️‍♂️,"Tricep Extension · Cable",,,,,,""
14/07/2025,🔹,"Tricep Extension · Cable",1,47.5,lb,12,rep,""
14/07/2025,🔹,"Tricep Extension · Cable",2,47.5,lb,12,rep,""
14/07/2025,🔹,"Tricep Extension · Cable",3,47.5,lb,12,rep,""
14/07/2025,🏋️‍♂️,"Dumbell preacher hammer curl",,,,,,""
14/07/2025,🔹,"Dumbell preacher hammer curl",1,10,kg,12,rep,""
14/07/2025,🔹,"Dumbell preacher hammer curl",2,10,kg,16,rep,""
14/07/2025,🔹,"Dumbell preacher hammer curl",3,12.5,kg,6,rep,""
16/07/2025,📅,,,,,,,"98 min"
16/07/2025,🏋️‍♂️,"Bench Press · Barbell",,,,,,""
16/07/2025,🔹,"Bench Press · Barbell",1,60,kg,10,rep,""
16/07/2025,🔹,"Bench Press · Barbell",2,65,kg,7,rep,""
16/07/2025,🔹,"Bench Press · Barbell",3,70,kg,4,rep,""
16/07/2025,🔹,"Bench Press · Barbell",4,60,kg,7,rep,""
16/07/2025,🏋️‍♂️,"Calf Press · Machine",,,,,,""
16/07/2025,🔹,"Calf Press · Machine",1,310,kg,20,rep,""
16/07/2025,🔹,"Calf Press · Machine",2,310,kg,20,rep,""
16/07/2025,🏋️‍♂️,"Assisted Pull Up",,,,,,""
16/07/2025,🔹,"Assisted Pull Up",1,0,kg,10,rep,""
16/07/2025,🔹,"Assisted Pull Up",2,5,kg,10,rep,""
16/07/2025,🔹,"Assisted Pull Up",3,4,kg,9,rep,""
16/07/2025,🏋️‍♂️,"Squat · Smith Machine",,,,,,""
16/07/2025,🔹,"Squat · Smith Machine",1,60,kg,9,rep,""
16/07/2025,🔹,"Squat · Smith Machine",2,80,kg,9,rep,""
16/07/2025,🔹,"Squat · Smith Machine",3,80,kg,9,rep,""
16/07/2025,🏋️‍♂️,"Incline Bench Press · Barbell",,,,,,""
16/07/2025,🔹,"Incline Bench Press · Barbell",1,53,kg,6,rep,""
16/07/2025,🔹,"Incline Bench Press · Barbell",2,53,kg,6,rep,""
16/07/2025,🔹,"Incline Bench Press · Barbell",3,53,kg,6,rep,""
16/07/2025,🏋️‍♂️,"Rear Delt",,,,,,""
16/07/2025,🔹,"Rear Delt",1,90,lb,9,rep,""
16/07/2025,🔹,"Rear Delt",2,90,lb,9,rep,""
16/07/2025,🔹,"Rear Delt",3,90,lb,6,rep,""
16/07/2025,🏋️‍♂️,"Skull crusher",,,,,,""
16/07/2025,🔹,"Skull crusher",1,19,kg,10,rep,""
16/07/2025,🔹,"Skull crusher",2,19,kg,10,rep,""
16/07/2025,🔹,"Skull crusher",3,19,kg,10,rep,""
16/07/2025,🏋️‍♂️,"Standing Reverse Curl",,,,,,""
16/07/2025,🔹,"Standing Reverse Curl",1,15,kg,15,rep,""
16/07/2025,🔹,"Standing Reverse Curl",2,15,kg,11,rep,""
16/07/2025,🔹,"Standing Reverse Curl",3,0,kg,0,rep,""
19/07/2025,📅,,,,,,,"118 min"
19/07/2025,🏋️‍♂️,"Lat Pull Down · Cable",,,,,,""
19/07/2025,🔹,"Lat Pull Down · Cable",1,54.5,kg,10,rep,""
19/07/2025,🔹,"Lat Pull Down · Cable",2,54.5,kg,11,rep,""
19/07/2025,🔹,"Lat Pull Down · Cable",3,54.5,kg,12,rep,""
19/07/2025,🏋️‍♂️,"Calf Press · Machine",,,,,,""
19/07/2025,🔹,"Calf Press · Machine",1,310,kg,20,rep,""
19/07/2025,🔹,"Calf Press · Machine",2,330,kg,15,rep,""
19/07/2025,🏋️‍♂️,"Bench Press · Barbell",,,,,,""
19/07/2025,🔹,"Bench Press · Barbell",1,60,kg,10,rep,""
19/07/2025,🔹,"Bench Press · Barbell",2,65,kg,8,rep,""
19/07/2025,🔹,"Bench Press · Barbell",3,70,kg,4,rep,""
19/07/2025,🏋️‍♂️,"Seated Row · Cable",,,,,,""
19/07/2025,🔹,"Seated Row · Cable",1,47.5,kg,9,rep,""
19/07/2025,🔹,"Seated Row · Cable",2,47.5,kg,9,rep,""
19/07/2025,🔹,"Seated Row · Cable",3,47.5,kg,9,rep,""
19/07/2025,🏋️‍♂️,"Leg Extension · Machine",,,,,,""
19/07/2025,🔹,"Leg Extension · Machine",1,110,kg,12,rep,""
19/07/2025,🔹,"Leg Extension · Machine",2,130,kg,15,rep,""
19/07/2025,🔹,"Leg Extension · Machine",3,150,kg,12,rep,""
19/07/2025,🏋️‍♂️,"Leg Curl · Machine",,,,,,""
19/07/2025,🔹,"Leg Curl · Machine",1,110,lb,12,rep,""
19/07/2025,🔹,"Leg Curl · Machine",2,110,lb,9,rep,""
19/07/2025,🔹,"Leg Curl · Machine",3,110,lb,10,rep,""
19/07/2025,🏋️‍♂️,"Assisted Pull Up",,,,,,""
19/07/2025,🔹,"Assisted Pull Up",1,0,kg,10,rep,""
19/07/2025,🔹,"Assisted Pull Up",2,0,kg,8,rep,""
19/07/2025,🔹,"Assisted Pull Up",3,4,kg,8,rep,""
19/07/2025,🔹,"Assisted Pull Up",4,4,kg,8,rep,""
19/07/2025,🏋️‍♂️,"Preacher Curl · Barbell",,,,,,""
19/07/2025,🔹,"Preacher Curl · Barbell",1,19,kg,15,rep,""
19/07/2025,🔹,"Preacher Curl · Barbell",2,24,kg,12,rep,""
19/07/2025,🔹,"Preacher Curl · Barbell",3,24,kg,9,rep,""
19/07/2025,🏋️‍♂️,"Standing Cable Triceps extension",,,,,,""
19/07/2025,🔹,"Standing Cable Triceps extension",1,32.5,lb,9,rep,""
19/07/2025,🔹,"Standing Cable Triceps extension",2,32.5,lb,12,rep,""
19/07/2025,🔹,"Standing Cable Triceps extension",3,32.5,lb,11,rep,""
19/07/2025,🏋️‍♂️,"Overhead Press · Barbell",,,,,,""
19/07/2025,🔹,"Overhead Press · Barbell",1,40,kg,4,rep,""
19/07/2025,🔹,"Overhead Press · Barbell",2,30,kg,10,rep,""
19/07/2025,🔹,"Overhead Press · Barbell",3,30,kg,10,rep,""
21/07/2025,📅,,,,,,,"105 min"
21/07/2025,🏋️‍♂️,"Squat · Barbell",,,,,,""
21/07/2025,🔹,"Squat · Barbell",1,60,kg,10,rep,""
21/07/2025,🔹,"Squat · Barbell",2,65,kg,9,rep,""
21/07/2025,🔹,"Squat · Barbell",3,70,kg,6,rep,""
21/07/2025,🔹,"Squat · Barbell",4,80,kg,3,rep,""
21/07/2025,🏋️‍♂️,"Pec Deck · Machine",,,,,,""
21/07/2025,🔹,"Pec Deck · Machine",1,130,lb,12,rep,""
21/07/2025,🔹,"Pec Deck · Machine",2,130,lb,9,rep,""
21/07/2025,🔹,"Pec Deck · Machine",3,130,lb,8,rep,""
21/07/2025,🏋️‍♂️,"Lat Pull Down · Cable",,,,,,""
21/07/2025,🔹,"Lat Pull Down · Cable",1,54.5,kg,12,rep,""
21/07/2025,🔹,"Lat Pull Down · Cable",2,54.5,kg,9,rep,""
21/07/2025,🔹,"Lat Pull Down · Cable",3,54.5,kg,9,rep,""
21/07/2025,🏋️‍♂️,"Calf Press · Machine",,,,,,""
21/07/2025,🔹,"Calf Press · Machine",1,330,kg,15,rep,""
21/07/2025,🔹,"Calf Press · Machine",2,330,kg,15,rep,""
21/07/2025,🔹,"Calf Press · Machine",3,330,kg,15,rep,""
21/07/2025,🏋️‍♂️,"Leg Curl · Machine",,,,,,""
21/07/2025,🔹,"Leg Curl · Machine",1,110,lb,12,rep,""
21/07/2025,🔹,"Leg Curl · Machine",2,110,lb,11,rep,""
21/07/2025,🏋️‍♂️,"Overhead Press · Barbell",,,,,,""
21/07/2025,🔹,"Overhead Press · Barbell",1,30,kg,9,rep,""
21/07/2025,🔹,"Overhead Press · Barbell",2,30,kg,7,rep,""
21/07/2025,🔹,"Overhead Press · Barbell",3,30,kg,6,rep,""
21/07/2025,🏋️‍♂️,"Tricep Extension · Cable",,,,,,""
21/07/2025,🔹,"Tricep Extension · Cable",1,47.5,lb,13,rep,""
21/07/2025,🔹,"Tricep Extension · Cable",2,47.5,lb,13,rep,""
21/07/2025,🔹,"Tricep Extension · Cable",3,47.5,lb,12,rep,""
21/07/2025,🏋️‍♂️,"Dumbell preacher hammer curl",,,,,,""
21/07/2025,🔹,"Dumbell preacher hammer curl",1,10,kg,15,rep,""
21/07/2025,🔹,"Dumbell preacher hammer curl",2,10,kg,15,rep,""
21/07/2025,🔹,"Dumbell preacher hammer curl",3,12.5,kg,7,rep,""
04/08/2025,📅,,,,,,,"106 min"
04/08/2025,🏋️‍♂️,"Bench Press · Barbell",,,,,,""
04/08/2025,🔹,"Bench Press · Barbell",1,60,kg,9,rep,""
04/08/2025,🔹,"Bench Press · Barbell",2,65,kg,6,rep,""
04/08/2025,🔹,"Bench Press · Barbell",3,70,kg,3,rep,""
04/08/2025,🔹,"Bench Press · Barbell",4,60,kg,9,rep,""
04/08/2025,🏋️‍♂️,"Calf Press · Machine",,,,,,""
04/08/2025,🔹,"Calf Press · Machine",1,330,kg,20,rep,""
04/08/2025,🔹,"Calf Press · Machine",2,330,kg,20,rep,""
04/08/2025,🏋️‍♂️,"Assisted Pull Up",,,,,,""
04/08/2025,🔹,"Assisted Pull Up",1,0,kg,9,rep,""
04/08/2025,🔹,"Assisted Pull Up",2,0,kg,9,rep,""
04/08/2025,🔹,"Assisted Pull Up",3,4,kg,9,rep,""
04/08/2025,🏋️‍♂️,"Squat · Smith Machine",,,,,,""
04/08/2025,🔹,"Squat · Smith Machine",1,60,kg,9,rep,""
04/08/2025,🔹,"Squat · Smith Machine",2,60,kg,9,rep,""
04/08/2025,🔹,"Squat · Smith Machine",3,60,kg,9,rep,""
04/08/2025,🏋️‍♂️,"Incline Bench Press · Barbell",,,,,,""
04/08/2025,🔹,"Incline Bench Press · Barbell",1,53,kg,6,rep,""
04/08/2025,🔹,"Incline Bench Press · Barbell",2,53,kg,6,rep,""
04/08/2025,🔹,"Incline Bench Press · Barbell",3,53,kg,6,rep,""
04/08/2025,🏋️‍♂️,"Rear Delt",,,,,,""
04/08/2025,🔹,"Rear Delt",1,90,lb,10,rep,""
04/08/2025,🔹,"Rear Delt",2,90,lb,10,rep,""
04/08/2025,🔹,"Rear Delt",3,90,lb,10,rep,""
04/08/2025,🏋️‍♂️,"Skull crusher",,,,,,""
04/08/2025,🔹,"Skull crusher",1,19,kg,10,rep,""
04/08/2025,🔹,"Skull crusher",2,19,kg,10,rep,""
04/08/2025,🔹,"Skull crusher",3,19,kg,10,rep,""
04/08/2025,🏋️‍♂️,"Standing Reverse Curl",,,,,,""
04/08/2025,🔹,"Standing Reverse Curl",1,15,kg,15,rep,""
04/08/2025,🔹,"Standing Reverse Curl",2,15,kg,13,rep,""
04/08/2025,🔹,"Standing Reverse Curl",3,15,kg,0,rep,""
09/08/2025,📅,,,,,,,"99 min | Upper 2"
09/08/2025,🏋️‍♂️,"Squat · Barbell",,,,,,""
09/08/2025,🔹,"Squat · Barbell",1,60,kg,12,rep,""
09/08/2025,🔹,"Squat · Barbell",2,70,kg,10,rep,""
09/08/2025,🏋️‍♂️,"Lunge · Barbell",,,,,,""
09/08/2025,🔹,"Lunge · Barbell",1,40,kg,3,rep,""
09/08/2025,🔹,"Lunge · Barbell",2,40,kg,6,rep,""
09/08/2025,🏋️‍♂️,"Leg Press · Machine",,,,,,""
09/08/2025,🔹,"Leg Press · Machine",1,190,lb,15,rep,""
09/08/2025,🔹,"Leg Press · Machine",2,200,lb,15,rep,""
09/08/2025,🏋️‍♂️,"Calf Press · Machine",,,,,,""
09/08/2025,🔹,"Calf Press · Machine",1,330,kg,12,rep,""
09/08/2025,🔹,"Calf Press · Machine",2,330,kg,20,rep,""
09/08/2025,🏋️‍♂️,"Bent Over Row · Barbell",,,,,,""
09/08/2025,🔹,"Bent Over Row · Barbell",1,40,kg,10,rep,""
09/08/2025,🔹,"Bent Over Row · Barbell",2,50,kg,8,rep,""
09/08/2025,🏋️‍♂️,"Single Arm Bent Over Row · Dumbbell",,,,,,""
09/08/2025,🔹,"Single Arm Bent Over Row · Dumbbell",1,15,kg,12,rep,""
09/08/2025,🔹,"Single Arm Bent Over Row · Dumbbell",2,17.5,kg,12,rep,""
09/08/2025,🏋️‍♂️,"Overhead Press · Barbell",,,,,,""
09/08/2025,🔹,"Overhead Press · Barbell",1,30,kg,9,rep,""
09/08/2025,🔹,"Overhead Press · Barbell",2,30,kg,8,rep,""
09/08/2025,🏋️‍♂️,"Skull crusher",,,,,,""
09/08/2025,🔹,"Skull crusher",1,19,kg,10,rep,""
09/08/2025,🔹,"Skull crusher",2,19,kg,10,rep,""
09/08/2025,🏋️‍♂️,"Incline Curl · Dumbbell",,,,,,""
09/08/2025,🔹,"Incline Curl · Dumbbell",1,10,kg,12,rep,""
09/08/2025,🔹,"Incline Curl · Dumbbell",2,10,kg,8,rep,""
09/08/2025,🔹,"Incline Curl · Dumbbell",3,0,kg,12,rep,""
09/08/2025,🏋️‍♂️,"Incline Bench Press · Dumbbell",,,,,,""
09/08/2025,🔹,"Incline Bench Press · Dumbbell",1,20,kg,8,rep,""
09/08/2025,🔹,"Incline Bench Press · Dumbbell",2,20,kg,8,rep,""
09/08/2025,🔹,"Incline Bench Press · Dumbbell",3,20,kg,8,rep,""
25/08/2025,📅,,,,,,,"110 min"
25/08/2025,🏋️‍♂️,"Squat · Barbell",,,,,,""
25/08/2025,🔹,"Squat · Barbell",1,60,kg,9,rep,""
25/08/2025,🔹,"Squat · Barbell",2,60,kg,9,rep,""
25/08/2025,🔹,"Squat · Barbell",3,60,kg,9,rep,""
25/08/2025,🔹,"Squat · Barbell",4,60,kg,9,rep,""
25/08/2025,🏋️‍♂️,"Pec Deck · Machine",,,,,,""
25/08/2025,🔹,"Pec Deck · Machine",1,110,lb,12,rep,""
25/08/2025,🔹,"Pec Deck · Machine",2,110,lb,12,rep,""
25/08/2025,🔹,"Pec Deck · Machine",3,110,lb,12,rep,""
25/08/2025,🏋️‍♂️,"Lat Pull Down · Cable",,,,,,""
25/08/2025,🔹,"Lat Pull Down · Cable",1,47.5,kg,9,rep,""
25/08/2025,🔹,"Lat Pull Down · Cable",2,47.5,kg,10,rep,""
25/08/2025,🔹,"Lat Pull Down · Cable",3,47.5,kg,11,rep,""
25/08/2025,🏋️‍♂️,"Calf Press · Machine",,,,,,""
25/08/2025,🔹,"Calf Press · Machine",1,330,kg,9,rep,""
25/08/2025,🔹,"Calf Press · Machine",2,310,kg,12,rep,""
25/08/2025,🔹,"Calf Press · Machine",3,310,kg,12,rep,""
25/08/2025,🏋️‍♂️,"Leg Curl · Machine",,,,,,""
25/08/2025,🔹,"Leg Curl · Machine",1,110,lb,12,rep,""
25/08/2025,🔹,"Leg Curl · Machine",2,110,lb,9,rep,""
25/08/2025,🏋️‍♂️,"Cable Raise (Adjutable Cable)",,,,,,""
25/08/2025,🔹,"Cable Raise (Adjutable Cable)",1,10,kg,15,rep,""
25/08/2025,🔹,"Cable Raise (Adjutable Cable)",2,10,kg,12,rep,""
25/08/2025,🔹,"Cable Raise (Adjutable Cable)",3,10,kg,12,rep,""
25/08/2025,🏋️‍♂️,"Tricep Extension · Cable",,,,,,""
25/08/2025,🔹,"Tricep Extension · Cable",1,47.5,lb,10,rep,""
25/08/2025,🔹,"Tricep Extension · Cable",2,47.5,lb,9,rep,""
25/08/2025,🔹,"Tricep Extension · Cable",3,47.5,lb,9,rep,""
25/08/2025,🏋️‍♂️,"Dumbell preacher hammer curl",,,,,,""
25/08/2025,🔹,"Dumbell preacher hammer curl",1,10,kg,15,rep,""
25/08/2025,🔹,"Dumbell preacher hammer curl",2,10,kg,15,rep,""
25/08/2025,🔹,"Dumbell preacher hammer curl",3,10,kg,15,rep,""
27/08/2025,📅,,,,,,,"111 min"
27/08/2025,🏋️‍♂️,"Bench Press · Barbell",,,,,,""
27/08/2025,🔹,"Bench Press · Barbell",1,50,kg,9,rep,""
27/08/2025,🔹,"Bench Press · Barbell",2,60,kg,6,rep,""
27/08/2025,🔹,"Bench Press · Barbell",3,65,kg,6,rep,""
27/08/2025,🔹,"Bench Press · Barbell",4,70,kg,3,rep,""
27/08/2025,🏋️‍♂️,"Calf Press · Machine",,,,,,""
27/08/2025,🔹,"Calf Press · Machine",1,310,kg,12,rep,""
27/08/2025,🔹,"Calf Press · Machine",2,310,kg,12,rep,""
27/08/2025,🏋️‍♂️,"Assisted Pull Up",,,,,,""
27/08/2025,🔹,"Assisted Pull Up",1,0,kg,10,rep,""
27/08/2025,🔹,"Assisted Pull Up",2,0,kg,10,rep,""
27/08/2025,🔹,"Assisted Pull Up",3,0,kg,7,rep,""
27/08/2025,🏋️‍♂️,"Leg Press · Machine",,,,,,""
27/08/2025,🔹,"Leg Press · Machine",1,230,lb,9,rep,""
27/08/2025,🔹,"Leg Press · Machine",2,230,lb,9,rep,""
27/08/2025,🔹,"Leg Press · Machine",3,230,lb,9,rep,""
27/08/2025,🏋️‍♂️,"Incline Bench Press · Dumbbell",,,,,,""
27/08/2025,🔹,"Incline Bench Press · Dumbbell",1,40,kg,9,rep,""
27/08/2025,🔹,"Incline Bench Press · Dumbbell",2,40,kg,12,rep,""
27/08/2025,🔹,"Incline Bench Press · Dumbbell",3,40,kg,12,rep,""
27/08/2025,🏋️‍♂️,"Rear Delt",,,,,,""
27/08/2025,🔹,"Rear Delt",1,90,lb,9,rep,""
27/08/2025,🔹,"Rear Delt",2,90,lb,9,rep,""
27/08/2025,🔹,"Rear Delt",3,90,lb,6,rep,""
27/08/2025,🏋️‍♂️,"Skull crusher",,,,,,""
27/08/2025,🔹,"Skull crusher",1,19,kg,10,rep,""
27/08/2025,🔹,"Skull crusher",2,19,kg,12,rep,""
27/08/2025,🔹,"Skull crusher",3,19,kg,9,rep,""
27/08/2025,🏋️‍♂️,"Standing Reverse Curl",,,,,,""
27/08/2025,🔹,"Standing Reverse Curl",1,15,kg,15,rep,""
27/08/2025,🔹,"Standing Reverse Curl",2,15,kg,11,rep,""
27/08/2025,🔹,"Standing Reverse Curl",3,15,kg,0,rep,""
30/08/2025,📅,,,,,,,"78 min"
30/08/2025,🏋️‍♂️,"Lat Pull Down · Cable",,,,,,""
30/08/2025,🔹,"Lat Pull Down · Cable",1,54.5,kg,12,rep,""
30/08/2025,🔹,"Lat Pull Down · Cable",2,61,kg,8,rep,""
30/08/2025,🔹,"Lat Pull Down · Cable",3,68,kg,6,rep,""
30/08/2025,🏋️‍♂️,"Calf Press · Machine",,,,,,""
30/08/2025,🔹,"Calf Press · Machine",1,310,kg,15,rep,""
30/08/2025,🔹,"Calf Press · Machine",2,310,kg,15,rep,""
30/08/2025,🏋️‍♂️,"Bench Press · Dumbbell",,,,,,""
30/08/2025,🔹,"Bench Press · Dumbbell",1,40,kg,12,rep,""
30/08/2025,🔹,"Bench Press · Dumbbell",2,50,kg,6,rep,""
30/08/2025,🔹,"Bench Press · Dumbbell",3,50,kg,6,rep,""
30/08/2025,🔹,"Bench Press · Dumbbell",4,55,kg,8,rep,""
30/08/2025,🏋️‍♂️,"Bent Over Row · Barbell",,,,,,""
30/08/2025,🔹,"Bent Over Row · Barbell",1,47.5,kg,9,rep,""
30/08/2025,🔹,"Bent Over Row · Barbell",2,47.5,kg,9,rep,""
30/08/2025,🔹,"Bent Over Row · Barbell",3,47.5,kg,9,rep,""
30/08/2025,🏋️‍♂️,"Deadlift · Barbell",,,,,,""
30/08/2025,🔹,"Deadlift · Barbell",1,90,kg,8,rep,""
30/08/2025,🔹,"Deadlift · Barbell",2,90,kg,8,rep,""
30/08/2025,🔹,"Deadlift · Barbell",3,90,kg,8,rep,""
30/08/2025,🏋️‍♂️,"Leg Extension · Machine",,,,,,""
30/08/2025,🔹,"Leg Extension · Machine",1,110,kg,12,rep,""
30/08/2025,🔹,"Leg Extension · Machine",2,130,kg,15,rep,""
30/08/2025,🏋️‍♂️,"Leg Curl · Machine",,,,,,""
30/08/2025,🔹,"Leg Curl · Machine",1,110,lb,12,rep,""
30/08/2025,🔹,"Leg Curl · Machine",2,110,lb,9,rep,""
30/08/2025,🏋️‍♂️,"Standing Cable Triceps extension",,,,,,""
30/08/2025,🔹,"Standing Cable Triceps extension",1,32.5,lb,10,rep,""
30/08/2025,🔹,"Standing Cable Triceps extension",2,32.5,lb,11,rep,""
30/08/2025,🔹,"Standing Cable Triceps extension",3,32.5,lb,12,rep,""
30/08/2025,🏋️‍♂️,"Preacher Curl · Barbell",,,,,,""
30/08/2025,🔹,"Preacher Curl · Barbell",1,19,kg,15,rep,""
30/08/2025,🔹,"Preacher Curl · Barbell",2,24,kg,12,rep,""
30/08/2025,🔹,"Preacher Curl · Barbell",3,24,kg,9,rep,""
30/08/2025,🏋️‍♂️,"Overhead Press · Barbell",,,,,,""
30/08/2025,🔹,"Overhead Press · Barbell",1,30,kg,6,rep,""
30/08/2025,🔹,"Overhead Press · Barbell",2,30,kg,10,rep,""
30/08/2025,🔹,"Overhead Press · Barbell",3,30,kg,10,rep,""
02/09/2025,📅,,,,,,,"85 min"
02/09/2025,🏋️‍♂️,"Squat · Barbell",,,,,,""
02/09/2025,🔹,"Squat · Barbell",1,60,kg,9,rep,""
02/09/2025,🔹,"Squat · Barbell",2,70,kg,6,rep,""
02/09/2025,🔹,"Squat · Barbell",3,80,kg,4,rep,""
02/09/2025,🔹,"Squat · Barbell",4,70,kg,8,rep,""
02/09/2025,🏋️‍♂️,"Pec Deck · Machine",,,,,,""
02/09/2025,🔹,"Pec Deck · Machine",1,110,lb,15,rep,""
02/09/2025,🔹,"Pec Deck · Machine",2,110,lb,15,rep,""
02/09/2025,🔹,"Pec Deck · Machine",3,110,lb,12,rep,""
02/09/2025,🏋️‍♂️,"Lat Pull Down · Cable",,,,,,""
02/09/2025,🔹,"Lat Pull Down · Cable",1,61,kg,8,rep,""
02/09/2025,🔹,"Lat Pull Down · Cable",2,61,kg,8,rep,""
02/09/2025,🔹,"Lat Pull Down · Cable",3,61,kg,8,rep,""
02/09/2025,🏋️‍♂️,"Calf Press · Machine",,,,,,""
02/09/2025,🔹,"Calf Press · Machine",1,310,kg,12,rep,""
02/09/2025,🔹,"Calf Press · Machine",2,310,kg,12,rep,""
02/09/2025,🔹,"Calf Press · Machine",3,310,kg,12,rep,""
02/09/2025,🏋️‍♂️,"Leg Curl · Machine",,,,,,""
02/09/2025,🔹,"Leg Curl · Machine",1,110,lb,12,rep,""
02/09/2025,🔹,"Leg Curl · Machine",2,110,lb,12,rep,""
02/09/2025,🏋️‍♂️,"Cable Raise (Adjutable Cable)",,,,,,""
02/09/2025,🔹,"Cable Raise (Adjutable Cable)",1,10,kg,15,rep,""
02/09/2025,🔹,"Cable Raise (Adjutable Cable)",2,10,kg,12,rep,""
02/09/2025,🔹,"Cable Raise (Adjutable Cable)",3,10,kg,12,rep,""
02/09/2025,🏋️‍♂️,"Tricep Extension · Cable",,,,,,""
02/09/2025,🔹,"Tricep Extension · Cable",1,47.5,lb,12,rep,""
02/09/2025,🔹,"Tricep Extension · Cable",2,47.5,lb,12,rep,""
02/09/2025,🔹,"Tricep Extension · Cable",3,47.5,lb,9,rep,""
02/09/2025,🏋️‍♂️,"Dumbell preacher hammer curl",,,,,,""
02/09/2025,🔹,"Dumbell preacher hammer curl",1,10,kg,15,rep,""
02/09/2025,🔹,"Dumbell preacher hammer curl",2,10,kg,15,rep,""
02/09/2025,🔹,"Dumbell preacher hammer curl",3,10,kg,15,rep,""
04/09/2025,📅,,,,,,,"81 min"
04/09/2025,🏋️‍♂️,"Bench Press · Barbell",,,,,,""
04/09/2025,🔹,"Bench Press · Barbell",1,60,kg,8,rep,""
04/09/2025,🔹,"Bench Press · Barbell",2,70,kg,4,rep,""
04/09/2025,🔹,"Bench Press · Barbell",3,70,kg,4,rep,""
04/09/2025,🔹,"Bench Press · Barbell",4,70,kg,4,rep,""
04/09/2025,🏋️‍♂️,"Calf Press · Machine",,,,,,""
04/09/2025,🔹,"Calf Press · Machine",1,315,kg,15,rep,""
04/09/2025,🔹,"Calf Press · Machine",2,330,kg,12,rep,""
04/09/2025,🏋️‍♂️,"Assisted Pull Up",,,,,,""
04/09/2025,🔹,"Assisted Pull Up",1,0,kg,10,rep,""
04/09/2025,🔹,"Assisted Pull Up",2,0,kg,10,rep,""
04/09/2025,🔹,"Assisted Pull Up",3,0,kg,9,rep,""
04/09/2025,🏋️‍♂️,"Leg Press · Machine",,,,,,""
04/09/2025,🔹,"Leg Press · Machine",1,230,lb,9,rep,""
04/09/2025,🔹,"Leg Press · Machine",2,230,lb,9,rep,""
04/09/2025,🔹,"Leg Press · Machine",3,230,lb,9,rep,""
04/09/2025,🏋️‍♂️,"Incline Bench Press · Dumbbell",,,,,,""
04/09/2025,🔹,"Incline Bench Press · Dumbbell",1,40,kg,12,rep,""
04/09/2025,🔹,"Incline Bench Press · Dumbbell",2,40,kg,15,rep,""
04/09/2025,🔹,"Incline Bench Press · Dumbbell",3,40,kg,12,rep,""
04/09/2025,🏋️‍♂️,"Rear Delt",,,,,,""
04/09/2025,🔹,"Rear Delt",1,90,lb,12,rep,""
04/09/2025,🔹,"Rear Delt",2,90,lb,12,rep,""
04/09/2025,🔹,"Rear Delt",3,90,lb,6,rep,""
04/09/2025,🏋️‍♂️,"Skull crusher",,,,,,""
04/09/2025,🔹,"Skull crusher",1,19,kg,15,rep,""
04/09/2025,🔹,"Skull crusher",2,19,kg,15,rep,""
04/09/2025,🔹,"Skull crusher",3,19,kg,15,rep,""
04/09/2025,🏋️‍♂️,"Standing Reverse Curl",,,,,,""
04/09/2025,🔹,"Standing Reverse Curl",1,19,kg,8,rep,""
04/09/2025,🔹,"Standing Reverse Curl",2,15,kg,11,rep,""
04/09/2025,🔹,"Standing Reverse Curl",3,15,kg,0,rep,""
06/09/2025,📅,,,,,,,"53 min"
06/09/2025,🏋️‍♂️,"Calf Press · Machine",,,,,,""
06/09/2025,🔹,"Calf Press · Machine",1,330,kg,12,rep,""
06/09/2025,🔹,"Calf Press · Machine",2,330,kg,15,rep,""
06/09/2025,🏋️‍♂️,"Bench Press · Barbell",,,,,,""
06/09/2025,🔹,"Bench Press · Barbell",1,60,kg,10,rep,""
06/09/2025,🔹,"Bench Press · Barbell",2,70,kg,5,rep,""
06/09/2025,🔹,"Bench Press · Barbell",3,70,kg,4,rep,""
06/09/2025,🏋️‍♂️,"Bent Over Row · Barbell",,,,,,""
06/09/2025,🔹,"Bent Over Row · Barbell",1,40,kg,10,rep,""
06/09/2025,🔹,"Bent Over Row · Barbell",2,60,kg,6,rep,""
06/09/2025,🔹,"Bent Over Row · Barbell",3,60,kg,6,rep,""
06/09/2025,🏋️‍♂️,"Deadlift · Barbell",,,,,,""
06/09/2025,🔹,"Deadlift · Barbell",1,90,kg,8,rep,""
06/09/2025,🔹,"Deadlift · Barbell",2,90,kg,8,rep,""
06/09/2025,🔹,"Deadlift · Barbell",3,90,kg,8,rep,""
06/09/2025,🏋️‍♂️,"Overhead Press · Barbell",,,,,,""
06/09/2025,🔹,"Overhead Press · Barbell",1,30,kg,9,rep,""
06/09/2025,🔹,"Overhead Press · Barbell",2,30,kg,10,rep,""
06/09/2025,🔹,"Overhead Press · Barbell",3,30,kg,10,rep,""
06/09/2025,🏋️‍♂️,"Standing Cable Triceps extension",,,,,,""
06/09/2025,🔹,"Standing Cable Triceps extension",1,32.5,lb,10,rep,""
06/09/2025,🔹,"Standing Cable Triceps extension",2,32.5,lb,11,rep,""
06/09/2025,🔹,"Standing Cable Triceps extension",3,32.5,lb,12,rep,""
06/09/2025,🏋️‍♂️,"Preacher Curl · Barbell",,,,,,""
06/09/2025,🔹,"Preacher Curl · Barbell",1,19,kg,15,rep,""
06/09/2025,🔹,"Preacher Curl · Barbell",2,24,kg,12,rep,""
06/09/2025,🔹,"Preacher Curl · Barbell",3,24,kg,9,rep,""
08/09/2025,📅,,,,,,,"99 min | Upper 1"
08/09/2025,🏋️‍♂️,"Bench Press · Barbell",,,,,,""
08/09/2025,🔹,"Bench Press · Barbell",1,60,kg,9,rep,""
08/09/2025,🔹,"Bench Press · Barbell",2,70,kg,5,rep,""
08/09/2025,🔹,"Bench Press · Barbell",3,70,kg,5,rep,""
08/09/2025,🏋️‍♂️,"Incline Bench Press · Dumbbell",,,,,,""
08/09/2025,🔹,"Incline Bench Press · Dumbbell",1,40,kg,15,rep,""
08/09/2025,🔹,"Incline Bench Press · Dumbbell",2,40,kg,12,rep,""
08/09/2025,🔹,"Incline Bench Press · Dumbbell",3,40,kg,12,rep,""
08/09/2025,🏋️‍♂️,"Bent Over Row · Barbell",,,,,,""
08/09/2025,🔹,"Bent Over Row · Barbell",1,50,kg,10,rep,""
08/09/2025,🔹,"Bent Over Row · Barbell",2,50,kg,12,rep,""
08/09/2025,🔹,"Bent Over Row · Barbell",3,60,kg,5,rep,""
08/09/2025,🏋️‍♂️,"Lat Pull Down · Cable",,,,,,""
08/09/2025,🔹,"Lat Pull Down · Cable",1,61,kg,9,rep,""
08/09/2025,🔹,"Lat Pull Down · Cable",2,61,kg,9,rep,""
08/09/2025,🔹,"Lat Pull Down · Cable",3,61,kg,10,rep,""
08/09/2025,🏋️‍♂️,"Overhead Press · Barbell",,,,,,""
08/09/2025,🔹,"Overhead Press · Barbell",1,30,kg,9,rep,""
08/09/2025,🔹,"Overhead Press · Barbell",2,30,kg,8,rep,""
08/09/2025,🏋️‍♂️,"Skull crusher",,,,,,""
08/09/2025,🔹,"Skull crusher",1,19,kg,16,rep,""
08/09/2025,🔹,"Skull crusher",2,19,kg,10,rep,""
08/09/2025,🏋️‍♂️,"Tricep Extension · Cable",,,,,,""
08/09/2025,🔹,"Tricep Extension · Cable",1,47.5,lb,10,rep,""
08/09/2025,🔹,"Tricep Extension · Cable",2,47.5,lb,10,rep,""
08/09/2025,🔹,"Tricep Extension · Cable",3,47.5,lb,7,rep,""
08/09/2025,🏋️‍♂️,"Chair Leg Raise",,,,,,""
08/09/2025,🔹,"Chair Leg Raise",1,0,kg,20,rep,""
08/09/2025,🔹,"Chair Leg Raise",2,0,kg,20,rep,""
08/09/2025,🏋️‍♂️,"Pull Up",,,,,,""
08/09/2025,🔹,"Pull Up",1,0,kg,30,rep,""
09/09/2025,📅,,,,,,,"87 min | Lower 1"
09/09/2025,🏋️‍♂️,"Squat · Barbell",,,,,,""
09/09/2025,🔹,"Squat · Barbell",1,70,kg,6,rep,""
09/09/2025,🔹,"Squat · Barbell",2,75,kg,6,rep,""
09/09/2025,🔹,"Squat · Barbell",3,80,kg,6,rep,""
09/09/2025,🏋️‍♂️,"Deadlift · Barbell",,,,,,""
09/09/2025,🔹,"Deadlift · Barbell",1,90,kg,6,rep,""
09/09/2025,🔹,"Deadlift · Barbell",2,90,kg,6,rep,""
09/09/2025,🔹,"Deadlift · Barbell",3,100,kg,6,rep,""
09/09/2025,🏋️‍♂️,"Leg Press · Machine",,,,,,""
09/09/2025,🔹,"Leg Press · Machine",1,250,lb,9,rep,""
09/09/2025,🔹,"Leg Press · Machine",2,250,lb,9,rep,""
09/09/2025,🔹,"Leg Press · Machine",3,250,lb,9,rep,""
09/09/2025,🏋️‍♂️,"Leg Curl · Machine",,,,,,""
09/09/2025,🔹,"Leg Curl · Machine",1,110,lb,15,rep,""
09/09/2025,🔹,"Leg Curl · Machine",2,110,lb,15,rep,""
09/09/2025,🔹,"Leg Curl · Machine",3,110,lb,6,rep,""
09/09/2025,🏋️‍♂️,"Calf Press · Machine",,,,,,""
09/09/2025,🔹,"Calf Press · Machine",1,330,kg,20,rep,""
09/09/2025,🔹,"Calf Press · Machine",2,330,kg,20,rep,""
09/09/2025,🔹,"Calf Press · Machine",3,330,kg,20,rep,""
09/09/2025,🏋️‍♂️,"Preacher Curl · Barbell",,,,,,""
09/09/2025,🔹,"Preacher Curl · Barbell",1,19,kg,12,rep,""
09/09/2025,🔹,"Preacher Curl · Barbell",2,24,kg,15,rep,""
09/09/2025,🔹,"Preacher Curl · Barbell",3,24,kg,12,rep,""
09/09/2025,🏋️‍♂️,"Hammer Curl · Dumbbell",,,,,,""
09/09/2025,🔹,"Hammer Curl · Dumbbell",1,10,kg,10,rep,""
09/09/2025,🔹,"Hammer Curl · Dumbbell",2,10,kg,10,rep,""
09/09/2025,🔹,"Hammer Curl · Dumbbell",3,10,kg,10,rep,""
09/09/2025,🏋️‍♂️,"Pull Up",,,,,,""
09/09/2025,🔹,"Pull Up",1,0,kg,30,rep,""
10/09/2025,📅,,,,,,,"0 min | 30 pullups"
10/09/2025,🏋️‍♂️,"Pull Up",,,,,,""
10/09/2025,🔹,"Pull Up",1,0,kg,30,rep,""
11/09/2025,📅,,,,,,,"0 min | 30 pullups"
11/09/2025,🏋️‍♂️,"Pull Up",,,,,,""
11/09/2025,🔹,"Pull Up",1,0,kg,30,rep,""
12/09/2025,📅,,,,,,,"15 min | Upper 2"
12/09/2025,🏋️‍♂️,"Incline Bench Press · Barbell",,,,,,""
12/09/2025,🔹,"Incline Bench Press · Barbell",1,53,kg,10,rep,""
12/09/2025,🔹,"Incline Bench Press · Barbell",2,53,kg,6,rep,""
12/09/2025,🔹,"Incline Bench Press · Barbell",3,53,kg,8,rep,""
12/09/2025,🏋️‍♂️,"Pec Deck · Machine",,,,,,""
12/09/2025,🔹,"Pec Deck · Machine",1,110,lb,15,rep,""
12/09/2025,🔹,"Pec Deck · Machine",2,120,lb,12,rep,""
12/09/2025,🔹,"Pec Deck · Machine",3,130,lb,10,rep,""
12/09/2025,🏋️‍♂️,"Seated Row · Cable",,,,,,""
12/09/2025,🔹,"Seated Row · Cable",1,47.5,kg,15,rep,""
12/09/2025,🔹,"Seated Row · Cable",2,54.5,kg,10,rep,""
12/09/2025,🔹,"Seated Row · Cable",3,54.5,kg,10,rep,""
12/09/2025,🏋️‍♂️,"Single Arm Bent Over Row · Dumbbell",,,,,,""
12/09/2025,🔹,"Single Arm Bent Over Row · Dumbbell",1,17.5,kg,12,rep,""
12/09/2025,🔹,"Single Arm Bent Over Row · Dumbbell",2,20,kg,10,rep,""
12/09/2025,🔹,"Single Arm Bent Over Row · Dumbbell",3,17.5,kg,12,rep,""
12/09/2025,🏋️‍♂️,"Cable Raise",,,,,,""
12/09/2025,🔹,"Cable Raise",1,10,lb,12,rep,""
12/09/2025,🔹,"Cable Raise",2,5,lb,12,rep,""
12/09/2025,🔹,"Cable Raise",3,5,lb,12,rep,""
12/09/2025,🏋️‍♂️,"Standing Cable Triceps extension",,,,,,""
12/09/2025,🔹,"Standing Cable Triceps extension",1,32.5,lb,12,rep,""
12/09/2025,🔹,"Standing Cable Triceps extension",2,32.5,lb,12,rep,""
12/09/2025,🔹,"Standing Cable Triceps extension",3,32.5,lb,12,rep,""
12/09/2025,🏋️‍♂️,"Tricep Dip",,,,,,""
12/09/2025,🔹,"Tricep Dip",1,0,kg,12,rep,""
12/09/2025,🔹,"Tricep Dip",2,10,kg,12,rep,""
12/09/2025,🔹,"Tricep Dip",3,15,kg,12,rep,""
12/09/2025,🏋️‍♂️,"Crunch",,,,,,""
12/09/2025,🔹,"Crunch",1,110,lb,12,rep,""
12/09/2025,🔹,"Crunch",2,110,lb,12,rep,""
12/09/2025,🏋️‍♂️,"Pull Up",,,,,,""
12/09/2025,🔹,"Pull Up",1,0,kg,30,rep,""
13/09/2025,📅,,,,,,,"88 min | Lower 2"
13/09/2025,🏋️‍♂️,"Squat · Barbell",,,,,,""
13/09/2025,🔹,"Squat · Barbell",1,80,kg,6,rep,""
13/09/2025,🔹,"Squat · Barbell",2,80,kg,6,rep,""
13/09/2025,🔹,"Squat · Barbell",3,80,kg,6,rep,""
13/09/2025,🏋️‍♂️,"Lunge · Barbell",,,,,,""
13/09/2025,🔹,"Lunge · Barbell",1,40,kg,8,rep,""
13/09/2025,🔹,"Lunge · Barbell",2,40,kg,9,rep,""
13/09/2025,🔹,"Lunge · Barbell",3,40,kg,9,rep,""
13/09/2025,🏋️‍♂️,"Leg Extension · Machine",,,,,,""
13/09/2025,🔹,"Leg Extension · Machine",1,130,lb,15,rep,""
13/09/2025,🔹,"Leg Extension · Machine",2,140,lb,10,rep,""
13/09/2025,🔹,"Leg Extension · Machine",3,150,lb,9,rep,""
13/09/2025,🏋️‍♂️,"Leg Curl · Machine",,,,,,""
13/09/2025,🔹,"Leg Curl · Machine",1,110,lb,15,rep,""
13/09/2025,🔹,"Leg Curl · Machine",2,110,lb,13,rep,""
13/09/2025,🔹,"Leg Curl · Machine",3,110,lb,15,rep,""
13/09/2025,🏋️‍♂️,"Calf Press · Machine",,,,,,""
13/09/2025,🔹,"Calf Press · Machine",1,330,kg,20,rep,""
13/09/2025,🔹,"Calf Press · Machine",2,340,kg,15,rep,""
13/09/2025,🔹,"Calf Press · Machine",3,350,kg,15,rep,""
13/09/2025,🏋️‍♂️,"Incline Curl · Dumbbell",,,,,,""
13/09/2025,🔹,"Incline Curl · Dumbbell",1,10,kg,10,rep,""
13/09/2025,🔹,"Incline Curl · Dumbbell",2,10,kg,10,rep,""
13/09/2025,🔹,"Incline Curl · Dumbbell",3,10,kg,9,rep,""
13/09/2025,🔹,"Incline Curl · Dumbbell",4,10,kg,8,rep,""
13/09/2025,🏋️‍♂️,"Dumbell preacher hammer curl",,,,,,""
13/09/2025,🔹,"Dumbell preacher hammer curl",1,10,kg,12,rep,""
13/09/2025,🔹,"Dumbell preacher hammer curl",2,12.5,kg,6,rep,""
13/09/2025,🔹,"Dumbell preacher hammer curl",3,12.5,kg,5,rep,""
13/09/2025,🔹,"Dumbell preacher hammer curl",4,12.5,kg,5,rep,""
15/09/2025,📅,,,,,,,"96 min"
15/09/2025,🏋️‍♂️,"Bench Press · Barbell",,,,,,""
15/09/2025,🔹,"Bench Press · Barbell",1,70,kg,6,rep,""
15/09/2025,🔹,"Bench Press · Barbell",2,70,kg,6,rep,""
15/09/2025,🔹,"Bench Press · Barbell",3,70,kg,6,rep,""
15/09/2025,🏋️‍♂️,"Incline Bench Press · Dumbbell",,,,,,""
15/09/2025,🔹,"Incline Bench Press · Dumbbell",1,40,kg,13,rep,""
15/09/2025,🔹,"Incline Bench Press · Dumbbell",2,45,kg,9,rep,""
15/09/2025,🔹,"Incline Bench Press · Dumbbell",3,50,kg,7,rep,""
15/09/2025,🏋️‍♂️,"Bent Over Row · Barbell",,,,,,"fascette"
15/09/2025,🔹,"Bent Over Row · Barbell",1,60,kg,6,rep,""
15/09/2025,🔹,"Bent Over Row · Barbell",2,60,kg,6,rep,""
15/09/2025,🔹,"Bent Over Row · Barbell",3,60,kg,6,rep,""
15/09/2025,🏋️‍♂️,"Lat Pull Down · Cable",,,,,,""
15/09/2025,🔹,"Lat Pull Down · Cable",1,61,kg,10,rep,""
15/09/2025,🔹,"Lat Pull Down · Cable",2,61,kg,10,rep,""
15/09/2025,🔹,"Lat Pull Down · Cable",3,61,kg,10,rep,""
15/09/2025,🏋️‍♂️,"Overhead Press · Barbell",,,,,,""
15/09/2025,🔹,"Overhead Press · Barbell",1,30,kg,9,rep,""
15/09/2025,🔹,"Overhead Press · Barbell",2,30,kg,8,rep,""
15/09/2025,🏋️‍♂️,"Skull crusher",,,,,,""
15/09/2025,🔹,"Skull crusher",1,21.5,kg,12,rep,""
15/09/2025,🔹,"Skull crusher",2,24,kg,9,rep,""
15/09/2025,🏋️‍♂️,"Tricep Extension · Cable",,,,,,""
15/09/2025,🔹,"Tricep Extension · Cable",1,47.5,lb,10,rep,""
15/09/2025,🔹,"Tricep Extension · Cable",2,47.5,lb,10,rep,""
15/09/2025,🔹,"Tricep Extension · Cable",3,47.5,lb,10,rep,""
15/09/2025,🏋️‍♂️,"Chair Leg Raise",,,,,,""
15/09/2025,🔹,"Chair Leg Raise",1,0,kg,20,rep,""
15/09/2025,🔹,"Chair Leg Raise",2,0,kg,20,rep,""
15/09/2025,🏋️‍♂️,"Pull Up",,,,,,""
15/09/2025,🔹,"Pull Up",1,0,kg,30,rep,""
16/09/2025,📅,,,,,,,"137 min"
16/09/2025,🏋️‍♂️,"Squat · Barbell",,,,,,""
16/09/2025,🔹,"Squat · Barbell",1,80,kg,8,rep,""
16/09/2025,🔹,"Squat · Barbell",2,85,kg,5,rep,""
16/09/2025,🔹,"Squat · Barbell",3,90,kg,3,rep,""
16/09/2025,🏋️‍♂️,"Deadlift · Barbell",,,,,,""
16/09/2025,🔹,"Deadlift · Barbell",1,100,kg,8,rep,""
16/09/2025,🔹,"Deadlift · Barbell",2,120,kg,4,rep,""
16/09/2025,🔹,"Deadlift · Barbell",3,100,kg,6,rep,""
16/09/2025,🏋️‍♂️,"Leg Press · Machine",,,,,,""
16/09/2025,🔹,"Leg Press · Machine",1,250,lb,10,rep,""
16/09/2025,🔹,"Leg Press · Machine",2,250,lb,10,rep,""
16/09/2025,🔹,"Leg Press · Machine",3,250,lb,10,rep,""
16/09/2025,🏋️‍♂️,"Leg Curl · Machine",,,,,,""
16/09/2025,🔹,"Leg Curl · Machine",1,110,lb,15,rep,""
16/09/2025,🔹,"Leg Curl · Machine",2,110,lb,15,rep,""
16/09/2025,🔹,"Leg Curl · Machine",3,110,lb,9,rep,""
16/09/2025,🏋️‍♂️,"Calf Press · Machine",,,,,,""
16/09/2025,🔹,"Calf Press · Machine",1,345,kg,20,rep,""
16/09/2025,🔹,"Calf Press · Machine",2,350,kg,15,rep,""
16/09/2025,🔹,"Calf Press · Machine",3,350,kg,15,rep,""
16/09/2025,🏋️‍♂️,"Preacher Curl · Barbell",,,,,,""
16/09/2025,🔹,"Preacher Curl · Barbell",1,24,kg,15,rep,""
16/09/2025,🔹,"Preacher Curl · Barbell",2,26.5,kg,8,rep,""
16/09/2025,🔹,"Preacher Curl · Barbell",3,24,kg,12,rep,""
16/09/2025,🏋️‍♂️,"Hammer Curl · Dumbbell",,,,,,""
16/09/2025,🔹,"Hammer Curl · Dumbbell",1,10,kg,12,rep,""
16/09/2025,🔹,"Hammer Curl · Dumbbell",2,10,kg,12,rep,""
16/09/2025,🔹,"Hammer Curl · Dumbbell",3,10,kg,12,rep,""
16/09/2025,🏋️‍♂️,"Pull Up",,,,,,""
16/09/2025,🔹,"Pull Up",1,0,kg,30,rep,""
18/09/2025,📅,,,,,,,"115 min"
18/09/2025,🏋️‍♂️,"Incline Bench Press · Barbell",,,,,,""
18/09/2025,🔹,"Incline Bench Press · Barbell",1,53,kg,9,rep,""
18/09/2025,🔹,"Incline Bench Press · Barbell",2,53,kg,9,rep,""
18/09/2025,🔹,"Incline Bench Press · Barbell",3,53,kg,9,rep,""
18/09/2025,🏋️‍♂️,"Pec Deck · Machine",,,,,,""
18/09/2025,🔹,"Pec Deck · Machine",1,130,lb,10,rep,""
18/09/2025,🔹,"Pec Deck · Machine",2,130,lb,10,rep,""
18/09/2025,🔹,"Pec Deck · Machine",3,130,lb,10,rep,""
18/09/2025,🏋️‍♂️,"Seated Row · Cable",,,,,,""
18/09/2025,🔹,"Seated Row · Cable",1,54.5,kg,12,rep,""
18/09/2025,🔹,"Seated Row · Cable",2,54.5,kg,12,rep,""
18/09/2025,🔹,"Seated Row · Cable",3,54.5,kg,12,rep,""
18/09/2025,🏋️‍♂️,"Single Arm Bent Over Row · Dumbbell",,,,,,""
18/09/2025,🔹,"Single Arm Bent Over Row · Dumbbell",1,17.5,kg,15,rep,""
18/09/2025,🔹,"Single Arm Bent Over Row · Dumbbell",2,20,kg,12,rep,""
18/09/2025,🔹,"Single Arm Bent Over Row · Dumbbell",3,20,kg,10,rep,""
18/09/2025,🏋️‍♂️,"Cable Raise",,,,,,""
18/09/2025,🔹,"Cable Raise",1,10,lb,15,rep,""
18/09/2025,🔹,"Cable Raise",2,10,lb,15,rep,""
18/09/2025,🔹,"Cable Raise",3,10,lb,15,rep,""
18/09/2025,🏋️‍♂️,"Standing Cable Triceps extension",,,,,,""
18/09/2025,🔹,"Standing Cable Triceps extension",1,32.5,lb,13,rep,""
18/09/2025,🔹,"Standing Cable Triceps extension",2,32.5,lb,12,rep,""
18/09/2025,🔹,"Standing Cable Triceps extension",3,40,lb,7,rep,""
18/09/2025,🏋️‍♂️,"Tricep Dip",,,,,,""
18/09/2025,🔹,"Tricep Dip",1,0,kg,10,rep,""
18/09/2025,🔹,"Tricep Dip",2,10,kg,9,rep,""
18/09/2025,🔹,"Tricep Dip",3,10,kg,8,rep,""
18/09/2025,🏋️‍♂️,"Crunch",,,,,,""
18/09/2025,🔹,"Crunch",1,110,lb,12,rep,""
18/09/2025,🔹,"Crunch",2,110,lb,12,rep,""
19/09/2025,📅,,,,,,,"97 min"
19/09/2025,🏋️‍♂️,"Squat · Barbell",,,,,,""
19/09/2025,🔹,"Squat · Barbell",1,80,kg,6,rep,""
19/09/2025,🔹,"Squat · Barbell",2,90,kg,5,rep,""
19/09/2025,🔹,"Squat · Barbell",3,80,kg,7,rep,""
19/09/2025,🏋️‍♂️,"Lunge · Barbell",,,,,,""
19/09/2025,🔹,"Lunge · Barbell",1,40,kg,9,rep,""
19/09/2025,🔹,"Lunge · Barbell",2,50,kg,6,rep,""
19/09/2025,🔹,"Lunge · Barbell",3,50,kg,6,rep,""
19/09/2025,🏋️‍♂️,"Leg Extension · Machine",,,,,,""
19/09/2025,🔹,"Leg Extension · Machine",1,150,lb,12,rep,""
19/09/2025,🔹,"Leg Extension · Machine",2,150,lb,12,rep,""
19/09/2025,🔹,"Leg Extension · Machine",3,160,lb,12,rep,""
19/09/2025,🏋️‍♂️,"Leg Curl · Machine",,,,,,""
19/09/2025,🔹,"Leg Curl · Machine",1,110,lb,12,rep,""
19/09/2025,🔹,"Leg Curl · Machine",2,120,lb,10,rep,""
19/09/2025,🔹,"Leg Curl · Machine",3,120,lb,9,rep,""
19/09/2025,🏋️‍♂️,"Calf Press · Machine",,,,,,""
19/09/2025,🔹,"Calf Press · Machine",1,350,kg,16,rep,""
19/09/2025,🔹,"Calf Press · Machine",2,350,kg,17,rep,""
19/09/2025,🔹,"Calf Press · Machine",3,350,kg,18,rep,""
19/09/2025,🏋️‍♂️,"Incline Curl · Dumbbell",,,,,,""
19/09/2025,🔹,"Incline Curl · Dumbbell",1,10,kg,12,rep,""
19/09/2025,🔹,"Incline Curl · Dumbbell",2,10,kg,12,rep,""
19/09/2025,🔹,"Incline Curl · Dumbbell",3,10,kg,12,rep,""
19/09/2025,🔹,"Incline Curl · Dumbbell",4,10,kg,12,rep,""
19/09/2025,🏋️‍♂️,"Dumbell preacher hammer curl",,,,,,""
19/09/2025,🔹,"Dumbell preacher hammer curl",1,12.5,kg,6,rep,""
19/09/2025,🔹,"Dumbell preacher hammer curl",2,12.5,kg,6,rep,""
19/09/2025,🔹,"Dumbell preacher hammer curl",3,12.5,kg,6,rep,""
19/09/2025,🔹,"Dumbell preacher hammer curl",4,12.5,kg,6,rep,""
22/09/2025,📅,,,,,,,"100 min"
22/09/2025,🏋️‍♂️,"Squat · Barbell",,,,,,""
22/09/2025,🔹,"Squat · Barbell",1,80,kg,6,rep,""
22/09/2025,🔹,"Squat · Barbell",2,90,kg,5,rep,""
22/09/2025,🔹,"Squat · Barbell",3,80,kg,7,rep,""
22/09/2025,🏋️‍♂️,"Deadlift · Barbell",,,,,,""
22/09/2025,🔹,"Deadlift · Barbell",1,100,kg,6,rep,""
22/09/2025,🔹,"Deadlift · Barbell",2,100,kg,6,rep,""
22/09/2025,🔹,"Deadlift · Barbell",3,100,kg,6,rep,""
22/09/2025,🏋️‍♂️,"Leg Press · Machine",,,,,,""
22/09/2025,🔹,"Leg Press · Machine",1,270,lb,8,rep,""
22/09/2025,🔹,"Leg Press · Machine",2,270,lb,8,rep,""
22/09/2025,🔹,"Leg Press · Machine",3,250,lb,8,rep,""
22/09/2025,🏋️‍♂️,"Leg Curl · Machine",,,,,,""
22/09/2025,🔹,"Leg Curl · Machine",1,120,lb,10,rep,""
22/09/2025,🔹,"Leg Curl · Machine",2,120,lb,10,rep,""
22/09/2025,🔹,"Leg Curl · Machine",3,120,lb,9,rep,""
22/09/2025,🏋️‍♂️,"Calf Press · Machine",,,,,,""
22/09/2025,🔹,"Calf Press · Machine",1,350,kg,12,rep,""
22/09/2025,🔹,"Calf Press · Machine",2,350,kg,20,rep,""
22/09/2025,🔹,"Calf Press · Machine",3,350,kg,15,rep,""
22/09/2025,🏋️‍♂️,"Preacher Curl · Barbell",,,,,,""
22/09/2025,🔹,"Preacher Curl · Barbell",1,24,kg,15,rep,""
22/09/2025,🔹,"Preacher Curl · Barbell",2,24,kg,15,rep,""
22/09/2025,🔹,"Preacher Curl · Barbell",3,24,kg,12,rep,""
22/09/2025,🏋️‍♂️,"Hammer Curl · Dumbbell",,,,,,""
22/09/2025,🔹,"Hammer Curl · Dumbbell",1,10,kg,12,rep,""
22/09/2025,🔹,"Hammer Curl · Dumbbell",2,10,kg,10,rep,""
22/09/2025,🔹,"Hammer Curl · Dumbbell",3,10,kg,12,rep,""
22/09/2025,🏋️‍♂️,"Pull Up",,,,,,""
22/09/2025,🔹,"Pull Up",1,0,kg,30,rep,""
23/09/2025,📅,,,,,,,"65 min"
23/09/2025,🏋️‍♂️,"Bench Press · Barbell",,,,,,""
23/09/2025,🔹,"Bench Press · Barbell",1,70,kg,6,rep,""
23/09/2025,🔹,"Bench Press · Barbell",2,70,kg,6,rep,""
23/09/2025,🔹,"Bench Press · Barbell",3,60,kg,9,rep,""
23/09/2025,🏋️‍♂️,"Incline Bench Press · Dumbbell",,,,,,""
23/09/2025,🔹,"Incline Bench Press · Dumbbell",1,50,kg,6,rep,""
23/09/2025,🔹,"Incline Bench Press · Dumbbell",2,45,kg,9,rep,""
23/09/2025,🔹,"Incline Bench Press · Dumbbell",3,45,kg,9,rep,""
23/09/2025,🏋️‍♂️,"Bent Over Row · Barbell",,,,,,""
23/09/2025,🔹,"Bent Over Row · Barbell",1,50,kg,9,rep,""
23/09/2025,🔹,"Bent Over Row · Barbell",2,50,kg,12,rep,""
23/09/2025,🔹,"Bent Over Row · Barbell",3,50,kg,11,rep,""
23/09/2025,🏋️‍♂️,"Lat Pull Down · Cable",,,,,,""
23/09/2025,🔹,"Lat Pull Down · Cable",1,61,kg,10,rep,""
23/09/2025,🔹,"Lat Pull Down · Cable",2,61,kg,10,rep,""
23/09/2025,🔹,"Lat Pull Down · Cable",3,61,kg,10,rep,""
23/09/2025,🏋️‍♂️,"Overhead Press · Barbell",,,,,,""
23/09/2025,🔹,"Overhead Press · Barbell",1,30,kg,9,rep,""
23/09/2025,🔹,"Overhead Press · Barbell",2,30,kg,8,rep,""
23/09/2025,🏋️‍♂️,"Skull crusher",,,,,,""
23/09/2025,🔹,"Skull crusher",1,24,kg,10,rep,""
23/09/2025,🔹,"Skull crusher",2,24,kg,10,rep,""
23/09/2025,🏋️‍♂️,"Tricep Extension · Cable",,,,,,""
23/09/2025,🔹,"Tricep Extension · Cable",1,47.5,lb,12,rep,""
23/09/2025,🔹,"Tricep Extension · Cable",2,47.5,lb,10,rep,""
23/09/2025,🔹,"Tricep Extension · Cable",3,47.5,lb,10,rep,""
23/09/2025,🏋️‍♂️,"Chair Leg Raise",,,,,,""
23/09/2025,🔹,"Chair Leg Raise",1,0,kg,20,rep,""
23/09/2025,🔹,"Chair Leg Raise",2,0,kg,20,rep,""
25/09/2025,📅,,,,,,,"76 min"
25/09/2025,🏋️‍♂️,"Squat · Barbell",,,,,,""
25/09/2025,🔹,"Squat · Barbell",1,80,kg,7,rep,""
25/09/2025,🔹,"Squat · Barbell",2,80,kg,7,rep,""
25/09/2025,🔹,"Squat · Barbell",3,80,kg,7,rep,""
25/09/2025,🏋️‍♂️,"Lunge · Barbell",,,,,,""
25/09/2025,🔹,"Lunge · Barbell",1,40,kg,9,rep,""
25/09/2025,🔹,"Lunge · Barbell",2,50,kg,6,rep,""
25/09/2025,🔹,"Lunge · Barbell",3,50,kg,6,rep,""
25/09/2025,🏋️‍♂️,"Leg Extension · Machine",,,,,,""
25/09/2025,🔹,"Leg Extension · Machine",1,150,lb,15,rep,""
25/09/2025,🔹,"Leg Extension · Machine",2,160,lb,9,rep,""
25/09/2025,🔹,"Leg Extension · Machine",3,160,lb,12,rep,""
25/09/2025,🏋️‍♂️,"Leg Curl · Machine",,,,,,""
25/09/2025,🔹,"Leg Curl · Machine",1,120,lb,12,rep,""
25/09/2025,🔹,"Leg Curl · Machine",2,120,lb,12,rep,"Hard"
25/09/2025,🔹,"Leg Curl · Machine",3,120,lb,9,rep,""
25/09/2025,🏋️‍♂️,"Calf Press · Machine",,,,,,""
25/09/2025,🔹,"Calf Press · Machine",1,350,kg,20,rep,""
25/09/2025,🔹,"Calf Press · Machine",2,350,kg,12,rep,""
25/09/2025,🔹,"Calf Press · Machine",3,350,kg,15,rep,""
25/09/2025,🏋️‍♂️,"Incline Curl · Dumbbell",,,,,,""
25/09/2025,🔹,"Incline Curl · Dumbbell",1,10,kg,13,rep,""
25/09/2025,🔹,"Incline Curl · Dumbbell",2,10,kg,13,rep,""
25/09/2025,🔹,"Incline Curl · Dumbbell",3,10,kg,10,rep,""
25/09/2025,🔹,"Incline Curl · Dumbbell",4,10,kg,10,rep,""
25/09/2025,🏋️‍♂️,"Dumbell preacher hammer curl",,,,,,""
25/09/2025,🔹,"Dumbell preacher hammer curl",1,10,kg,15,rep,""
25/09/2025,🔹,"Dumbell preacher hammer curl",2,12.5,kg,6,rep,""
25/09/2025,🔹,"Dumbell preacher hammer curl",3,12.5,kg,7,rep,""
25/09/2025,🔹,"Dumbell preacher hammer curl",4,12.5,kg,7,rep,""
27/09/2025,📅,,,,,,,"85 min"
27/09/2025,🏋️‍♂️,"Incline Bench Press · Barbell",,,,,,""
27/09/2025,🔹,"Incline Bench Press · Barbell",1,43,kg,12,rep,""
27/09/2025,🔹,"Incline Bench Press · Barbell",2,53,kg,8,rep,""
27/09/2025,🔹,"Incline Bench Press · Barbell",3,53,kg,8,rep,""
27/09/2025,🏋️‍♂️,"Pec Deck · Machine",,,,,,""
27/09/2025,🔹,"Pec Deck · Machine",1,130,lb,11,rep,""
27/09/2025,🔹,"Pec Deck · Machine",2,130,lb,11,rep,""
27/09/2025,🔹,"Pec Deck · Machine",3,130,lb,11,rep,""
27/09/2025,🏋️‍♂️,"Seated Row · Cable",,,,,,""
27/09/2025,🔹,"Seated Row · Cable",1,54.5,kg,12,rep,""
27/09/2025,🔹,"Seated Row · Cable",2,61,kg,8,rep,""
27/09/2025,🔹,"Seated Row · Cable",3,61,kg,8,rep,""
27/09/2025,🏋️‍♂️,"Single Arm Bent Over Row · Dumbbell",,,,,,""
27/09/2025,🔹,"Single Arm Bent Over Row · Dumbbell",1,20,kg,12,rep,""
27/09/2025,🔹,"Single Arm Bent Over Row · Dumbbell",2,20,kg,12,rep,""
27/09/2025,🔹,"Single Arm Bent Over Row · Dumbbell",3,20,kg,12,rep,""
27/09/2025,🏋️‍♂️,"Cable Raise",,,,,,""
27/09/2025,🔹,"Cable Raise",1,10,lb,15,rep,""
27/09/2025,🔹,"Cable Raise",2,10,lb,15,rep,""
27/09/2025,🔹,"Cable Raise",3,15,lb,6,rep,""
27/09/2025,🏋️‍♂️,"Standing Cable Triceps extension",,,,,,""
27/09/2025,🔹,"Standing Cable Triceps extension",1,32.5,lb,13,rep,""
27/09/2025,🔹,"Standing Cable Triceps extension",2,32.5,lb,12,rep,""
27/09/2025,🔹,"Standing Cable Triceps extension",3,32.5,lb,10,rep,""
27/09/2025,🏋️‍♂️,"Tricep Dip",,,,,,""
27/09/2025,🔹,"Tricep Dip",1,0,kg,10,rep,""
27/09/2025,🔹,"Tricep Dip",2,10,kg,9,rep,""
27/09/2025,🔹,"Tricep Dip",3,10,kg,8,rep,""
27/09/2025,🏋️‍♂️,"Crunch",,,,,,""
27/09/2025,🔹,"Crunch",1,110,lb,12,rep,""
27/09/2025,🔹,"Crunch",2,110,lb,12,rep,""
29/09/2025,📅,,,,,,,"92 min"
29/09/2025,🏋️‍♂️,"Squat · Barbell",,,,,,""
29/09/2025,🔹,"Squat · Barbell",1,80,kg,8,rep,""
29/09/2025,🔹,"Squat · Barbell",2,90,kg,4,rep,""
29/09/2025,🔹,"Squat · Barbell",3,80,kg,7,rep,""
29/09/2025,🏋️‍♂️,"Deadlift · Barbell",,,,,,""
29/09/2025,🔹,"Deadlift · Barbell",1,100,kg,6,rep,""
29/09/2025,🔹,"Deadlift · Barbell",2,100,kg,7,rep,""
29/09/2025,🔹,"Deadlift · Barbell",3,100,kg,8,rep,""
29/09/2025,🏋️‍♂️,"Leg Press · Machine",,,,,,""
29/09/2025,🔹,"Leg Press · Machine",1,270,lb,12,rep,""
29/09/2025,🔹,"Leg Press · Machine",2,270,lb,12,rep,""
29/09/2025,🔹,"Leg Press · Machine",3,270,lb,12,rep,""
29/09/2025,🏋️‍♂️,"Leg Curl · Machine",,,,,,""
29/09/2025,🔹,"Leg Curl · Machine",1,120,lb,12,rep,""
29/09/2025,🔹,"Leg Curl · Machine",2,120,lb,10,rep,""
29/09/2025,🔹,"Leg Curl · Machine",3,120,lb,9,rep,""
29/09/2025,🏋️‍♂️,"Calf Press · Machine",,,,,,""
29/09/2025,🔹,"Calf Press · Machine",1,350,kg,20,rep,"Hard"
29/09/2025,🔹,"Calf Press · Machine",2,350,kg,15,rep,"Hard"
29/09/2025,🔹,"Calf Press · Machine",3,350,kg,17,rep,"Hard"
29/09/2025,🏋️‍♂️,"Preacher Curl · Barbell",,,,,,""
29/09/2025,🔹,"Preacher Curl · Barbell",1,24,kg,15,rep,""
29/09/2025,🔹,"Preacher Curl · Barbell",2,24,kg,9,rep,""
29/09/2025,🔹,"Preacher Curl · Barbell",3,24,kg,9,rep,""
29/09/2025,🏋️‍♂️,"Hammer Curl · Dumbbell",,,,,,""
29/09/2025,🔹,"Hammer Curl · Dumbbell",1,10,kg,12,rep,""
29/09/2025,🔹,"Hammer Curl · Dumbbell",2,10,kg,12,rep,""
29/09/2025,🔹,"Hammer Curl · Dumbbell",3,10,kg,12,rep,""
29/09/2025,🏋️‍♂️,"Pull Up",,,,,,""
29/09/2025,🔹,"Pull Up",1,0,kg,30,rep,""
30/09/2025,📅,,,,,,,"111 min"
30/09/2025,🏋️‍♂️,"Bench Press · Barbell",,,,,,""
30/09/2025,🔹,"Bench Press · Barbell",1,70,kg,6,rep,""
30/09/2025,🔹,"Bench Press · Barbell",2,70,kg,6,rep,""
30/09/2025,🔹,"Bench Press · Barbell",3,60,kg,7,rep,""
30/09/2025,🏋️‍♂️,"Incline Bench Press · Dumbbell",,,,,,""
30/09/2025,🔹,"Incline Bench Press · Dumbbell",1,45,kg,10,rep,""
30/09/2025,🔹,"Incline Bench Press · Dumbbell",2,45,kg,10,rep,""
30/09/2025,🔹,"Incline Bench Press · Dumbbell",3,45,kg,10,rep,""
30/09/2025,🏋️‍♂️,"Bent Over Row · Barbell",,,,,,""
30/09/2025,🔹,"Bent Over Row · Barbell",1,50,kg,12,rep,""
30/09/2025,🔹,"Bent Over Row · Barbell",2,50,kg,12,rep,""
30/09/2025,🔹,"Bent Over Row · Barbell",3,50,kg,12,rep,""
30/09/2025,🏋️‍♂️,"Lat Pull Down · Cable",,,,,,""
30/09/2025,🔹,"Lat Pull Down · Cable",1,61,kg,11,rep,""
30/09/2025,🔹,"Lat Pull Down · Cable",2,61,kg,10,rep,""
30/09/2025,🔹,"Lat Pull Down · Cable",3,61,kg,10,rep,""
30/09/2025,🏋️‍♂️,"Overhead Press · Barbell",,,,,,""
30/09/2025,🔹,"Overhead Press · Barbell",1,30,kg,9,rep,""
30/09/2025,🔹,"Overhead Press · Barbell",2,30,kg,9,rep,""
30/09/2025,🏋️‍♂️,"Skull crusher",,,,,,""
30/09/2025,🔹,"Skull crusher",1,24,kg,10,rep,""
30/09/2025,🔹,"Skull crusher",2,24,kg,10,rep,""
30/09/2025,🏋️‍♂️,"Tricep Extension · Cable",,,,,,""
30/09/2025,🔹,"Tricep Extension · Cable",1,47.5,lb,12,rep,""
30/09/2025,🔹,"Tricep Extension · Cable",2,47.5,lb,11,rep,""
30/09/2025,🔹,"Tricep Extension · Cable",3,47.5,lb,11,rep,""
30/09/2025,🏋️‍♂️,"Chair Leg Raise",,,,,,""
30/09/2025,🔹,"Chair Leg Raise",1,0,kg,20,rep,""
30/09/2025,🔹,"Chair Leg Raise",2,0,kg,20,rep,""
02/10/2025,📅,,,,,,,"98 min"
02/10/2025,🏋️‍♂️,"Squat · Barbell",,,,,,""
02/10/2025,🔹,"Squat · Barbell",1,80,kg,8,rep,""
02/10/2025,🔹,"Squat · Barbell",2,80,kg,8,rep,""
02/10/2025,🔹,"Squat · Barbell",3,80,kg,8,rep,""
02/10/2025,🏋️‍♂️,"Lunge · Barbell",,,,,,""
02/10/2025,🔹,"Lunge · Barbell",1,40,kg,8,rep,""
02/10/2025,🔹,"Lunge · Barbell",2,50,kg,7,rep,""
02/10/2025,🔹,"Lunge · Barbell",3,50,kg,6,rep,""
02/10/2025,🏋️‍♂️,"Leg Extension · Machine",,,,,,""
02/10/2025,🔹,"Leg Extension · Machine",1,160,lb,12,rep,""
02/10/2025,🔹,"Leg Extension · Machine",2,160,lb,12,rep,""
02/10/2025,🔹,"Leg Extension · Machine",3,160,lb,12,rep,""
02/10/2025,🏋️‍♂️,"Leg Curl · Machine",,,,,,""
02/10/2025,🔹,"Leg Curl · Machine",1,120,lb,12,rep,""
02/10/2025,🔹,"Leg Curl · Machine",2,120,lb,10,rep,""
02/10/2025,🔹,"Leg Curl · Machine",3,120,lb,9,rep,""
02/10/2025,🏋️‍♂️,"Calf Press · Machine",,,,,,""
02/10/2025,🔹,"Calf Press · Machine",1,350,lb,15,rep,""
02/10/2025,🔹,"Calf Press · Machine",2,310,lb,12,rep,""
02/10/2025,🔹,"Calf Press · Machine",3,310,lb,12,rep,""
02/10/2025,🏋️‍♂️,"Incline Curl · Dumbbell",,,,,,""
02/10/2025,🔹,"Incline Curl · Dumbbell",1,10,kg,12,rep,""
02/10/2025,🔹,"Incline Curl · Dumbbell",2,10,kg,11,rep,""
02/10/2025,🔹,"Incline Curl · Dumbbell",3,10,kg,10,rep,""
02/10/2025,🔹,"Incline Curl · Dumbbell",4,10,kg,10,rep,""
02/10/2025,🏋️‍♂️,"Dumbell preacher hammer curl",,,,,,""
02/10/2025,🔹,"Dumbell preacher hammer curl",1,12.5,kg,6,rep,""
02/10/2025,🔹,"Dumbell preacher hammer curl",2,12.5,kg,6,rep,""
02/10/2025,🔹,"Dumbell preacher hammer curl",3,12.5,kg,7,rep,""
02/10/2025,🔹,"Dumbell preacher hammer curl",4,12.5,kg,7,rep,""
04/10/2025,📅,,,,,,,"92 min"
04/10/2025,🏋️‍♂️,"Incline Bench Press · Barbell",,,,,,""
04/10/2025,🔹,"Incline Bench Press · Barbell",1,53,kg,9,rep,""
04/10/2025,🔹,"Incline Bench Press · Barbell",2,53,kg,9,rep,""
04/10/2025,🔹,"Incline Bench Press · Barbell",3,53,kg,9,rep,""
04/10/2025,🏋️‍♂️,"Pec Deck · Machine",,,,,,""
04/10/2025,🔹,"Pec Deck · Machine",1,130,lb,12,rep,""
04/10/2025,🔹,"Pec Deck · Machine",2,130,lb,12,rep,""
04/10/2025,🔹,"Pec Deck · Machine",3,130,lb,12,rep,""
04/10/2025,🏋️‍♂️,"Seated Row · Cable",,,,,,""
04/10/2025,🔹,"Seated Row · Cable",1,61,kg,9,rep,""
04/10/2025,🔹,"Seated Row · Cable",2,61,kg,9,rep,""
04/10/2025,🔹,"Seated Row · Cable",3,61,kg,9,rep,""
04/10/2025,🏋️‍♂️,"Single Arm Bent Over Row · Dumbbell",,,,,,""
04/10/2025,🔹,"Single Arm Bent Over Row · Dumbbell",1,20,kg,15,rep,""
04/10/2025,🔹,"Single Arm Bent Over Row · Dumbbell",2,20,kg,15,rep,""
04/10/2025,🔹,"Single Arm Bent Over Row · Dumbbell",3,20,kg,15,rep,""
04/10/2025,🏋️‍♂️,"Cable Raise",,,,,,""
04/10/2025,🔹,"Cable Raise",1,10,lb,17,rep,""
04/10/2025,🔹,"Cable Raise",2,15,lb,6,rep,""
04/10/2025,🔹,"Cable Raise",3,10,lb,15,rep,""
04/10/2025,🏋️‍♂️,"Standing Cable Triceps extension",,,,,,""
04/10/2025,🔹,"Standing Cable Triceps extension",1,32.5,lb,13,rep,""
04/10/2025,🔹,"Standing Cable Triceps extension",2,32.5,lb,13,rep,""
04/10/2025,🔹,"Standing Cable Triceps extension",3,32.5,lb,13,rep,""
04/10/2025,🏋️‍♂️,"Tricep Dip",,,,,,""
04/10/2025,🔹,"Tricep Dip",1,0,kg,10,rep,""
04/10/2025,🔹,"Tricep Dip",2,10,kg,8,rep,""
04/10/2025,🔹,"Tricep Dip",3,10,kg,8,rep,""
04/10/2025,🏋️‍♂️,"Crunch",,,,,,""
04/10/2025,🔹,"Crunch",1,110,lb,12,rep,""
04/10/2025,🔹,"Crunch",2,110,lb,12,rep,""
06/10/2025,📅,,,,,,,"107 min"
06/10/2025,🏋️‍♂️,"Squat · Smith Machine",,,,,,""
06/10/2025,🔹,"Squat · Smith Machine",1,80,kg,9,rep,""
06/10/2025,🔹,"Squat · Smith Machine",2,90,kg,9,rep,""
06/10/2025,🔹,"Squat · Smith Machine",3,100,kg,9,rep,""
06/10/2025,🏋️‍♂️,"Romanian Deadlift · Barbell",,,,,,""
06/10/2025,🔹,"Romanian Deadlift · Barbell",1,60,kg,6,rep,""
06/10/2025,🔹,"Romanian Deadlift · Barbell",2,60,kg,6,rep,""
06/10/2025,🔹,"Romanian Deadlift · Barbell",3,60,kg,6,rep,""
06/10/2025,🏋️‍♂️,"Leg Press · Machine",,,,,,""
06/10/2025,🔹,"Leg Press · Machine",1,270,lb,13,rep,""
06/10/2025,🔹,"Leg Press · Machine",2,270,lb,13,rep,""
06/10/2025,🔹,"Leg Press · Machine",3,270,lb,13,rep,""
06/10/2025,🏋️‍♂️,"Leg Curl · Machine",,,,,,""
06/10/2025,🔹,"Leg Curl · Machine",1,120,lb,12,rep,""
06/10/2025,🔹,"Leg Curl · Machine",2,120,lb,12,rep,""
06/10/2025,🏋️‍♂️,"Calf Press · Machine",,,,,,""
06/10/2025,🔹,"Calf Press · Machine",1,310,lb,15,rep,""
06/10/2025,🔹,"Calf Press · Machine",2,310,lb,15,rep,""
06/10/2025,🔹,"Calf Press · Machine",3,310,lb,15,rep,""
06/10/2025,🏋️‍♂️,"Preacher Curl · Barbell",,,,,,""
06/10/2025,🔹,"Preacher Curl · Barbell",1,24,kg,12,rep,""
06/10/2025,🔹,"Preacher Curl · Barbell",2,24,kg,12,rep,""
06/10/2025,🔹,"Preacher Curl · Barbell",3,24,kg,12,rep,""
06/10/2025,🏋️‍♂️,"Hammer Curl · Dumbbell",,,,,,""
06/10/2025,🔹,"Hammer Curl · Dumbbell",1,10,kg,12,rep,""
06/10/2025,🔹,"Hammer Curl · Dumbbell",2,10,kg,12,rep,""
06/10/2025,🔹,"Hammer Curl · Dumbbell",3,10,kg,12,rep,""
06/10/2025,🏋️‍♂️,"Pull Up",,,,,,""
06/10/2025,🔹,"Pull Up",1,0,kg,30,rep,""
07/10/2025,📅,,,,,,,"92 min"
07/10/2025,🏋️‍♂️,"Bench Press · Barbell",,,,,,""
07/10/2025,🔹,"Bench Press · Barbell",1,70,kg,7,rep,""
07/10/2025,🔹,"Bench Press · Barbell",2,70,kg,7,rep,""
07/10/2025,🔹,"Bench Press · Barbell",3,60,kg,7,rep,""
07/10/2025,🏋️‍♂️,"Incline Bench Press · Dumbbell",,,,,,""
07/10/2025,🔹,"Incline Bench Press · Dumbbell",1,45,kg,11,rep,""
07/10/2025,🔹,"Incline Bench Press · Dumbbell",2,45,kg,11,rep,""
07/10/2025,🔹,"Incline Bench Press · Dumbbell",3,45,kg,11,rep,""
07/10/2025,🏋️‍♂️,"Bent Over Row · Barbell",,,,,,""
07/10/2025,🔹,"Bent Over Row · Barbell",1,50,kg,9,rep,""
07/10/2025,🔹,"Bent Over Row · Barbell",2,50,kg,9,rep,""
07/10/2025,🔹,"Bent Over Row · Barbell",3,50,kg,10,rep,""
07/10/2025,🏋️‍♂️,"Lat Pull Down · Cable",,,,,,""
07/10/2025,🔹,"Lat Pull Down · Cable",1,61,kg,12,rep,""
07/10/2025,🔹,"Lat Pull Down · Cable",2,61,kg,10,rep,""
07/10/2025,🔹,"Lat Pull Down · Cable",3,54.5,kg,12,rep,""
07/10/2025,🏋️‍♂️,"Overhead Press · Barbell",,,,,,""
07/10/2025,🔹,"Overhead Press · Barbell",1,30,kg,9,rep,""
07/10/2025,🔹,"Overhead Press · Barbell",2,30,kg,9,rep,""
07/10/2025,🏋️‍♂️,"Skull crusher",,,,,,""
07/10/2025,🔹,"Skull crusher",1,24,kg,11,rep,""
07/10/2025,🔹,"Skull crusher",2,24,kg,12,rep,""
07/10/2025,🏋️‍♂️,"Tricep Extension · Cable",,,,,,""
07/10/2025,🔹,"Tricep Extension · Cable",1,47.5,lb,12,rep,""
07/10/2025,🔹,"Tricep Extension · Cable",2,47.5,lb,12,rep,""
07/10/2025,🔹,"Tricep Extension · Cable",3,47.5,lb,12,rep,""
07/10/2025,🏋️‍♂️,"Chair Leg Raise",,,,,,""
07/10/2025,🔹,"Chair Leg Raise",1,0,kg,20,rep,""
07/10/2025,🔹,"Chair Leg Raise",2,0,kg,20,rep,""
09/10/2025,📅,,,,,,,"111 min"
09/10/2025,🏋️‍♂️,"Squat · Barbell",,,,,,""
09/10/2025,🔹,"Squat · Barbell",1,80,kg,6,rep,""
09/10/2025,🔹,"Squat · Barbell",2,80,kg,6,rep,""
09/10/2025,🔹,"Squat · Barbell",3,80,kg,4,rep,""
09/10/2025,🏋️‍♂️,"Leg Extension · Machine",,,,,,""
09/10/2025,🔹,"Leg Extension · Machine",1,160,lb,13,rep,""
09/10/2025,🔹,"Leg Extension · Machine",2,160,lb,12,rep,""
09/10/2025,🔹,"Leg Extension · Machine",3,160,lb,12,rep,""
09/10/2025,🏋️‍♂️,"Leg Curl · Machine",,,,,,""
09/10/2025,🔹,"Leg Curl · Machine",1,120,lb,12,rep,""
09/10/2025,🔹,"Leg Curl · Machine",2,120,lb,12,rep,""
09/10/2025,🔹,"Leg Curl · Machine",3,120,lb,9,rep,""
09/10/2025,🏋️‍♂️,"Calf Press · Machine",,,,,,""
09/10/2025,🔹,"Calf Press · Machine",1,310,lb,20,rep,""
09/10/2025,🔹,"Calf Press · Machine",2,310,lb,20,rep,""
09/10/2025,🔹,"Calf Press · Machine",3,310,lb,18,rep,""
09/10/2025,🏋️‍♂️,"Incline Curl · Dumbbell",,,,,,""
09/10/2025,🔹,"Incline Curl · Dumbbell",1,10,kg,12,rep,""
09/10/2025,🔹,"Incline Curl · Dumbbell",2,10,kg,12,rep,""
09/10/2025,🔹,"Incline Curl · Dumbbell",3,10,kg,9,rep,""
09/10/2025,🔹,"Incline Curl · Dumbbell",4,10,kg,9,rep,""
09/10/2025,🏋️‍♂️,"Dumbell preacher hammer curl",,,,,,""
09/10/2025,🔹,"Dumbell preacher hammer curl",1,12.5,kg,7,rep,""
09/10/2025,🔹,"Dumbell preacher hammer curl",2,12.5,kg,7,rep,""
09/10/2025,🔹,"Dumbell preacher hammer curl",3,12.5,kg,7,rep,""
09/10/2025,🔹,"Dumbell preacher hammer curl",4,12.5,kg,7,rep,""
11/10/2025,📅,,,,,,,"90 min"
11/10/2025,🏋️‍♂️,"Incline Bench Press · Barbell",,,,,,""
11/10/2025,🔹,"Incline Bench Press · Barbell",1,53,kg,10,rep,""
11/10/2025,🔹,"Incline Bench Press · Barbell",2,53,kg,10,rep,""
11/10/2025,🔹,"Incline Bench Press · Barbell",3,53,kg,9,rep,""
11/10/2025,🏋️‍♂️,"Pec Deck · Machine",,,,,,""
11/10/2025,🔹,"Pec Deck · Machine",1,140,lb,10,rep,""
11/10/2025,🔹,"Pec Deck · Machine",2,140,lb,10,rep,""
11/10/2025,🔹,"Pec Deck · Machine",3,140,lb,10,rep,""
11/10/2025,🏋️‍♂️,"Seated Row · Cable",,,,,,""
11/10/2025,🔹,"Seated Row · Cable",1,61,kg,9,rep,""
11/10/2025,🔹,"Seated Row · Cable",2,61,kg,9,rep,""
11/10/2025,🔹,"Seated Row · Cable",3,61,kg,9,rep,""
11/10/2025,🏋️‍♂️,"Single Arm Bent Over Row · Dumbbell",,,,,,""
11/10/2025,🔹,"Single Arm Bent Over Row · Dumbbell",1,22.5,kg,12,rep,""
11/10/2025,🔹,"Single Arm Bent Over Row · Dumbbell",2,22.5,kg,12,rep,""
11/10/2025,🔹,"Single Arm Bent Over Row · Dumbbell",3,22.5,kg,12,rep,""
11/10/2025,🏋️‍♂️,"Cable Raise",,,,,,""
11/10/2025,🔹,"Cable Raise",1,10,lb,17,rep,""
11/10/2025,🔹,"Cable Raise",2,15,lb,6,rep,""
11/10/2025,🔹,"Cable Raise",3,10,lb,15,rep,""
11/10/2025,🏋️‍♂️,"Standing Cable Triceps extension",,,,,,""
11/10/2025,🔹,"Standing Cable Triceps extension",1,32.5,lb,9,rep,""
11/10/2025,🔹,"Standing Cable Triceps extension",2,32.5,lb,9,rep,""
11/10/2025,🔹,"Standing Cable Triceps extension",3,32.5,lb,9,rep,""
11/10/2025,🏋️‍♂️,"Tricep Dip",,,,,,""
11/10/2025,🔹,"Tricep Dip",1,0,kg,10,rep,""
11/10/2025,🔹,"Tricep Dip",2,10,kg,8,rep,""
11/10/2025,🔹,"Tricep Dip",3,10,kg,8,rep,""
11/10/2025,🏋️‍♂️,"Chair Leg Raise",,,,,,""
11/10/2025,🔹,"Chair Leg Raise",1,0,lb,20,rep,""
11/10/2025,🔹,"Chair Leg Raise",2,0,lb,20,rep,""
11/10/2025,🔹,"Chair Leg Raise",3,0,lb,20,rep,""
13/10/2025,📅,,,,,,,"89 min"
13/10/2025,🏋️‍♂️,"Squat · Smith Machine",,,,,,""
13/10/2025,🔹,"Squat · Smith Machine",1,80,kg,9,rep,""
13/10/2025,🔹,"Squat · Smith Machine",2,90,kg,9,rep,""
13/10/2025,🔹,"Squat · Smith Machine",3,100,kg,4,rep,""
13/10/2025,🔹,"Squat · Smith Machine",4,80,kg,9,rep,""
13/10/2025,🏋️‍♂️,"Leg Press · Machine",,,,,,""
13/10/2025,🔹,"Leg Press · Machine",1,270,lb,12,rep,""
13/10/2025,🔹,"Leg Press · Machine",2,280,lb,10,rep,""
13/10/2025,🔹,"Leg Press · Machine",3,290,lb,9,rep,""
13/10/2025,🏋️‍♂️,"Leg Curl · Machine",,,,,,""
13/10/2025,🔹,"Leg Curl · Machine",1,120,lb,12,rep,""
13/10/2025,🔹,"Leg Curl · Machine",2,120,lb,12,rep,""
13/10/2025,🏋️‍♂️,"Calf Press · Machine",,,,,,""
13/10/2025,🔹,"Calf Press · Machine",1,310,lb,20,rep,""
13/10/2025,🔹,"Calf Press · Machine",2,310,lb,20,rep,""
13/10/2025,🔹,"Calf Press · Machine",3,310,lb,20,rep,""
13/10/2025,🏋️‍♂️,"Preacher Curl · Barbell",,,,,,""
13/10/2025,🔹,"Preacher Curl · Barbell",1,19,kg,15,rep,""
13/10/2025,🔹,"Preacher Curl · Barbell",2,22.5,kg,15,rep,""
13/10/2025,🔹,"Preacher Curl · Barbell",3,22.5,kg,15,rep,""
13/10/2025,🔹,"Preacher Curl · Barbell",4,22.5,kg,15,rep,""
13/10/2025,🏋️‍♂️,"Hammer Curl · Dumbbell",,,,,,""
13/10/2025,🔹,"Hammer Curl · Dumbbell",1,10,kg,13,rep,""
13/10/2025,🔹,"Hammer Curl · Dumbbell",2,10,kg,13,rep,""
13/10/2025,🔹,"Hammer Curl · Dumbbell",3,10,kg,12,rep,""
13/10/2025,🏋️‍♂️,"Pull Up",,,,,,""
13/10/2025,🔹,"Pull Up",1,0,kg,30,rep,""
14/10/2025,📅,,,,,,,"128 min"
14/10/2025,🏋️‍♂️,"Bench Press · Barbell",,,,,,""
14/10/2025,🔹,"Bench Press · Barbell",1,70,kg,6,rep,""
14/10/2025,🔹,"Bench Press · Barbell",2,70,kg,6,rep,""
14/10/2025,🔹,"Bench Press · Barbell",3,70,kg,6,rep,""
14/10/2025,🏋️‍♂️,"Incline Bench Press · Dumbbell",,,,,,""
14/10/2025,🔹,"Incline Bench Press · Dumbbell",1,45,kg,9,rep,""
14/10/2025,🔹,"Incline Bench Press · Dumbbell",2,45,kg,9,rep,""
14/10/2025,🔹,"Incline Bench Press · Dumbbell",3,45,kg,11,rep,""
14/10/2025,🏋️‍♂️,"VAF Ruckeninsulator",,,,,,""
14/10/2025,🔹,"VAF Ruckeninsulator",1,9,kg,12,rep,""
14/10/2025,🔹,"VAF Ruckeninsulator",2,10,kg,12,rep,""
14/10/2025,🔹,"VAF Ruckeninsulator",3,11,kg,12,rep,""
14/10/2025,🏋️‍♂️,"Lat Pull Down · Cable",,,,,,""
14/10/2025,🔹,"Lat Pull Down · Cable",1,54.5,kg,12,rep,""
14/10/2025,🔹,"Lat Pull Down · Cable",2,54.5,kg,12,rep,""
14/10/2025,🔹,"Lat Pull Down · Cable",3,54.5,kg,12,rep,""
14/10/2025,🏋️‍♂️,"Overhead Press · Barbell",,,,,,""
14/10/2025,🔹,"Overhead Press · Barbell",1,30,kg,9,rep,""
14/10/2025,🔹,"Overhead Press · Barbell",2,30,kg,9,rep,""
14/10/2025,🏋️‍♂️,"Skull crusher",,,,,,""
14/10/2025,🔹,"Skull crusher",1,24,kg,11,rep,""
14/10/2025,🔹,"Skull crusher",2,24,kg,12,rep,""
14/10/2025,🏋️‍♂️,"Tricep Extension · Cable",,,,,,""
14/10/2025,🔹,"Tricep Extension · Cable",1,47.5,lb,12,rep,""
14/10/2025,🔹,"Tricep Extension · Cable",2,47.5,lb,12,rep,""
14/10/2025,🔹,"Tricep Extension · Cable",3,47.5,lb,12,rep,""
14/10/2025,🏋️‍♂️,"Crunch",,,,,,""
14/10/2025,🔹,"Crunch",1,100,lb,12,rep,""
14/10/2025,🔹,"Crunch",2,100,lb,12,rep,""
14/10/2025,🔹,"Crunch",3,110,lb,12,rep,""
17/10/2025,📅,,,,,,,"82 min"
17/10/2025,🏋️‍♂️,"Squat · Barbell",,,,,,""
17/10/2025,🔹,"Squat · Barbell",1,80,kg,6,rep,""
17/10/2025,🔹,"Squat · Barbell",2,80,kg,6,rep,""
17/10/2025,🔹,"Squat · Barbell",3,80,kg,6,rep,""
17/10/2025,🏋️‍♂️,"Leg Extension · Machine",,,,,,""
17/10/2025,🔹,"Leg Extension · Machine",1,160,lb,12,rep,""
17/10/2025,🔹,"Leg Extension · Machine",2,170,lb,10,rep,""
17/10/2025,🔹,"Leg Extension · Machine",3,170,lb,9,rep,""
17/10/2025,🏋️‍♂️,"Leg Curl · Machine",,,,,,""
17/10/2025,🔹,"Leg Curl · Machine",1,120,lb,12,rep,""
17/10/2025,🔹,"Leg Curl · Machine",2,120,lb,12,rep,""
17/10/2025,🔹,"Leg Curl · Machine",3,120,lb,9,rep,""
17/10/2025,🏋️‍♂️,"Calf Press · Machine",,,,,,""
17/10/2025,🔹,"Calf Press · Machine",1,310,lb,20,rep,""
17/10/2025,🔹,"Calf Press · Machine",2,310,lb,20,rep,""
17/10/2025,🔹,"Calf Press · Machine",3,310,lb,15,rep,""
17/10/2025,🏋️‍♂️,"Incline Curl · Dumbbell",,,,,,""
17/10/2025,🔹,"Incline Curl · Dumbbell",1,10,kg,12,rep,""
17/10/2025,🔹,"Incline Curl · Dumbbell",2,10,kg,12,rep,""
17/10/2025,🔹,"Incline Curl · Dumbbell",3,10,kg,9,rep,""
17/10/2025,🔹,"Incline Curl · Dumbbell",4,10,kg,9,rep,""
17/10/2025,🏋️‍♂️,"Dumbell preacher hammer curl",,,,,,""
17/10/2025,🔹,"Dumbell preacher hammer curl",1,10,kg,15,rep,""
17/10/2025,🔹,"Dumbell preacher hammer curl",2,12.5,kg,7,rep,""
17/10/2025,🔹,"Dumbell preacher hammer curl",3,12.5,kg,7,rep,""
17/10/2025,🔹,"Dumbell preacher hammer curl",4,12.5,kg,7,rep,""
18/10/2025,📅,,,,,,,"109 min"
18/10/2025,🏋️‍♂️,"Bench Press · Barbell",,,,,,""
18/10/2025,🔹,"Bench Press · Barbell",1,60,kg,6,rep,""
18/10/2025,🔹,"Bench Press · Barbell",2,70,kg,6,rep,""
18/10/2025,🏋️‍♂️,"Incline Bench Press · Barbell",,,,,,""
18/10/2025,🔹,"Incline Bench Press · Barbell",1,53,kg,9,rep,""
18/10/2025,🔹,"Incline Bench Press · Barbell",2,53,kg,9,rep,""
18/10/2025,🔹,"Incline Bench Press · Barbell",3,53,kg,8,rep,""
18/10/2025,🏋️‍♂️,"Pec Deck · Machine",,,,,,""
18/10/2025,🔹,"Pec Deck · Machine",1,140,lb,11,rep,""
18/10/2025,🔹,"Pec Deck · Machine",2,145,lb,9,rep,""
18/10/2025,🔹,"Pec Deck · Machine",3,145,lb,8,rep,""
18/10/2025,🏋️‍♂️,"Seated Row · Cable",,,,,,""
18/10/2025,🔹,"Seated Row · Cable",1,61,kg,9,rep,""
18/10/2025,🔹,"Seated Row · Cable",2,61,kg,9,rep,""
18/10/2025,🔹,"Seated Row · Cable",3,61,kg,9,rep,""
18/10/2025,🏋️‍♂️,"Single Arm Bent Over Row · Dumbbell",,,,,,""
18/10/2025,🔹,"Single Arm Bent Over Row · Dumbbell",1,25,kg,9,rep,""
18/10/2025,🔹,"Single Arm Bent Over Row · Dumbbell",2,25,kg,9,rep,""
18/10/2025,🔹,"Single Arm Bent Over Row · Dumbbell",3,25,kg,9,rep,""
18/10/2025,🏋️‍♂️,"Cable Raise",,,,,,""
18/10/2025,🔹,"Cable Raise",1,10,lb,18,rep,""
18/10/2025,🔹,"Cable Raise",2,15,lb,7,rep,""
18/10/2025,🔹,"Cable Raise",3,10,lb,14,rep,""
18/10/2025,🏋️‍♂️,"Standing Cable Triceps extension",,,,,,""
18/10/2025,🔹,"Standing Cable Triceps extension",1,32.5,lb,10,rep,""
18/10/2025,🔹,"Standing Cable Triceps extension",2,32.5,lb,12,rep,""
18/10/2025,🔹,"Standing Cable Triceps extension",3,32.5,lb,12,rep,""
18/10/2025,🏋️‍♂️,"Tricep Dip",,,,,,""
18/10/2025,🔹,"Tricep Dip",1,0,kg,9,rep,""
18/10/2025,🔹,"Tricep Dip",2,10,kg,9,rep,""
18/10/2025,🔹,"Tricep Dip",3,10,kg,9,rep,""
18/10/2025,🏋️‍♂️,"Chair Leg Raise",,,,,,""
18/10/2025,🔹,"Chair Leg Raise",1,0,lb,20,rep,""
18/10/2025,🔹,"Chair Leg Raise",2,0,lb,20,rep,""
18/10/2025,🔹,"Chair Leg Raise",3,0,lb,20,rep,""
20/10/2025,📅,,,,,,,"85 min"
20/10/2025,🏋️‍♂️,"Squat · Barbell",,,,,,""
20/10/2025,🔹,"Squat · Barbell",1,70,kg,9,rep,""
20/10/2025,🔹,"Squat · Barbell",2,80,kg,7,rep,""
20/10/2025,🔹,"Squat · Barbell",3,80,kg,7,rep,""
20/10/2025,🔹,"Squat · Barbell",4,70,kg,7,rep,""
20/10/2025,🏋️‍♂️,"Leg Press · Machine",,,,,,""
20/10/2025,🔹,"Leg Press · Machine",1,270,lb,13,rep,""
20/10/2025,🔹,"Leg Press · Machine",2,280,lb,11,rep,""
20/10/2025,🔹,"Leg Press · Machine",3,300,lb,9,rep,""
20/10/2025,🏋️‍♂️,"Leg Curl · Machine",,,,,,""
20/10/2025,🔹,"Leg Curl · Machine",1,120,lb,13,rep,""
20/10/2025,🔹,"Leg Curl · Machine",2,120,lb,12,rep,""
20/10/2025,🏋️‍♂️,"Calf Press · Machine",,,,,,""
20/10/2025,🔹,"Calf Press · Machine",1,325,lb,20,rep,""
20/10/2025,🔹,"Calf Press · Machine",2,310,lb,20,rep,""
20/10/2025,🔹,"Calf Press · Machine",3,310,lb,20,rep,""
20/10/2025,🏋️‍♂️,"Curl · Barbell",,,,,,""
20/10/2025,🔹,"Curl · Barbell",1,19,kg,15,rep,""
20/10/2025,🔹,"Curl · Barbell",2,19,kg,10,rep,""
20/10/2025,🔹,"Curl · Barbell",3,19,kg,10,rep,""
20/10/2025,🔹,"Curl · Barbell",4,19,kg,10,rep,""
20/10/2025,🏋️‍♂️,"Hammer Curl · Dumbbell",,,,,,""
20/10/2025,🔹,"Hammer Curl · Dumbbell",1,10,kg,13,rep,""
20/10/2025,🔹,"Hammer Curl · Dumbbell",2,10,kg,11,rep,""
20/10/2025,🔹,"Hammer Curl · Dumbbell",3,10,kg,12,rep,""
20/10/2025,🏋️‍♂️,"Pull Up",,,,,,""
20/10/2025,🔹,"Pull Up",1,0,kg,30,rep,""
21/10/2025,📅,,,,,,,"104 min"
21/10/2025,🏋️‍♂️,"Bench Press · Barbell",,,,,,""
21/10/2025,🔹,"Bench Press · Barbell",1,60,kg,6,rep,""
21/10/2025,🔹,"Bench Press · Barbell",2,70,kg,7,rep,""
21/10/2025,🔹,"Bench Press · Barbell",3,70,kg,7,rep,""
21/10/2025,🔹,"Bench Press · Barbell",4,70,kg,5,rep,""
21/10/2025,🏋️‍♂️,"Incline Bench Press · Dumbbell",,,,,,""
21/10/2025,🔹,"Incline Bench Press · Dumbbell",1,45,kg,9,rep,""
21/10/2025,🔹,"Incline Bench Press · Dumbbell",2,45,kg,9,rep,""
21/10/2025,🏋️‍♂️,"VAF Ruckeninsulator",,,,,,""
21/10/2025,🔹,"VAF Ruckeninsulator",1,11,kg,12,rep,""
21/10/2025,🔹,"VAF Ruckeninsulator",2,12,kg,9,rep,""
21/10/2025,🔹,"VAF Ruckeninsulator",3,13,kg,9,rep,""
21/10/2025,🏋️‍♂️,"Lat Pull Down · Cable",,,,,,""
21/10/2025,🔹,"Lat Pull Down · Cable",1,54.5,kg,9,rep,""
21/10/2025,🔹,"Lat Pull Down · Cable",2,61,kg,8,rep,""
21/10/2025,🔹,"Lat Pull Down · Cable",3,61,kg,8,rep,""
21/10/2025,🏋️‍♂️,"Overhead Press · Barbell",,,,,,""
21/10/2025,🔹,"Overhead Press · Barbell",1,30,kg,9,rep,""
21/10/2025,🔹,"Overhead Press · Barbell",2,30,kg,9,rep,""
21/10/2025,🏋️‍♂️,"Skull crusher",,,,,,""
21/10/2025,🔹,"Skull crusher",1,24,kg,10,rep,""
21/10/2025,🔹,"Skull crusher",2,24,kg,12,rep,""
21/10/2025,🏋️‍♂️,"Tricep Extension · Cable",,,,,,""
21/10/2025,🔹,"Tricep Extension · Cable",1,47.5,lb,12,rep,""
21/10/2025,🔹,"Tricep Extension · Cable",2,55,lb,9,rep,""
21/10/2025,🔹,"Tricep Extension · Cable",3,55,lb,9,rep,""
21/10/2025,🏋️‍♂️,"Crunch",,,,,,""
21/10/2025,🔹,"Crunch",1,105,lb,9,rep,""
21/10/2025,🔹,"Crunch",2,110,lb,9,rep,""
21/10/2025,🔹,"Crunch",3,115,lb,9,rep,""
24/10/2025,📅,,,,,,,"101 min"
24/10/2025,🏋️‍♂️,"Squat · Barbell",,,,,,""
24/10/2025,🔹,"Squat · Barbell",1,70,kg,7,rep,""
24/10/2025,🔹,"Squat · Barbell",2,80,kg,7,rep,""
24/10/2025,🔹,"Squat · Barbell",3,90,kg,3,rep,""
24/10/2025,🏋️‍♂️,"Leg Extension · Machine",,,,,,""
24/10/2025,🔹,"Leg Extension · Machine",1,160,lb,12,rep,""
24/10/2025,🔹,"Leg Extension · Machine",2,165,lb,12,rep,""
24/10/2025,🔹,"Leg Extension · Machine",3,170,lb,9,rep,""
24/10/2025,🏋️‍♂️,"Leg Curl · Machine",,,,,,""
24/10/2025,🔹,"Leg Curl · Machine",1,120,lb,12,rep,""
24/10/2025,🔹,"Leg Curl · Machine",2,120,lb,12,rep,""
24/10/2025,🔹,"Leg Curl · Machine",3,120,lb,9,rep,""
24/10/2025,🏋️‍♂️,"Calf Press · Machine",,,,,,""
24/10/2025,🔹,"Calf Press · Machine",1,325,lb,20,rep,""
24/10/2025,🔹,"Calf Press · Machine",2,310,lb,20,rep,""
24/10/2025,🔹,"Calf Press · Machine",3,310,lb,15,rep,""
24/10/2025,🏋️‍♂️,"Curl · Dumbbell",,,,,,""
24/10/2025,🔹,"Curl · Dumbbell",1,10,kg,12,rep,""
24/10/2025,🔹,"Curl · Dumbbell",2,12.5,kg,8,rep,""
24/10/2025,🔹,"Curl · Dumbbell",3,12.5,kg,8,rep,""
24/10/2025,🔹,"Curl · Dumbbell",4,12.5,kg,8,rep,""
24/10/2025,🏋️‍♂️,"Dumbell preacher hammer curl",,,,,,""
24/10/2025,🔹,"Dumbell preacher hammer curl",1,10,kg,16,rep,""
24/10/2025,🔹,"Dumbell preacher hammer curl",2,10,kg,16,rep,""
24/10/2025,🔹,"Dumbell preacher hammer curl",3,10,kg,16,rep,""
24/10/2025,🔹,"Dumbell preacher hammer curl",4,10,kg,16,rep,""
25/10/2025,📅,,,,,,,"111 min"
25/10/2025,🏋️‍♂️,"Bench Press · Barbell",,,,,,""
25/10/2025,🔹,"Bench Press · Barbell",1,60,kg,7,rep,""
25/10/2025,🔹,"Bench Press · Barbell",2,70,kg,7,rep,""
25/10/2025,🔹,"Bench Press · Barbell",3,75,kg,4,rep,""
25/10/2025,🔹,"Bench Press · Barbell",4,80,kg,3,rep,""
25/10/2025,🏋️‍♂️,"Incline Bench Press · Barbell",,,,,,""
25/10/2025,🔹,"Incline Bench Press · Barbell",1,53,kg,9,rep,""
25/10/2025,🔹,"Incline Bench Press · Barbell",2,53,kg,9,rep,""
25/10/2025,🔹,"Incline Bench Press · Barbell",3,53,kg,9,rep,""
25/10/2025,🏋️‍♂️,"Pec Deck · Machine",,,,,,""
25/10/2025,🔹,"Pec Deck · Machine",1,145,lb,8,rep,""
25/10/2025,🔹,"Pec Deck · Machine",2,145,lb,9,rep,""
25/10/2025,🔹,"Pec Deck · Machine",3,150,lb,6,rep,""
25/10/2025,🏋️‍♂️,"Seated Row · Cable",,,,,,""
25/10/2025,🔹,"Seated Row · Cable",1,61,kg,9,rep,""
25/10/2025,🔹,"Seated Row · Cable",2,61,kg,9,rep,""
25/10/2025,🔹,"Seated Row · Cable",3,61,kg,9,rep,""
25/10/2025,🏋️‍♂️,"Pull Up",,,,,,""
25/10/2025,🔹,"Pull Up",1,0,kg,10,rep,""
25/10/2025,🔹,"Pull Up",2,0,kg,7,rep,""
25/10/2025,🔹,"Pull Up",3,0,kg,10,rep,""
25/10/2025,🏋️‍♂️,"Cable Raise",,,,,,""
25/10/2025,🔹,"Cable Raise",1,10,lb,20,rep,""
25/10/2025,🔹,"Cable Raise",2,15,lb,8,rep,""
25/10/2025,🔹,"Cable Raise",3,10,lb,14,rep,""
25/10/2025,🏋️‍♂️,"Standing Cable Triceps extension",,,,,,""
25/10/2025,🔹,"Standing Cable Triceps extension",1,32.5,lb,12,rep,""
25/10/2025,🔹,"Standing Cable Triceps extension",2,32.5,lb,12,rep,""
25/10/2025,🔹,"Standing Cable Triceps extension",3,32.5,lb,12,rep,""
25/10/2025,🏋️‍♂️,"Tricep Dip",,,,,,""
25/10/2025,🔹,"Tricep Dip",1,0,kg,10,rep,""
25/10/2025,🔹,"Tricep Dip",2,10,kg,9,rep,""
25/10/2025,🔹,"Tricep Dip",3,10,kg,9,rep,""
25/10/2025,🏋️‍♂️,"Chair Leg Raise",,,,,,""
25/10/2025,🔹,"Chair Leg Raise",1,0,lb,20,rep,""
25/10/2025,🔹,"Chair Leg Raise",2,0,lb,20,rep,""
25/10/2025,🔹,"Chair Leg Raise",3,0,lb,20,rep,""
27/10/2025,📅,,,,,,,"77 min"
27/10/2025,🏋️‍♂️,"Squat · Barbell",,,,,,""
27/10/2025,🔹,"Squat · Barbell",1,80,kg,6,rep,""
27/10/2025,🔹,"Squat · Barbell",2,80,kg,6,rep,""
27/10/2025,🔹,"Squat · Barbell",3,85,kg,4,rep,""
27/10/2025,🔹,"Squat · Barbell",4,90,kg,3,rep,""
27/10/2025,🏋️‍♂️,"Leg Press · Machine",,,,,,""
27/10/2025,🔹,"Leg Press · Machine",1,280,lb,9,rep,""
27/10/2025,🔹,"Leg Press · Machine",2,290,lb,9,rep,""
27/10/2025,🔹,"Leg Press · Machine",3,300,lb,15,rep,""
27/10/2025,🏋️‍♂️,"Leg Curl · Machine",,,,,,""
27/10/2025,🔹,"Leg Curl · Machine",1,120,lb,13,rep,""
27/10/2025,🔹,"Leg Curl · Machine",2,120,lb,12,rep,""
27/10/2025,🏋️‍♂️,"Calf Press · Machine",,,,,,""
27/10/2025,🔹,"Calf Press · Machine",1,325,lb,20,rep,""
27/10/2025,🔹,"Calf Press · Machine",2,320,lb,20,rep,""
27/10/2025,🔹,"Calf Press · Machine",3,320,lb,20,rep,""
27/10/2025,🏋️‍♂️,"Curl · Barbell",,,,,,""
27/10/2025,🔹,"Curl · Barbell",1,19,kg,15,rep,""
27/10/2025,🔹,"Curl · Barbell",2,19,kg,12,rep,""
27/10/2025,🔹,"Curl · Barbell",3,19,kg,12,rep,""
27/10/2025,🔹,"Curl · Barbell",4,19,kg,12,rep,""
27/10/2025,🏋️‍♂️,"Hammer Curl · Dumbbell",,,,,,""
27/10/2025,🔹,"Hammer Curl · Dumbbell",1,10,kg,10,rep,""
27/10/2025,🔹,"Hammer Curl · Dumbbell",2,10,kg,12,rep,""
27/10/2025,🔹,"Hammer Curl · Dumbbell",3,10,kg,12,rep,""
27/10/2025,🏋️‍♂️,"Pull Up",,,,,,""
27/10/2025,🔹,"Pull Up",1,0,kg,30,rep,""
28/10/2025,📅,,,,,,,"119 min"
28/10/2025,🏋️‍♂️,"Bench Press · Barbell",,,,,,""
28/10/2025,🔹,"Bench Press · Barbell",1,60,kg,7,rep,""
28/10/2025,🔹,"Bench Press · Barbell",2,70,kg,7,rep,""
28/10/2025,🔹,"Bench Press · Barbell",3,80,kg,3,rep,""
28/10/2025,🔹,"Bench Press · Barbell",4,70,kg,6,rep,""
28/10/2025,🏋️‍♂️,"Incline Bench Press · Dumbbell",,,,,,""
28/10/2025,🔹,"Incline Bench Press · Dumbbell",1,45,kg,10,rep,""
28/10/2025,🔹,"Incline Bench Press · Dumbbell",2,45,kg,10,rep,""
28/10/2025,🏋️‍♂️,"VAF Ruckeninsulator",,,,,,""
28/10/2025,🔹,"VAF Ruckeninsulator",1,12,kg,9,rep,""
28/10/2025,🔹,"VAF Ruckeninsulator",2,13,kg,9,rep,""
28/10/2025,🔹,"VAF Ruckeninsulator",3,14,kg,9,rep,""
28/10/2025,🏋️‍♂️,"Lat Pull Down · Cable",,,,,,""
28/10/2025,🔹,"Lat Pull Down · Cable",1,54.5,kg,8,rep,""
28/10/2025,🔹,"Lat Pull Down · Cable",2,61,kg,8,rep,""
28/10/2025,🔹,"Lat Pull Down · Cable",3,61,kg,8,rep,""
28/10/2025,🏋️‍♂️,"Overhead Press · Barbell",,,,,,""
28/10/2025,🔹,"Overhead Press · Barbell",1,30,kg,10,rep,""
28/10/2025,🔹,"Overhead Press · Barbell",2,30,kg,9,rep,""
28/10/2025,🏋️‍♂️,"Skull crusher",,,,,,""
28/10/2025,🔹,"Skull crusher",1,24,kg,10,rep,""
28/10/2025,🔹,"Skull crusher",2,24,kg,12,rep,""
28/10/2025,🏋️‍♂️,"Tricep Extension · Cable",,,,,,""
28/10/2025,🔹,"Tricep Extension · Cable",1,55,lb,9,rep,""
28/10/2025,🔹,"Tricep Extension · Cable",2,55,lb,9,rep,""
28/10/2025,🔹,"Tricep Extension · Cable",3,55,lb,9,rep,""
28/10/2025,🏋️‍♂️,"Crunch",,,,,,""
28/10/2025,🔹,"Crunch",1,130,lb,6,rep,""
28/10/2025,🔹,"Crunch",2,130,lb,6,rep,""
28/10/2025,🔹,"Crunch",3,115,lb,9,rep,""
30/10/2025,📅,,,,,,,"84 min | Upper"
30/10/2025,🏋️‍♂️,"The Rock Barbell Squat",,,,,,""
30/10/2025,🔹,"The Rock Barbell Squat",1,60,kg,6,rep,""
30/10/2025,🔹,"The Rock Barbell Squat",2,70,kg,6,rep,""
30/10/2025,🔹,"The Rock Barbell Squat",3,80,kg,6,rep,""
30/10/2025,🏋️‍♂️,"Leg Extension · Machine",,,,,,""
30/10/2025,🔹,"Leg Extension · Machine",1,170,lb,10,rep,""
30/10/2025,🔹,"Leg Extension · Machine",2,170,lb,10,rep,""
30/10/2025,🔹,"Leg Extension · Machine",3,170,lb,9,rep,""
30/10/2025,🏋️‍♂️,"Leg Curl · Machine",,,,,,""
30/10/2025,🔹,"Leg Curl · Machine",1,120,lb,12,rep,""
30/10/2025,🔹,"Leg Curl · Machine",2,120,lb,12,rep,""
30/10/2025,🔹,"Leg Curl · Machine",3,120,lb,9,rep,""
30/10/2025,🏋️‍♂️,"Calf Press · Machine",,,,,,""
30/10/2025,🔹,"Calf Press · Machine",1,325,lb,20,rep,""
30/10/2025,🔹,"Calf Press · Machine",2,320,lb,20,rep,""
30/10/2025,🔹,"Calf Press · Machine",3,320,lb,15,rep,""
30/10/2025,🏋️‍♂️,"Curl · Dumbbell",,,,,,""
30/10/2025,🔹,"Curl · Dumbbell",1,12.5,kg,10,rep,""
30/10/2025,🔹,"Curl · Dumbbell",2,12.5,kg,9,rep,""
30/10/2025,🔹,"Curl · Dumbbell",3,12.5,kg,8,rep,""
30/10/2025,🔹,"Curl · Dumbbell",4,12.5,kg,8,rep,""
30/10/2025,🏋️‍♂️,"Dumbell preacher hammer curl",,,,,,""
30/10/2025,🔹,"Dumbell preacher hammer curl",1,10,kg,16,rep,""
30/10/2025,🔹,"Dumbell preacher hammer curl",2,10,kg,18,rep,""
30/10/2025,🔹,"Dumbell preacher hammer curl",3,10,kg,16,rep,""
30/10/2025,🔹,"Dumbell preacher hammer curl",4,10,kg,16,rep,""
01/11/2025,📅,,,,,,,"97 min"
01/11/2025,🏋️‍♂️,"Bench Press · Barbell",,,,,,""
01/11/2025,🔹,"Bench Press · Barbell",1,70,kg,7,rep,""
01/11/2025,🔹,"Bench Press · Barbell",2,70,kg,7,rep,""
01/11/2025,🔹,"Bench Press · Barbell",3,80,kg,4,rep,""
01/11/2025,🏋️‍♂️,"Incline Bench Press · Barbell",,,,,,""
01/11/2025,🔹,"Incline Bench Press · Barbell",1,53,kg,9,rep,""
01/11/2025,🔹,"Incline Bench Press · Barbell",2,53,kg,9,rep,""
01/11/2025,🔹,"Incline Bench Press · Barbell",3,53,kg,9,rep,""
01/11/2025,🏋️‍♂️,"Pec Deck · Machine",,,,,,""
01/11/2025,🔹,"Pec Deck · Machine",1,145,lb,8,rep,""
01/11/2025,🔹,"Pec Deck · Machine",2,140,lb,9,rep,""
01/11/2025,🔹,"Pec Deck · Machine",3,140,lb,8,rep,""
01/11/2025,🏋️‍♂️,"Seated Row · Cable",,,,,,""
01/11/2025,🔹,"Seated Row · Cable",1,61,kg,9,rep,""
01/11/2025,🔹,"Seated Row · Cable",2,54.5,kg,10,rep,""
01/11/2025,🔹,"Seated Row · Cable",3,61,kg,9,rep,""
01/11/2025,🏋️‍♂️,"Single Arm Bent Over Row · Dumbbell",,,,,,""
01/11/2025,🔹,"Single Arm Bent Over Row · Dumbbell",1,25,kg,11,rep,""
01/11/2025,🔹,"Single Arm Bent Over Row · Dumbbell",2,25,kg,11,rep,""
01/11/2025,🔹,"Single Arm Bent Over Row · Dumbbell",3,25,kg,11,rep,""
01/11/2025,🏋️‍♂️,"Cable Raise",,,,,,""
01/11/2025,🔹,"Cable Raise",1,10,lb,20,rep,""
01/11/2025,🔹,"Cable Raise",2,15,lb,9,rep,""
01/11/2025,🔹,"Cable Raise",3,10,lb,16,rep,""
01/11/2025,🏋️‍♂️,"Tricep Extension · Cable",,,,,,""
01/11/2025,🔹,"Tricep Extension · Cable",1,55,lb,10,rep,""
01/11/2025,🔹,"Tricep Extension · Cable",2,32.5,lb,12,rep,""
01/11/2025,🔹,"Tricep Extension · Cable",3,32.5,lb,12,rep,""
01/11/2025,🏋️‍♂️,"Tricep Dip",,,,,,""
01/11/2025,🔹,"Tricep Dip",1,0,kg,10,rep,""
01/11/2025,🔹,"Tricep Dip",2,0,kg,7,rep,""
01/11/2025,🔹,"Tricep Dip",3,0,kg,9,rep,""
01/11/2025,🏋️‍♂️,"Chair Leg Raise",,,,,,""
01/11/2025,🔹,"Chair Leg Raise",1,0,lb,20,rep,""
01/11/2025,🔹,"Chair Leg Raise",2,0,lb,20,rep,""
01/11/2025,🔹,"Chair Leg Raise",3,0,lb,20,rep,""
03/11/2025,📅,,,,,,,"72 min | Lower"
03/11/2025,🏋️‍♂️,"Squat · Barbell",,,,,,""
03/11/2025,🔹,"Squat · Barbell",1,60,kg,8,rep,""
03/11/2025,🔹,"Squat · Barbell",2,70,kg,7,rep,""
03/11/2025,🔹,"Squat · Barbell",3,80,kg,5,rep,""
03/11/2025,🔹,"Squat · Barbell",4,80,kg,5,rep,""
03/11/2025,🔹,"Squat · Barbell",5,60,kg,9,rep,""
03/11/2025,🏋️‍♂️,"Calf Press · Machine",,,,,,""
03/11/2025,🔹,"Calf Press · Machine",1,330,lb,20,rep,""
03/11/2025,🔹,"Calf Press · Machine",2,320,lb,10,rep,""
03/11/2025,🔹,"Calf Press · Machine",3,320,lb,10,rep,""
03/11/2025,🏋️‍♂️,"Leg Curl · Machine",,,,,,""
03/11/2025,🔹,"Leg Curl · Machine",1,120,lb,10,rep,""
03/11/2025,🔹,"Leg Curl · Machine",2,120,lb,10,rep,""
03/11/2025,🔹,"Leg Curl · Machine",3,120,lb,10,rep,""
03/11/2025,🏋️‍♂️,"Machine Crunch",,,,,,""
03/11/2025,🔹,"Machine Crunch",1,115,kg,10,rep,""
03/11/2025,🔹,"Machine Crunch",2,120,kg,9,rep,""
04/11/2025,📅,,,,,,,"47 min | Upper"
04/11/2025,🏋️‍♂️,"Bench Press · Barbell",,,,,,""
04/11/2025,🔹,"Bench Press · Barbell",1,70,kg,8,rep,""
04/11/2025,🔹,"Bench Press · Barbell",2,70,kg,6,rep,""
04/11/2025,🔹,"Bench Press · Barbell",3,80,kg,3,rep,""
04/11/2025,🔹,"Bench Press · Barbell",4,80,kg,3,rep,""
04/11/2025,🔹,"Bench Press · Barbell",5,70,kg,6,rep,""
04/11/2025,🏋️‍♂️,"Incline Bench Press · Dumbbell",,,,,,""
04/11/2025,🔹,"Incline Bench Press · Dumbbell",1,45,kg,10,rep,""
04/11/2025,🔹,"Incline Bench Press · Dumbbell",2,45,kg,10,rep,""
04/11/2025,🔹,"Incline Bench Press · Dumbbell",3,45,kg,10,rep,""
04/11/2025,🏋️‍♂️,"Pec Deck · Machine",,,,,,""
04/11/2025,🔹,"Pec Deck · Machine",1,140,lb,9,rep,""
04/11/2025,🔹,"Pec Deck · Machine",2,140,lb,9,rep,"Hard"
04/11/2025,🔹,"Pec Deck · Machine",3,140,lb,9,rep,"Hard"
04/11/2025,🏋️‍♂️,"VAF Ruckeninsulator",,,,,,""
04/11/2025,🔹,"VAF Ruckeninsulator",1,14,kg,9,rep,""
04/11/2025,🔹,"VAF Ruckeninsulator",2,14,kg,9,rep,""
04/11/2025,🔹,"VAF Ruckeninsulator",3,14,kg,9,rep,""
04/11/2025,🏋️‍♂️,"Lat Pull Down · Cable",,,,,,""
04/11/2025,🔹,"Lat Pull Down · Cable",1,54.5,kg,9,rep,""
04/11/2025,🔹,"Lat Pull Down · Cable",2,54.5,kg,9,rep,""
04/11/2025,🔹,"Lat Pull Down · Cable",3,54.5,kg,9,rep,""
05/11/2025,📅,,,,,,,"71 min | Bro"
05/11/2025,🏋️‍♂️,"Overhead Press · Barbell",,,,,,""
05/11/2025,🔹,"Overhead Press · Barbell",1,30,kg,11,rep,""
05/11/2025,🔹,"Overhead Press · Barbell",2,30,kg,9,rep,""
05/11/2025,🔹,"Overhead Press · Barbell",3,30,kg,8,rep,""
05/11/2025,🔹,"Overhead Press · Barbell",4,30,kg,8,rep,""
05/11/2025,🏋️‍♂️,"Rear Delt",,,,,,""
05/11/2025,🔹,"Rear Delt",1,80,lb,12,rep,""
05/11/2025,🔹,"Rear Delt",2,85,lb,12,rep,""
05/11/2025,🔹,"Rear Delt",3,90,lb,12,rep,""
05/11/2025,🏋️‍♂️,"Skull crusher",,,,,,""
05/11/2025,🔹,"Skull crusher",1,24,kg,9,rep,""
05/11/2025,🔹,"Skull crusher",2,24,kg,9,rep,""
05/11/2025,🔹,"Skull crusher",3,24,kg,9,rep,""
05/11/2025,🏋️‍♂️,"Curl · Barbell",,,,,,""
05/11/2025,🔹,"Curl · Barbell",1,19,kg,15,rep,""
05/11/2025,🔹,"Curl · Barbell",2,19,kg,12,rep,""
05/11/2025,🔹,"Curl · Barbell",3,19,kg,12,rep,""
05/11/2025,🏋️‍♂️,"Tricep Extension · Cable",,,,,,""
05/11/2025,🔹,"Tricep Extension · Cable",1,55,lb,10,rep,""
05/11/2025,🔹,"Tricep Extension · Cable",2,55,lb,8,rep,""
05/11/2025,🔹,"Tricep Extension · Cable",3,55,lb,8,rep,""
05/11/2025,🏋️‍♂️,"Hammer Curl · Dumbbell",,,,,,""
05/11/2025,🔹,"Hammer Curl · Dumbbell",1,10,kg,15,rep,""
05/11/2025,🔹,"Hammer Curl · Dumbbell",2,10,kg,15,rep,""
05/11/2025,🔹,"Hammer Curl · Dumbbell",3,10,kg,12,rep,""
06/11/2025,📅,,,,,,,"37 min | Lower'"
06/11/2025,🏋️‍♂️,"Romanian Deadlift · Barbell",,,,,,""
06/11/2025,🔹,"Romanian Deadlift · Barbell",1,60,kg,6,rep,""
06/11/2025,🔹,"Romanian Deadlift · Barbell",2,60,kg,6,rep,""
06/11/2025,🔹,"Romanian Deadlift · Barbell",3,60,kg,6,rep,""
06/11/2025,🔹,"Romanian Deadlift · Barbell",4,60,kg,6,rep,""
06/11/2025,🔹,"Romanian Deadlift · Barbell",5,60,kg,6,rep,""
06/11/2025,🏋️‍♂️,"Leg Press · Machine",,,,,,""
06/11/2025,🔹,"Leg Press · Machine",1,300,lb,9,rep,""
06/11/2025,🔹,"Leg Press · Machine",2,300,lb,9,rep,""
06/11/2025,🔹,"Leg Press · Machine",3,300,lb,9,rep,""
06/11/2025,🏋️‍♂️,"Calf Press · Machine",,,,,,""
06/11/2025,🔹,"Calf Press · Machine",1,330,lb,12,rep,""
06/11/2025,🔹,"Calf Press · Machine",2,330,lb,12,rep,""
06/11/2025,🔹,"Calf Press · Machine",3,330,lb,12,rep,""
06/11/2025,🏋️‍♂️,"Leg Extension · Machine",,,,,,""
06/11/2025,🔹,"Leg Extension · Machine",1,170,lb,9,rep,""
06/11/2025,🔹,"Leg Extension · Machine",2,170,lb,9,rep,""
06/11/2025,🏋️‍♂️,"Machine Crunch",,,,,,""
06/11/2025,🔹,"Machine Crunch",1,120,kg,9,rep,""
06/11/2025,🔹,"Machine Crunch",2,120,kg,9,rep,""
06/11/2025,🔹,"Machine Crunch",3,120,kg,9,rep,""
07/11/2025,📅,,,,,,,"47 min | Upper'"
07/11/2025,🏋️‍♂️,"Lat Pull Down · Cable",,,,,,""
07/11/2025,🔹,"Lat Pull Down · Cable",1,54.5,kg,12,rep,""
07/11/2025,🔹,"Lat Pull Down · Cable",2,54.5,kg,12,rep,""
07/11/2025,🔹,"Lat Pull Down · Cable",3,54.5,kg,10,rep,""
07/11/2025,🔹,"Lat Pull Down · Cable",4,54.5,kg,12,rep,""
07/11/2025,🏋️‍♂️,"Seated Row · Cable",,,,,,""
07/11/2025,🔹,"Seated Row · Cable",1,61,kg,9,rep,""
07/11/2025,🔹,"Seated Row · Cable",2,61,kg,9,rep,""
07/11/2025,🔹,"Seated Row · Cable",3,54.5,kg,12,rep,""
07/11/2025,🏋️‍♂️,"Bench Press · Dumbbell",,,,,,""
07/11/2025,🔹,"Bench Press · Dumbbell",1,40,kg,9,rep,""
07/11/2025,🔹,"Bench Press · Dumbbell",2,50,kg,8,rep,""
07/11/2025,🔹,"Bench Press · Dumbbell",3,55,kg,8,rep,""
07/11/2025,🔹,"Bench Press · Dumbbell",4,55,kg,8,rep,""
07/11/2025,🏋️‍♂️,"Incline Bench Press · Barbell",,,,,,""
07/11/2025,🔹,"Incline Bench Press · Barbell",1,53,kg,10,rep,""
07/11/2025,🔹,"Incline Bench Press · Barbell",2,53,kg,12,rep,""
07/11/2025,🔹,"Incline Bench Press · Barbell",3,53,kg,12,rep,""
08/11/2025,📅,,,,,,,"74 min | Bro'"
08/11/2025,🏋️‍♂️,"Tricep Dip",,,,,,""
08/11/2025,🔹,"Tricep Dip",1,0,kg,13,rep,""
08/11/2025,🔹,"Tricep Dip",2,0,kg,13,rep,""
08/11/2025,🔹,"Tricep Dip",3,0,kg,13,rep,""
08/11/2025,🔹,"Tricep Dip",4,10,kg,8,rep,""
08/11/2025,🔹,"Tricep Dip",5,10,kg,8,rep,""
08/11/2025,🏋️‍♂️,"Single Arm Overhead Triceps Extension · Dumbbell",,,,,,""
08/11/2025,🔹,"Single Arm Overhead Triceps Extension · Dumbbell",1,6,kg,13,rep,""
08/11/2025,🔹,"Single Arm Overhead Triceps Extension · Dumbbell",2,7,kg,13,rep,""
08/11/2025,🔹,"Single Arm Overhead Triceps Extension · Dumbbell",3,8,kg,11,rep,""
08/11/2025,🔹,"Single Arm Overhead Triceps Extension · Dumbbell",4,8,kg,9,rep,""
08/11/2025,🏋️‍♂️,"Cable Raise (Freie)",,,,,,""
08/11/2025,🔹,"Cable Raise (Freie)",1,70,lb,10,rep,""
08/11/2025,🔹,"Cable Raise (Freie)",2,60,lb,12,rep,""
08/11/2025,🔹,"Cable Raise (Freie)",3,60,lb,12,rep,""
08/11/2025,🏋️‍♂️,"Curl · Dumbbell",,,,,,""
08/11/2025,🔹,"Curl · Dumbbell",1,12.5,kg,9,rep,""
08/11/2025,🔹,"Curl · Dumbbell",2,12.5,kg,9,rep,""
08/11/2025,🔹,"Curl · Dumbbell",3,12.5,kg,9,rep,""
08/11/2025,🔹,"Curl · Dumbbell",4,12.5,kg,9,rep,""
08/11/2025,🏋️‍♂️,"Hammer Curl · Dumbbell",,,,,,""
08/11/2025,🔹,"Hammer Curl · Dumbbell",1,12.5,kg,9,rep,""
08/11/2025,🔹,"Hammer Curl · Dumbbell",2,12.5,kg,9,rep,""
08/11/2025,🔹,"Hammer Curl · Dumbbell",3,12.5,kg,8,rep,""
10/11/2025,📅,,,,,,,"45 min"
10/11/2025,🏋️‍♂️,"Squat · Barbell",,,,,,""
10/11/2025,🔹,"Squat · Barbell",1,60,kg,9,rep,""
10/11/2025,🔹,"Squat · Barbell",2,70,kg,8,rep,""
10/11/2025,🔹,"Squat · Barbell",3,80,kg,6,rep,""
10/11/2025,🔹,"Squat · Barbell",4,90,kg,3,rep,""
10/11/2025,🔹,"Squat · Barbell",5,80,kg,6,rep,""
10/11/2025,🏋️‍♂️,"Calf Press · Machine",,,,,,""
10/11/2025,🔹,"Calf Press · Machine",1,330,lb,20,rep,""
10/11/2025,🔹,"Calf Press · Machine",2,330,lb,20,rep,""
10/11/2025,🔹,"Calf Press · Machine",3,330,lb,20,rep,""
10/11/2025,🏋️‍♂️,"Leg Curl · Machine",,,,,,""
10/11/2025,🔹,"Leg Curl · Machine",1,120,lb,12,rep,""
10/11/2025,🔹,"Leg Curl · Machine",2,120,lb,9,rep,""
10/11/2025,🔹,"Leg Curl · Machine",3,120,lb,10,rep,""
10/11/2025,🏋️‍♂️,"Machine Crunch",,,,,,""
10/11/2025,🔹,"Machine Crunch",1,120,kg,10,rep,""
10/11/2025,🔹,"Machine Crunch",2,120,kg,10,rep,""
10/11/2025,🔹,"Machine Crunch",3,120,kg,9,rep,""
11/11/2025,📅,,,,,,,"28 min"
11/11/2025,🏋️‍♂️,"Bench Press · Barbell",,,,,,""
11/11/2025,🔹,"Bench Press · Barbell",1,60,kg,8,rep,""
11/11/2025,🔹,"Bench Press · Barbell",2,60,kg,9,rep,""
11/11/2025,🔹,"Bench Press · Barbell",3,60,kg,7,rep,""
11/11/2025,🔹,"Bench Press · Barbell",4,70,kg,6,rep,""
11/11/2025,🔹,"Bench Press · Barbell",5,70,kg,5,rep,""
11/11/2025,🏋️‍♂️,"Incline Bench Press · Dumbbell",,,,,,""
11/11/2025,🔹,"Incline Bench Press · Dumbbell",1,45,kg,8,rep,""
11/11/2025,🔹,"Incline Bench Press · Dumbbell",2,45,kg,8,rep,""
11/11/2025,🔹,"Incline Bench Press · Dumbbell",3,45,kg,10,rep,""
11/11/2025,🏋️‍♂️,"Pec Deck · Machine",,,,,,""
11/11/2025,🔹,"Pec Deck · Machine",1,130,lb,9,rep,""
11/11/2025,🔹,"Pec Deck · Machine",2,130,lb,9,rep,""
11/11/2025,🏋️‍♂️,"VAF Ruckeninsulator",,,,,,""
11/11/2025,🔹,"VAF Ruckeninsulator",1,14,kg,9,rep,""
11/11/2025,🔹,"VAF Ruckeninsulator",2,14,kg,9,rep,""
11/11/2025,🔹,"VAF Ruckeninsulator",3,14,kg,9,rep,""
11/11/2025,🏋️‍♂️,"Lat Pull Down · Cable",,,,,,""
11/11/2025,🔹,"Lat Pull Down · Cable",1,54.5,kg,9,rep,""
11/11/2025,🔹,"Lat Pull Down · Cable",2,54.5,kg,9,rep,""
11/11/2025,🔹,"Lat Pull Down · Cable",3,54.5,kg,9,rep,""
12/11/2025,📅,,,,,,,"73 min"
12/11/2025,🏋️‍♂️,"Overhead Press · Barbell",,,,,,""
12/11/2025,🔹,"Overhead Press · Barbell",1,30,kg,11,rep,""
12/11/2025,🔹,"Overhead Press · Barbell",2,30,kg,9,rep,""
12/11/2025,🔹,"Overhead Press · Barbell",3,30,kg,8,rep,""
12/11/2025,🔹,"Overhead Press · Barbell",4,30,kg,8,rep,""
12/11/2025,🏋️‍♂️,"Rear Delt",,,,,,""
12/11/2025,🔹,"Rear Delt",1,90,lb,12,rep,""
12/11/2025,🔹,"Rear Delt",2,90,lb,12,rep,""
12/11/2025,🔹,"Rear Delt",3,100,lb,12,rep,""
12/11/2025,🏋️‍♂️,"Skull crusher",,,,,,""
12/11/2025,🔹,"Skull crusher",1,24,kg,11,rep,""
12/11/2025,🔹,"Skull crusher",2,24,kg,10,rep,""
12/11/2025,🔹,"Skull crusher",3,24,kg,10,rep,""
12/11/2025,🏋️‍♂️,"Curl · Barbell",,,,,,""
12/11/2025,🔹,"Curl · Barbell",1,19,kg,15,rep,""
12/11/2025,🔹,"Curl · Barbell",2,19,kg,15,rep,""
12/11/2025,🔹,"Curl · Barbell",3,19,kg,12,rep,""
12/11/2025,🏋️‍♂️,"Tricep Extension · Cable",,,,,,""
12/11/2025,🔹,"Tricep Extension · Cable",1,55,lb,10,rep,""
12/11/2025,🔹,"Tricep Extension · Cable",2,55,lb,8,rep,""
12/11/2025,🔹,"Tricep Extension · Cable",3,55,lb,8,rep,""
12/11/2025,🏋️‍♂️,"Hammer Curl · Dumbbell",,,,,,""
12/11/2025,🔹,"Hammer Curl · Dumbbell",1,12.5,kg,11,rep,""
12/11/2025,🔹,"Hammer Curl · Dumbbell",2,12.5,kg,8,rep,""
12/11/2025,🔹,"Hammer Curl · Dumbbell",3,12.5,kg,12,rep,""
13/11/2025,📅,,,,,,,"41 min"
13/11/2025,🏋️‍♂️,"Romanian Deadlift · Barbell",,,,,,""
13/11/2025,🔹,"Romanian Deadlift · Barbell",1,60,kg,10,rep,""
13/11/2025,🔹,"Romanian Deadlift · Barbell",2,60,kg,10,rep,""
13/11/2025,🔹,"Romanian Deadlift · Barbell",3,70,kg,9,rep,""
13/11/2025,🔹,"Romanian Deadlift · Barbell",4,70,kg,9,rep,""
13/11/2025,🏋️‍♂️,"Calf Press · Machine",,,,,,""
13/11/2025,🔹,"Calf Press · Machine",1,335,lb,20,rep,""
13/11/2025,🔹,"Calf Press · Machine",2,340,lb,20,rep,""
13/11/2025,🔹,"Calf Press · Machine",3,350,lb,20,rep,""
13/11/2025,🏋️‍♂️,"Leg Press · Machine",,,,,,""
13/11/2025,🔹,"Leg Press · Machine",1,300,lb,10,rep,""
13/11/2025,🔹,"Leg Press · Machine",2,300,lb,10,rep,""
13/11/2025,🔹,"Leg Press · Machine",3,300,lb,10,rep,""
13/11/2025,🏋️‍♂️,"Machine Crunch",,,,,,""
13/11/2025,🔹,"Machine Crunch",1,120,kg,10,rep,""
13/11/2025,🔹,"Machine Crunch",2,120,kg,9,rep,""
13/11/2025,🔹,"Machine Crunch",3,120,kg,9,rep,""
14/11/2025,📅,,,,,,,"60 min"
14/11/2025,🏋️‍♂️,"Lat Pull Down · Cable",,,,,,""
14/11/2025,🔹,"Lat Pull Down · Cable",1,54.5,kg,12,rep,""
14/11/2025,🔹,"Lat Pull Down · Cable",2,54.5,kg,12,rep,""
14/11/2025,🔹,"Lat Pull Down · Cable",3,54.5,kg,12,rep,""
14/11/2025,🔹,"Lat Pull Down · Cable",4,54.5,kg,12,rep,""
14/11/2025,🏋️‍♂️,"Bench Press · Dumbbell",,,,,,""
14/11/2025,🔹,"Bench Press · Dumbbell",1,40,kg,12,rep,""
14/11/2025,🔹,"Bench Press · Dumbbell",2,50,kg,9,rep,""
14/11/2025,🔹,"Bench Press · Dumbbell",3,50,kg,9,rep,""
14/11/2025,🏋️‍♂️,"Seated Row · Cable",,,,,,""
14/11/2025,🔹,"Seated Row · Cable",1,54.5,kg,12,rep,""
14/11/2025,🔹,"Seated Row · Cable",2,61,kg,8,rep,""
14/11/2025,🔹,"Seated Row · Cable",3,61,kg,8,rep,""
14/11/2025,🏋️‍♂️,"Incline Bench Press · Barbell",,,,,,""
14/11/2025,🔹,"Incline Bench Press · Barbell",1,53,kg,9,rep,""
14/11/2025,🔹,"Incline Bench Press · Barbell",2,53,kg,8,rep,""
14/11/2025,🔹,"Incline Bench Press · Barbell",3,53,kg,7,rep,""
15/11/2025,📅,,,,,,,"60 min"
15/11/2025,🏋️‍♂️,"Tricep Dip",,,,,,""
15/11/2025,🔹,"Tricep Dip",1,0,kg,15,rep,""
15/11/2025,🔹,"Tricep Dip",2,0,kg,15,rep,""
15/11/2025,🔹,"Tricep Dip",3,10,kg,7,rep,""
15/11/2025,🔹,"Tricep Dip",4,10,kg,8,rep,""
15/11/2025,🏋️‍♂️,"Cable Raise (Freie)",,,,,,""
15/11/2025,🔹,"Cable Raise (Freie)",1,60,lb,13,rep,""
15/11/2025,🔹,"Cable Raise (Freie)",2,60,lb,13,rep,"Hard"
15/11/2025,🔹,"Cable Raise (Freie)",3,60,lb,13,rep,"Hard"
15/11/2025,🏋️‍♂️,"Curl · Dumbbell",,,,,,""
15/11/2025,🔹,"Curl · Dumbbell",1,10,kg,13,rep,""
15/11/2025,🔹,"Curl · Dumbbell",2,10,kg,15,rep,""
15/11/2025,🔹,"Curl · Dumbbell",3,10,kg,13,rep,""
15/11/2025,🏋️‍♂️,"Standing Cable Triceps extension",,,,,,""
15/11/2025,🔹,"Standing Cable Triceps extension",1,32.5,lb,13,rep,""
15/11/2025,🔹,"Standing Cable Triceps extension",2,32.5,lb,13,rep,""
15/11/2025,🔹,"Standing Cable Triceps extension",3,32.5,lb,13,rep,""
15/11/2025,🏋️‍♂️,"Hammer Curl · Dumbbell",,,,,,""
15/11/2025,🔹,"Hammer Curl · Dumbbell",1,12.5,kg,10,rep,""
15/11/2025,🔹,"Hammer Curl · Dumbbell",2,12.5,kg,8,rep,""
15/11/2025,🔹,"Hammer Curl · Dumbbell",3,12.5,kg,12,rep,""
17/11/2025,📅,,,,,,,"17 min"
17/11/2025,🏋️‍♂️,"Squat · Barbell",,,,,,""
17/11/2025,🔹,"Squat · Barbell",1,60,kg,9,rep,""
17/11/2025,🔹,"Squat · Barbell",2,80,kg,7,rep,""
17/11/2025,🔹,"Squat · Barbell",3,90,kg,4,rep,""
17/11/2025,🔹,"Squat · Barbell",4,90,kg,4,rep,""
17/11/2025,🏋️‍♂️,"Calf Press · Machine",,,,,,""
17/11/2025,🔹,"Calf Press · Machine",1,350,lb,20,rep,""
17/11/2025,🔹,"Calf Press · Machine",2,350,lb,16,rep,""
17/11/2025,🔹,"Calf Press · Machine",3,350,lb,20,rep,""
17/11/2025,🏋️‍♂️,"Leg Curl · Machine",,,,,,""
17/11/2025,🔹,"Leg Curl · Machine",1,120,lb,12,rep,""
17/11/2025,🔹,"Leg Curl · Machine",2,120,lb,9,rep,""
17/11/2025,🔹,"Leg Curl · Machine",3,120,lb,10,rep,""
17/11/2025,🏋️‍♂️,"Machine Crunch",,,,,,""
17/11/2025,🔹,"Machine Crunch",1,120,kg,10,rep,""
17/11/2025,🔹,"Machine Crunch",2,120,kg,10,rep,""
17/11/2025,🔹,"Machine Crunch",3,120,kg,9,rep,""
18/11/2025,📅,,,,,,,"111 min"
18/11/2025,🏋️‍♂️,"Bench Press · Barbell",,,,,,""
18/11/2025,🔹,"Bench Press · Barbell",1,60,kg,9,rep,""
18/11/2025,🔹,"Bench Press · Barbell",2,70,kg,7,rep,""
18/11/2025,🔹,"Bench Press · Barbell",3,80,kg,4,rep,""
18/11/2025,🔹,"Bench Press · Barbell",4,80,kg,3,rep,""
18/11/2025,🔹,"Bench Press · Barbell",5,70,kg,6,rep,""
18/11/2025,🏋️‍♂️,"Pec Deck · Machine",,,,,,""
18/11/2025,🔹,"Pec Deck · Machine",1,130,lb,10,rep,""
18/11/2025,🔹,"Pec Deck · Machine",2,130,lb,10,rep,""
18/11/2025,🔹,"Pec Deck · Machine",3,130,lb,10,rep,""
18/11/2025,🏋️‍♂️,"VAF Ruckeninsulator",,,,,,""
18/11/2025,🔹,"VAF Ruckeninsulator",1,14,kg,9,rep,""
18/11/2025,🔹,"VAF Ruckeninsulator",2,12,kg,10,rep,""
18/11/2025,🔹,"VAF Ruckeninsulator",3,12,kg,10,rep,""
18/11/2025,🏋️‍♂️,"Lat Pull Down · Cable",,,,,,""
18/11/2025,🔹,"Lat Pull Down · Cable",1,54.5,kg,10,rep,""
18/11/2025,🔹,"Lat Pull Down · Cable",2,54.5,kg,10,rep,""
18/11/2025,🔹,"Lat Pull Down · Cable",3,54.5,kg,10,rep,""
19/11/2025,📅,,,,,,,"49 min"
19/11/2025,🏋️‍♂️,"Overhead Press · Barbell",,,,,,""
19/11/2025,🔹,"Overhead Press · Barbell",1,30,kg,10,rep,""
19/11/2025,🔹,"Overhead Press · Barbell",2,30,kg,9,rep,""
19/11/2025,🔹,"Overhead Press · Barbell",3,30,kg,8,rep,""
19/11/2025,🔹,"Overhead Press · Barbell",4,30,kg,8,rep,""
19/11/2025,🏋️‍♂️,"Skull crusher",,,,,,""
19/11/2025,🔹,"Skull crusher",1,24,kg,12,rep,""
19/11/2025,🔹,"Skull crusher",2,24,kg,12,rep,""
19/11/2025,🔹,"Skull crusher",3,24,kg,12,rep,""
19/11/2025,🏋️‍♂️,"Curl · Barbell",,,,,,""
19/11/2025,🔹,"Curl · Barbell",1,19,kg,15,rep,""
19/11/2025,🔹,"Curl · Barbell",2,19,kg,13,rep,""
19/11/2025,🔹,"Curl · Barbell",3,19,kg,10,rep,""
19/11/2025,🏋️‍♂️,"Rear Delt",,,,,,""
19/11/2025,🔹,"Rear Delt",1,100,lb,12,rep,""
19/11/2025,🔹,"Rear Delt",2,100,lb,9,rep,""
19/11/2025,🔹,"Rear Delt",3,100,lb,12,rep,""
19/11/2025,🏋️‍♂️,"Tricep Extension · Cable",,,,,,""
19/11/2025,🔹,"Tricep Extension · Cable",1,55,lb,10,rep,""
19/11/2025,🔹,"Tricep Extension · Cable",2,55,lb,8,rep,""
19/11/2025,🔹,"Tricep Extension · Cable",3,55,lb,8,rep,""
19/11/2025,🏋️‍♂️,"Hammer Curl · Dumbbell",,,,,,""
19/11/2025,🔹,"Hammer Curl · Dumbbell",1,12.5,kg,11,rep,""
19/11/2025,🔹,"Hammer Curl · Dumbbell",2,12.5,kg,8,rep,""
19/11/2025,🔹,"Hammer Curl · Dumbbell",3,12.5,kg,12,rep,""
20/11/2025,📅,,,,,,,"81 min"
20/11/2025,🏋️‍♂️,"Romanian Deadlift · Barbell",,,,,,""
20/11/2025,🔹,"Romanian Deadlift · Barbell",1,60,kg,9,rep,""
20/11/2025,🔹,"Romanian Deadlift · Barbell",2,70,kg,10,rep,""
20/11/2025,🔹,"Romanian Deadlift · Barbell",3,70,kg,10,rep,""
20/11/2025,🔹,"Romanian Deadlift · Barbell",4,70,kg,7,rep,""
20/11/2025,🏋️‍♂️,"Calf Press · Machine",,,,,,""
20/11/2025,🔹,"Calf Press · Machine",1,350,lb,20,rep,""
20/11/2025,🔹,"Calf Press · Machine",2,350,lb,20,rep,""
20/11/2025,🔹,"Calf Press · Machine",3,350,lb,20,rep,""
20/11/2025,🏋️‍♂️,"Leg Press · Machine",,,,,,""
20/11/2025,🔹,"Leg Press · Machine",1,300,lb,11,rep,""
20/11/2025,🔹,"Leg Press · Machine",2,300,lb,11,rep,""
20/11/2025,🔹,"Leg Press · Machine",3,300,lb,11,rep,""
20/11/2025,🏋️‍♂️,"Machine Crunch",,,,,,""
20/11/2025,🔹,"Machine Crunch",1,120,kg,10,rep,""
20/11/2025,🔹,"Machine Crunch",2,120,kg,9,rep,""
20/11/2025,🔹,"Machine Crunch",3,120,kg,9,rep,""
21/11/2025,📅,,,,,,,"60 min"
21/11/2025,🏋️‍♂️,"Natural Grip Lat Machine",,,,,,""
21/11/2025,🔹,"Natural Grip Lat Machine",1,54.5,kg,12,rep,""
21/11/2025,🔹,"Natural Grip Lat Machine",2,61,kg,9,rep,""
21/11/2025,🔹,"Natural Grip Lat Machine",3,61,kg,9,rep,""
21/11/2025,🔹,"Natural Grip Lat Machine",4,61,kg,9,rep,""
21/11/2025,🏋️‍♂️,"Bench Press · Barbell",,,,,,""
21/11/2025,🔹,"Bench Press · Barbell",1,60,kg,9,rep,""
21/11/2025,🔹,"Bench Press · Barbell",2,60,kg,6,rep,""
21/11/2025,🔹,"Bench Press · Barbell",3,60,kg,7,rep,""
21/11/2025,🏋️‍♂️,"Seated Row · Cable",,,,,,""
21/11/2025,🔹,"Seated Row · Cable",1,54.5,kg,12,rep,""
21/11/2025,🔹,"Seated Row · Cable",2,61,kg,8,rep,""
21/11/2025,🔹,"Seated Row · Cable",3,61,kg,7,rep,""
21/11/2025,🏋️‍♂️,"Incline Bench Press · Barbell",,,,,,""
21/11/2025,🔹,"Incline Bench Press · Barbell",1,53,kg,8,rep,""
21/11/2025,🔹,"Incline Bench Press · Barbell",2,53,kg,8,rep,""
21/11/2025,🔹,"Incline Bench Press · Barbell",3,53,kg,8,rep,""
22/11/2025,📅,,,,,,,"59 min"
22/11/2025,🏋️‍♂️,"Tricep Dip",,,,,,""
22/11/2025,🔹,"Tricep Dip",1,0,kg,15,rep,""
22/11/2025,🔹,"Tricep Dip",2,0,kg,15,rep,""
22/11/2025,🔹,"Tricep Dip",3,10,kg,9,rep,""
22/11/2025,🔹,"Tricep Dip",4,10,kg,9,rep,""
22/11/2025,🏋️‍♂️,"Cable Raise (Freie)",,,,,,""
22/11/2025,🔹,"Cable Raise (Freie)",1,60,lb,15,rep,"Hard"
22/11/2025,🔹,"Cable Raise (Freie)",2,60,lb,15,rep,"Hard"
22/11/2025,🔹,"Cable Raise (Freie)",3,60,lb,15,rep,"Hard"
22/11/2025,🏋️‍♂️,"Curl · Dumbbell",,,,,,""
22/11/2025,🔹,"Curl · Dumbbell",1,10,kg,17,rep,""
22/11/2025,🔹,"Curl · Dumbbell",2,10,kg,15,rep,""
22/11/2025,🔹,"Curl · Dumbbell",3,10,kg,13,rep,""
22/11/2025,🏋️‍♂️,"Standing Cable Triceps extension",,,,,,""
22/11/2025,🔹,"Standing Cable Triceps extension",1,32.5,lb,14,rep,""
22/11/2025,🔹,"Standing Cable Triceps extension",2,32.5,lb,14,rep,""
22/11/2025,🔹,"Standing Cable Triceps extension",3,32.5,lb,14,rep,""
22/11/2025,🏋️‍♂️,"Hammer Curl · Dumbbell",,,,,,""
22/11/2025,🔹,"Hammer Curl · Dumbbell",1,12.5,kg,12,rep,""
22/11/2025,🔹,"Hammer Curl · Dumbbell",2,12.5,kg,8,rep,""
22/11/2025,🔹,"Hammer Curl · Dumbbell",3,12.5,kg,9,rep,""
24/11/2025,📅,,,,,,,"6 min"
24/11/2025,🏋️‍♂️,"Squat · Barbell",,,,,,""
24/11/2025,🔹,"Squat · Barbell",1,60,kg,10,rep,""
24/11/2025,🔹,"Squat · Barbell",2,80,kg,9,rep,""
24/11/2025,🔹,"Squat · Barbell",3,90,kg,4,rep,""
24/11/2025,🔹,"Squat · Barbell",4,95,kg,2,rep,""
24/11/2025,🏋️‍♂️,"Calf Press · Machine",,,,,,""
24/11/2025,🔹,"Calf Press · Machine",1,350,lb,20,rep,""
24/11/2025,🔹,"Calf Press · Machine",2,350,lb,16,rep,""
24/11/2025,🔹,"Calf Press · Machine",3,350,lb,20,rep,""
24/11/2025,🏋️‍♂️,"Leg Curl · Machine",,,,,,""
24/11/2025,🔹,"Leg Curl · Machine",1,120,lb,12,rep,""
24/11/2025,🔹,"Leg Curl · Machine",2,120,lb,12,rep,""
24/11/2025,🔹,"Leg Curl · Machine",3,120,lb,10,rep,""
24/11/2025,🏋️‍♂️,"Machine Crunch",,,,,,""
24/11/2025,🔹,"Machine Crunch",1,120,kg,10,rep,""
24/11/2025,🔹,"Machine Crunch",2,120,kg,10,rep,""
24/11/2025,🔹,"Machine Crunch",3,120,kg,10,rep,""
25/11/2025,📅,,,,,,,"51 min"
25/11/2025,🏋️‍♂️,"Bench Press · Barbell",,,,,,""
25/11/2025,🔹,"Bench Press · Barbell",1,60,kg,9,rep,""
25/11/2025,🔹,"Bench Press · Barbell",2,70,kg,8,rep,""
25/11/2025,🔹,"Bench Press · Barbell",3,80,kg,3,rep,""
25/11/2025,🔹,"Bench Press · Barbell",4,70,kg,6,rep,""
25/11/2025,🔹,"Bench Press · Barbell",5,70,kg,6,rep,""
25/11/2025,🏋️‍♂️,"VAF Ruckeninsulator",,,,,,""
25/11/2025,🔹,"VAF Ruckeninsulator",1,12,kg,10,rep,""
25/11/2025,🔹,"VAF Ruckeninsulator",2,12,kg,10,rep,""
25/11/2025,🔹,"VAF Ruckeninsulator",3,12,kg,10,rep,""
25/11/2025,🏋️‍♂️,"Pec Deck · Machine",,,,,,""
25/11/2025,🔹,"Pec Deck · Machine",1,130,lb,12,rep,""
25/11/2025,🔹,"Pec Deck · Machine",2,130,lb,12,rep,"Hard"
25/11/2025,🔹,"Pec Deck · Machine",3,130,lb,8,rep,""
25/11/2025,🏋️‍♂️,"Lat Pull Down · Cable",,,,,,""
25/11/2025,🔹,"Lat Pull Down · Cable",1,54.5,kg,10,rep,""
25/11/2025,🔹,"Lat Pull Down · Cable",2,54.5,kg,11,rep,""
25/11/2025,🔹,"Lat Pull Down · Cable",3,54.5,kg,10,rep,""
26/11/2025,📅,,,,,,,"64 min"
26/11/2025,🏋️‍♂️,"Overhead Press · Barbell",,,,,,""
26/11/2025,🔹,"Overhead Press · Barbell",1,30,kg,10,rep,""
26/11/2025,🔹,"Overhead Press · Barbell",2,30,kg,9,rep,""
26/11/2025,🔹,"Overhead Press · Barbell",3,30,kg,9,rep,""
26/11/2025,🔹,"Overhead Press · Barbell",4,30,kg,8,rep,""
26/11/2025,🏋️‍♂️,"Skull crusher",,,,,,""
26/11/2025,🔹,"Skull crusher",1,24,kg,12,rep,""
26/11/2025,🔹,"Skull crusher",2,24,kg,12,rep,""
26/11/2025,🔹,"Skull crusher",3,24,kg,12,rep,""
26/11/2025,🏋️‍♂️,"Curl · Barbell",,,,,,""
26/11/2025,🔹,"Curl · Barbell",1,19,kg,15,rep,""
26/11/2025,🔹,"Curl · Barbell",2,19,kg,13,rep,""
26/11/2025,🔹,"Curl · Barbell",3,19,kg,11,rep,""
26/11/2025,🏋️‍♂️,"Rear Delt",,,,,,""
26/11/2025,🔹,"Rear Delt",1,100,lb,12,rep,""
26/11/2025,🔹,"Rear Delt",2,100,lb,12,rep,"Hard"
26/11/2025,🔹,"Rear Delt",3,100,lb,11,rep,"Hard"
26/11/2025,🏋️‍♂️,"Tricep Extension · Cable",,,,,,""
26/11/2025,🔹,"Tricep Extension · Cable",1,55,lb,10,rep,""
26/11/2025,🔹,"Tricep Extension · Cable",2,55,lb,8,rep,""
26/11/2025,🔹,"Tricep Extension · Cable",3,55,lb,6,rep,""
26/11/2025,🏋️‍♂️,"Hammer Curl · Dumbbell",,,,,,""
26/11/2025,🔹,"Hammer Curl · Dumbbell",1,12.5,kg,12,rep,""
26/11/2025,🔹,"Hammer Curl · Dumbbell",2,12.5,kg,10,rep,""
26/11/2025,🔹,"Hammer Curl · Dumbbell",3,12.5,kg,12,rep,""
27/11/2025,📅,,,,,,,"58 min"
27/11/2025,🏋️‍♂️,"Romanian Deadlift · Barbell",,,,,,""
27/11/2025,🔹,"Romanian Deadlift · Barbell",1,60,kg,9,rep,""
27/11/2025,🔹,"Romanian Deadlift · Barbell",2,70,kg,9,rep,""
27/11/2025,🔹,"Romanian Deadlift · Barbell",3,70,kg,9,rep,""
27/11/2025,🔹,"Romanian Deadlift · Barbell",4,70,kg,9,rep,""
27/11/2025,🏋️‍♂️,"Calf Press · Machine",,,,,,""
27/11/2025,🔹,"Calf Press · Machine",1,350,lb,20,rep,""
27/11/2025,🔹,"Calf Press · Machine",2,350,lb,20,rep,""
27/11/2025,🔹,"Calf Press · Machine",3,350,lb,20,rep,""
27/11/2025,🏋️‍♂️,"Leg Press · Machine",,,,,,""
27/11/2025,🔹,"Leg Press · Machine",1,310,lb,9,rep,""
27/11/2025,🔹,"Leg Press · Machine",2,310,lb,10,rep,""
27/11/2025,🔹,"Leg Press · Machine",3,310,lb,10,rep,""
27/11/2025,🏋️‍♂️,"Machine Crunch",,,,,,""
27/11/2025,🔹,"Machine Crunch",1,125,kg,9,rep,""
27/11/2025,🔹,"Machine Crunch",2,130,kg,9,rep,""
27/11/2025,🔹,"Machine Crunch",3,130,kg,9,rep,""
28/11/2025,📅,,,,,,,"37 min"
28/11/2025,🏋️‍♂️,"Natural Grip Lat Machine",,,,,,""
28/11/2025,🔹,"Natural Grip Lat Machine",1,61,kg,10,rep,""
28/11/2025,🔹,"Natural Grip Lat Machine",2,61,kg,10,rep,""
28/11/2025,🔹,"Natural Grip Lat Machine",3,61,kg,10,rep,""
28/11/2025,🔹,"Natural Grip Lat Machine",4,61,kg,10,rep,""
28/11/2025,🏋️‍♂️,"Bench Press · Dumbbell",,,,,,""
28/11/2025,🔹,"Bench Press · Dumbbell",1,40,kg,10,rep,""
28/11/2025,🔹,"Bench Press · Dumbbell",2,40,kg,10,rep,""
28/11/2025,🔹,"Bench Press · Dumbbell",3,40,kg,10,rep,""
28/11/2025,🏋️‍♂️,"Seated Row · Cable",,,,,,""
28/11/2025,🔹,"Seated Row · Cable",1,61,kg,8,rep,""
28/11/2025,🔹,"Seated Row · Cable",2,61,kg,8,rep,""
28/11/2025,🔹,"Seated Row · Cable",3,61,kg,8,rep,""
28/11/2025,🏋️‍♂️,"Incline Bench Press · Barbell",,,,,,""
28/11/2025,🔹,"Incline Bench Press · Barbell",1,53,kg,8,rep,""
28/11/2025,🔹,"Incline Bench Press · Barbell",2,53,kg,8,rep,""
28/11/2025,🔹,"Incline Bench Press · Barbell",3,53,kg,8,rep,""
29/11/2025,📅,,,,,,,"63 min"
29/11/2025,🏋️‍♂️,"Tricep Dip",,,,,,""
29/11/2025,🔹,"Tricep Dip",1,0,kg,15,rep,""
29/11/2025,🔹,"Tricep Dip",2,10,kg,10,rep,""
29/11/2025,🔹,"Tricep Dip",3,10,kg,10,rep,""
29/11/2025,🔹,"Tricep Dip",4,10,kg,10,rep,"Hard"
29/11/2025,🏋️‍♂️,"Cable Raise (Freie)",,,,,,""
29/11/2025,🔹,"Cable Raise (Freie)",1,60,lb,15,rep,"Hard"
29/11/2025,🔹,"Cable Raise (Freie)",2,60,lb,15,rep,"Hard"
29/11/2025,🔹,"Cable Raise (Freie)",3,60,lb,15,rep,"Hard"
29/11/2025,🏋️‍♂️,"Curl · Dumbbell",,,,,,""
29/11/2025,🔹,"Curl · Dumbbell",1,10,kg,17,rep,""
29/11/2025,🔹,"Curl · Dumbbell",2,10,kg,16,rep,""
29/11/2025,🔹,"Curl · Dumbbell",3,10,kg,15,rep,""
29/11/2025,🏋️‍♂️,"Standing Cable Triceps extension",,,,,,""
29/11/2025,🔹,"Standing Cable Triceps extension",1,32.5,lb,14,rep,""
29/11/2025,🔹,"Standing Cable Triceps extension",2,40,lb,9,rep,""
29/11/2025,🔹,"Standing Cable Triceps extension",3,40,lb,9,rep,""
29/11/2025,🏋️‍♂️,"Hammer Curl · Dumbbell",,,,,,""
29/11/2025,🔹,"Hammer Curl · Dumbbell",1,12.5,kg,12,rep,""
29/11/2025,🔹,"Hammer Curl · Dumbbell",2,12.5,kg,10,rep,""
29/11/2025,🔹,"Hammer Curl · Dumbbell",3,12.5,kg,9,rep,""
01/12/2025,📅,,,,,,,"45 min"
01/12/2025,🏋️‍♂️,"Squat · Barbell",,,,,,""
01/12/2025,🔹,"Squat · Barbell",1,80,kg,6,rep,""
01/12/2025,🔹,"Squat · Barbell",2,80,kg,6,rep,""
01/12/2025,🔹,"Squat · Barbell",3,80,kg,6,rep,""
01/12/2025,🔹,"Squat · Barbell",4,80,kg,6,rep,""
01/12/2025,🏋️‍♂️,"Calf Press · Machine",,,,,,""
01/12/2025,🔹,"Calf Press · Machine",1,360,lb,20,rep,""
01/12/2025,🔹,"Calf Press · Machine",2,370,lb,20,rep,""
01/12/2025,🔹,"Calf Press · Machine",3,370,lb,13,rep,""
01/12/2025,🏋️‍♂️,"Leg Curl · Machine",,,,,,""
01/12/2025,🔹,"Leg Curl · Machine",1,120,lb,12,rep,""
01/12/2025,🔹,"Leg Curl · Machine",2,120,lb,10,rep,""
01/12/2025,🔹,"Leg Curl · Machine",3,120,lb,10,rep,""
01/12/2025,🏋️‍♂️,"Machine Crunch",,,,,,""
01/12/2025,🔹,"Machine Crunch",1,125,kg,10,rep,""
01/12/2025,🔹,"Machine Crunch",2,130,kg,10,rep,""
01/12/2025,🔹,"Machine Crunch",3,130,kg,10,rep,""
02/12/2025,📅,,,,,,,"39 min"
02/12/2025,🏋️‍♂️,"Bench Press · Barbell",,,,,,""
02/12/2025,🔹,"Bench Press · Barbell",1,60,kg,9,rep,""
02/12/2025,🔹,"Bench Press · Barbell",2,70,kg,6,rep,""
02/12/2025,🔹,"Bench Press · Barbell",3,75,kg,5,rep,""
02/12/2025,🔹,"Bench Press · Barbell",4,80,kg,3,rep,""
02/12/2025,🔹,"Bench Press · Barbell",5,70,kg,6,rep,""
02/12/2025,🏋️‍♂️,"VAF Ruckeninsulator",,,,,,""
02/12/2025,🔹,"VAF Ruckeninsulator",1,12,kg,11,rep,""
02/12/2025,🔹,"VAF Ruckeninsulator",2,12,kg,11,rep,""
02/12/2025,🔹,"VAF Ruckeninsulator",3,12,kg,11,rep,""
02/12/2025,🏋️‍♂️,"Pec Deck · Machine",,,,,,""
02/12/2025,🔹,"Pec Deck · Machine",1,130,lb,10,rep,""
02/12/2025,🔹,"Pec Deck · Machine",2,140,lb,8,rep,""
02/12/2025,🔹,"Pec Deck · Machine",3,150,lb,6,rep,""
02/12/2025,🏋️‍♂️,"Lat Pull Down · Cable",,,,,,""
02/12/2025,🔹,"Lat Pull Down · Cable",1,54.5,kg,10,rep,""
02/12/2025,🔹,"Lat Pull Down · Cable",2,54.5,kg,11,rep,""
02/12/2025,🔹,"Lat Pull Down · Cable",3,54.5,kg,10,rep,""
03/12/2025,📅,,,,,,,"76 min"
03/12/2025,🏋️‍♂️,"Overhead Press · Barbell",,,,,,""
03/12/2025,🔹,"Overhead Press · Barbell",1,30,kg,10,rep,""
03/12/2025,🔹,"Overhead Press · Barbell",2,35,kg,6,rep,""
03/12/2025,🔹,"Overhead Press · Barbell",3,35,kg,6,rep,""
03/12/2025,🔹,"Overhead Press · Barbell",4,35,kg,5,rep,""
03/12/2025,🏋️‍♂️,"Skull crusher",,,,,,""
03/12/2025,🔹,"Skull crusher",1,24,kg,9,rep,""
03/12/2025,🔹,"Skull crusher",2,24,kg,9,rep,""
03/12/2025,🔹,"Skull crusher",3,24,kg,12,rep,""
03/12/2025,🏋️‍♂️,"Curl · Barbell",,,,,,""
03/12/2025,🔹,"Curl · Barbell",1,19,kg,15,rep,""
03/12/2025,🔹,"Curl · Barbell",2,19,kg,13,rep,""
03/12/2025,🔹,"Curl · Barbell",3,19,kg,13,rep,""
03/12/2025,🏋️‍♂️,"Rear Delt",,,,,,""
03/12/2025,🔹,"Rear Delt",1,100,lb,12,rep,""
03/12/2025,🔹,"Rear Delt",2,100,lb,11,rep,""
03/12/2025,🔹,"Rear Delt",3,100,lb,10,rep,""
03/12/2025,🏋️‍♂️,"Tricep Extension · Cable",,,,,,""
03/12/2025,🔹,"Tricep Extension · Cable",1,55,lb,9,rep,""
03/12/2025,🔹,"Tricep Extension · Cable",2,55,lb,8,rep,""
03/12/2025,🔹,"Tricep Extension · Cable",3,55,lb,5,rep,""
03/12/2025,🏋️‍♂️,"Hammer Curl · Dumbbell",,,,,,""
03/12/2025,🔹,"Hammer Curl · Dumbbell",1,12.5,kg,13,rep,""
03/12/2025,🔹,"Hammer Curl · Dumbbell",2,12.5,kg,10,rep,""
03/12/2025,🔹,"Hammer Curl · Dumbbell",3,12.5,kg,10,rep,""
04/12/2025,📅,,,,,,,"23 min"
04/12/2025,🏋️‍♂️,"Romanian Deadlift · Barbell",,,,,,""
04/12/2025,🔹,"Romanian Deadlift · Barbell",1,60,kg,9,rep,""
04/12/2025,🔹,"Romanian Deadlift · Barbell",2,70,kg,9,rep,""
04/12/2025,🔹,"Romanian Deadlift · Barbell",3,70,kg,9,rep,""
04/12/2025,🔹,"Romanian Deadlift · Barbell",4,70,kg,9,rep,""
04/12/2025,🏋️‍♂️,"Calf Press · Machine",,,,,,""
04/12/2025,🔹,"Calf Press · Machine",1,370,lb,20,rep,""
04/12/2025,🔹,"Calf Press · Machine",2,370,lb,12,rep,""
04/12/2025,🔹,"Calf Press · Machine",3,370,lb,15,rep,""
04/12/2025,🏋️‍♂️,"Leg Press · Machine",,,,,,""
04/12/2025,🔹,"Leg Press · Machine",1,310,lb,10,rep,""
04/12/2025,🔹,"Leg Press · Machine",2,310,lb,10,rep,""
04/12/2025,🔹,"Leg Press · Machine",3,310,lb,10,rep,""
04/12/2025,🏋️‍♂️,"Machine Crunch",,,,,,""
04/12/2025,🔹,"Machine Crunch",1,130,kg,9,rep,""
04/12/2025,🔹,"Machine Crunch",2,130,kg,9,rep,""
04/12/2025,🔹,"Machine Crunch",3,130,kg,9,rep,""
05/12/2025,📅,,,,,,,"48 min"
05/12/2025,🏋️‍♂️,"Natural Grip Lat Machine",,,,,,""
05/12/2025,🔹,"Natural Grip Lat Machine",1,61,kg,9,rep,""
05/12/2025,🔹,"Natural Grip Lat Machine",2,65,kg,9,rep,""
05/12/2025,🔹,"Natural Grip Lat Machine",3,68,kg,6,rep,""
05/12/2025,🔹,"Natural Grip Lat Machine",4,61,kg,9,rep,""
05/12/2025,🏋️‍♂️,"Bench Press · Dumbbell",,,,,,""
05/12/2025,🔹,"Bench Press · Dumbbell",1,40,kg,12,rep,""
05/12/2025,🔹,"Bench Press · Dumbbell",2,40,kg,12,rep,""
05/12/2025,🔹,"Bench Press · Dumbbell",3,40,kg,10,rep,""
05/12/2025,🏋️‍♂️,"Seated Row · Cable",,,,,,""
05/12/2025,🔹,"Seated Row · Cable",1,61,kg,9,rep,""
05/12/2025,🔹,"Seated Row · Cable",2,61,kg,9,rep,""
05/12/2025,🔹,"Seated Row · Cable",3,61,kg,9,rep,"Hard"
05/12/2025,🏋️‍♂️,"Incline Bench Press · Barbell",,,,,,""
05/12/2025,🔹,"Incline Bench Press · Barbell",1,53,kg,9,rep,""
05/12/2025,🔹,"Incline Bench Press · Barbell",2,53,kg,8,rep,""
05/12/2025,🔹,"Incline Bench Press · Barbell",3,53,kg,8,rep,""
06/12/2025,📅,,,,,,,"57 min"
06/12/2025,🏋️‍♂️,"Tricep Dip",,,,,,""
06/12/2025,🔹,"Tricep Dip",1,0,kg,12,rep,""
06/12/2025,🔹,"Tricep Dip",2,10,kg,9,rep,""
06/12/2025,🔹,"Tricep Dip",3,10,kg,9,rep,""
06/12/2025,🔹,"Tricep Dip",4,10,kg,10,rep,""
06/12/2025,🏋️‍♂️,"Cable Raise (Freie)",,,,,,""
06/12/2025,🔹,"Cable Raise (Freie)",1,70,lb,8,rep,""
06/12/2025,🔹,"Cable Raise (Freie)",2,70,lb,9,rep,""
06/12/2025,🔹,"Cable Raise (Freie)",3,70,lb,9,rep,""
06/12/2025,🏋️‍♂️,"Curl · Dumbbell",,,,,,""
06/12/2025,🔹,"Curl · Dumbbell",1,12.5,kg,10,rep,""
06/12/2025,🔹,"Curl · Dumbbell",2,12.5,kg,10,rep,""
06/12/2025,🔹,"Curl · Dumbbell",3,12.5,kg,10,rep,""
06/12/2025,🏋️‍♂️,"Standing Cable Triceps extension",,,,,,""
06/12/2025,🔹,"Standing Cable Triceps extension",1,40,lb,9,rep,""
06/12/2025,🔹,"Standing Cable Triceps extension",2,40,lb,9,rep,""
06/12/2025,🔹,"Standing Cable Triceps extension",3,40,lb,9,rep,""
06/12/2025,🏋️‍♂️,"Hammer Curl · Dumbbell",,,,,,""
06/12/2025,🔹,"Hammer Curl · Dumbbell",1,12.5,kg,11,rep,""
06/12/2025,🔹,"Hammer Curl · Dumbbell",2,12.5,kg,10,rep,""
06/12/2025,🔹,"Hammer Curl · Dumbbell",3,12.5,kg,10,rep,""
08/12/2025,📅,,,,,,,"39 min"
08/12/2025,🏋️‍♂️,"Squat · Barbell",,,,,,""
08/12/2025,🔹,"Squat · Barbell",1,80,kg,6,rep,""
08/12/2025,🔹,"Squat · Barbell",2,80,kg,6,rep,""
08/12/2025,🔹,"Squat · Barbell",3,80,kg,6,rep,""
08/12/2025,🔹,"Squat · Barbell",4,80,kg,6,rep,""
08/12/2025,🏋️‍♂️,"Calf Press · Machine",,,,,,""
08/12/2025,🔹,"Calf Press · Machine",1,370,lb,9,rep,""
08/12/2025,🔹,"Calf Press · Machine",2,370,lb,15,rep,""
08/12/2025,🔹,"Calf Press · Machine",3,370,lb,13,rep,""
08/12/2025,🏋️‍♂️,"Leg Curl · Machine",,,,,,""
08/12/2025,🔹,"Leg Curl · Machine",1,120,lb,12,rep,""
08/12/2025,🔹,"Leg Curl · Machine",2,120,lb,12,rep,"Hard"
08/12/2025,🔹,"Leg Curl · Machine",3,120,lb,10,rep,""
08/12/2025,🏋️‍♂️,"Machine Crunch",,,,,,""
08/12/2025,🔹,"Machine Crunch",1,130,kg,10,rep,""
08/12/2025,🔹,"Machine Crunch",2,130,kg,10,rep,""
08/12/2025,🔹,"Machine Crunch",3,130,kg,10,rep,""
09/12/2025,📅,,,,,,,"74 min"
09/12/2025,🏋️‍♂️,"Bench Press · Barbell",,,,,,""
09/12/2025,🔹,"Bench Press · Barbell",1,60,kg,9,rep,""
09/12/2025,🔹,"Bench Press · Barbell",2,70,kg,7,rep,""
09/12/2025,🔹,"Bench Press · Barbell",3,75,kg,5,rep,""
09/12/2025,🔹,"Bench Press · Barbell",4,80,kg,3,rep,""
09/12/2025,🔹,"Bench Press · Barbell",5,70,kg,6,rep,""
09/12/2025,🏋️‍♂️,"VAF Ruckeninsulator",,,,,,""
09/12/2025,🔹,"VAF Ruckeninsulator",1,13,kg,9,rep,""
09/12/2025,🔹,"VAF Ruckeninsulator",2,13,kg,9,rep,""
09/12/2025,🔹,"VAF Ruckeninsulator",3,13,kg,9,rep,""
09/12/2025,🏋️‍♂️,"Pec Deck · Machine",,,,,,""
09/12/2025,🔹,"Pec Deck · Machine",1,130,lb,9,rep,""
09/12/2025,🔹,"Pec Deck · Machine",2,130,lb,8,rep,""
09/12/2025,🔹,"Pec Deck · Machine",3,130,lb,9,rep,""
09/12/2025,🏋️‍♂️,"Lat Pull Down · Cable",,,,,,""
09/12/2025,🔹,"Lat Pull Down · Cable",1,61,kg,6,rep,""
09/12/2025,🔹,"Lat Pull Down · Cable",2,61,kg,6,rep,""
09/12/2025,🔹,"Lat Pull Down · Cable",3,61,kg,6,rep,""
10/12/2025,📅,,,,,,,"79 min"
10/12/2025,🏋️‍♂️,"Overhead Press · Barbell",,,,,,""
10/12/2025,🔹,"Overhead Press · Barbell",1,30,kg,8,rep,""
10/12/2025,🔹,"Overhead Press · Barbell",2,35,kg,7,rep,""
10/12/2025,🔹,"Overhead Press · Barbell",3,35,kg,7,rep,""
10/12/2025,🔹,"Overhead Press · Barbell",4,35,kg,6,rep,""
10/12/2025,🏋️‍♂️,"Curl · Barbell",,,,,,""
10/12/2025,🔹,"Curl · Barbell",1,19,kg,15,rep,""
10/12/2025,🔹,"Curl · Barbell",2,24,kg,9,rep,""
10/12/2025,🔹,"Curl · Barbell",3,24,kg,9,rep,""
10/12/2025,🏋️‍♂️,"Skull crusher",,,,,,""
10/12/2025,🔹,"Skull crusher",1,24,kg,11,rep,""
10/12/2025,🔹,"Skull crusher",2,24,kg,11,rep,""
10/12/2025,🔹,"Skull crusher",3,24,kg,11,rep,""
10/12/2025,🏋️‍♂️,"Rear Delt",,,,,,""
10/12/2025,🔹,"Rear Delt",1,100,lb,12,rep,""
10/12/2025,🔹,"Rear Delt",2,100,lb,11,rep,""
10/12/2025,🔹,"Rear Delt",3,100,lb,9,rep,""
10/12/2025,🏋️‍♂️,"Hammer Curl · Dumbbell",,,,,,""
10/12/2025,🔹,"Hammer Curl · Dumbbell",1,12.5,kg,12,rep,""
10/12/2025,🔹,"Hammer Curl · Dumbbell",2,12.5,kg,9,rep,""
10/12/2025,🔹,"Hammer Curl · Dumbbell",3,12.5,kg,10,rep,""
10/12/2025,🏋️‍♂️,"Tricep Extension · Cable",,,,,,""
10/12/2025,🔹,"Tricep Extension · Cable",1,55,lb,7,rep,""
10/12/2025,🔹,"Tricep Extension · Cable",2,55,lb,6,rep,""
10/12/2025,🔹,"Tricep Extension · Cable",3,55,lb,6,rep,""
11/12/2025,📅,,,,,,,"60 min"
11/12/2025,🏋️‍♂️,"Romanian Deadlift · Barbell",,,,,,""
11/12/2025,🔹,"Romanian Deadlift · Barbell",1,60,kg,9,rep,""
11/12/2025,🔹,"Romanian Deadlift · Barbell",2,70,kg,9,rep,""
11/12/2025,🔹,"Romanian Deadlift · Barbell",3,70,kg,12,rep,""
11/12/2025,🔹,"Romanian Deadlift · Barbell",4,80,kg,8,rep,""
11/12/2025,🏋️‍♂️,"Calf Press · Machine",,,,,,""
11/12/2025,🔹,"Calf Press · Machine",1,370,lb,20,rep,""
11/12/2025,🔹,"Calf Press · Machine",2,370,lb,20,rep,""
11/12/2025,🔹,"Calf Press · Machine",3,370,lb,15,rep,""
11/12/2025,🏋️‍♂️,"Leg Press · Machine",,,,,,""
11/12/2025,🔹,"Leg Press · Machine",1,320,lb,8,rep,""
11/12/2025,🔹,"Leg Press · Machine",2,320,lb,8,rep,""
11/12/2025,🔹,"Leg Press · Machine",3,320,lb,8,rep,""
11/12/2025,🏋️‍♂️,"Machine Crunch",,,,,,""
11/12/2025,🔹,"Machine Crunch",1,130,kg,9,rep,""
11/12/2025,🔹,"Machine Crunch",2,140,kg,8,rep,""
11/12/2025,🔹,"Machine Crunch",3,150,kg,5,rep,""
12/12/2025,📅,,,,,,,"46 min"
12/12/2025,🏋️‍♂️,"Natural Grip Lat Machine",,,,,,""
12/12/2025,🔹,"Natural Grip Lat Machine",1,61,kg,9,rep,""
12/12/2025,🔹,"Natural Grip Lat Machine",2,68,kg,6,rep,""
12/12/2025,🔹,"Natural Grip Lat Machine",3,68,kg,7,rep,""
12/12/2025,🔹,"Natural Grip Lat Machine",4,68,kg,6,rep,""
12/12/2025,🏋️‍♂️,"Bench Press · Dumbbell",,,,,,""
12/12/2025,🔹,"Bench Press · Dumbbell",1,40,kg,12,rep,""
12/12/2025,🔹,"Bench Press · Dumbbell",2,40,kg,12,rep,""
12/12/2025,🔹,"Bench Press · Dumbbell",3,40,kg,12,rep,""
12/12/2025,🏋️‍♂️,"VAF Ruckeninsulator",,,,,,""
12/12/2025,🔹,"VAF Ruckeninsulator",1,13,kg,9,rep,""
12/12/2025,🔹,"VAF Ruckeninsulator",2,13,kg,9,rep,""
12/12/2025,🔹,"VAF Ruckeninsulator",3,13,kg,9,rep,""
12/12/2025,🏋️‍♂️,"Incline Bench Press · Barbell",,,,,,""
12/12/2025,🔹,"Incline Bench Press · Barbell",1,53,kg,9,rep,""
12/12/2025,🔹,"Incline Bench Press · Barbell",2,53,kg,9,rep,""
12/12/2025,🔹,"Incline Bench Press · Barbell",3,53,kg,9,rep,""
13/12/2025,📅,,,,,,,"62 min"
13/12/2025,🏋️‍♂️,"Tricep Dip",,,,,,""
13/12/2025,🔹,"Tricep Dip",1,0,kg,12,rep,""
13/12/2025,🔹,"Tricep Dip",2,10,kg,10,rep,""
13/12/2025,🔹,"Tricep Dip",3,10,kg,10,rep,""
13/12/2025,🔹,"Tricep Dip",4,10,kg,10,rep,""
13/12/2025,🏋️‍♂️,"Cable Raise",,,,,,""
13/12/2025,🔹,"Cable Raise",1,15,lb,10,rep,"Hard"
13/12/2025,🔹,"Cable Raise",2,15,lb,9,rep,""
13/12/2025,🔹,"Cable Raise",3,15,lb,9,rep,""
13/12/2025,🏋️‍♂️,"Curl · Dumbbell",,,,,,""
13/12/2025,🔹,"Curl · Dumbbell",1,12.5,kg,10,rep,""
13/12/2025,🔹,"Curl · Dumbbell",2,12.5,kg,10,rep,""
13/12/2025,🔹,"Curl · Dumbbell",3,12.5,kg,10,rep,""
13/12/2025,🏋️‍♂️,"Standing Cable Triceps extension",,,,,,""
13/12/2025,🔹,"Standing Cable Triceps extension",1,40,lb,10,rep,""
13/12/2025,🔹,"Standing Cable Triceps extension",2,40,lb,10,rep,""
13/12/2025,🔹,"Standing Cable Triceps extension",3,40,lb,10,rep,""
13/12/2025,🏋️‍♂️,"Hammer Curl · Dumbbell",,,,,,""
13/12/2025,🔹,"Hammer Curl · Dumbbell",1,12.5,kg,13,rep,""
13/12/2025,🔹,"Hammer Curl · Dumbbell",2,12.5,kg,9,rep,""
13/12/2025,🔹,"Hammer Curl · Dumbbell",3,12.5,kg,10,rep,""
15/12/2025,📅,,,,,,,"42 min"
15/12/2025,🏋️‍♂️,"Squat · Barbell",,,,,,""
15/12/2025,🔹,"Squat · Barbell",1,80,kg,6,rep,""
15/12/2025,🔹,"Squat · Barbell",2,90,kg,5,rep,""
15/12/2025,🔹,"Squat · Barbell",3,95,kg,3,rep,""
15/12/2025,🔹,"Squat · Barbell",4,95,kg,3,rep,""
15/12/2025,🏋️‍♂️,"Calf Press · Machine",,,,,,""
15/12/2025,🔹,"Calf Press · Machine",1,370,lb,20,rep,""
15/12/2025,🔹,"Calf Press · Machine",2,370,lb,18,rep,""
15/12/2025,🔹,"Calf Press · Machine",3,370,lb,15,rep,""
15/12/2025,🏋️‍♂️,"Leg Curl · Machine",,,,,,""
15/12/2025,🔹,"Leg Curl · Machine",1,120,lb,12,rep,""
15/12/2025,🔹,"Leg Curl · Machine",2,120,lb,12,rep,"Hard"
15/12/2025,🔹,"Leg Curl · Machine",3,120,lb,10,rep,""
15/12/2025,🏋️‍♂️,"Machine Crunch",,,,,,""
15/12/2025,🔹,"Machine Crunch",1,130,kg,10,rep,""
15/12/2025,🔹,"Machine Crunch",2,140,kg,10,rep,""
15/12/2025,🔹,"Machine Crunch",3,150,kg,10,rep,""
16/12/2025,📅,,,,,,,"37 min"
16/12/2025,🏋️‍♂️,"Bench Press · Barbell",,,,,,""
16/12/2025,🔹,"Bench Press · Barbell",1,70,kg,7,rep,""
16/12/2025,🔹,"Bench Press · Barbell",2,70,kg,7,rep,""
16/12/2025,🔹,"Bench Press · Barbell",3,80,kg,4,rep,""
16/12/2025,🔹,"Bench Press · Barbell",4,70,kg,5,rep,""
16/12/2025,🔹,"Bench Press · Barbell",5,70,kg,5,rep,""
16/12/2025,🏋️‍♂️,"VAF Ruckeninsulator",,,,,,""
16/12/2025,🔹,"VAF Ruckeninsulator",1,13,kg,10,rep,""
16/12/2025,🔹,"VAF Ruckeninsulator",2,13,kg,9,rep,""
16/12/2025,🔹,"VAF Ruckeninsulator",3,13,kg,10,rep,""
16/12/2025,🏋️‍♂️,"Pec Deck · Machine",,,,,,""
16/12/2025,🔹,"Pec Deck · Machine",1,130,lb,10,rep,""
16/12/2025,🔹,"Pec Deck · Machine",2,130,lb,10,rep,""
16/12/2025,🔹,"Pec Deck · Machine",3,130,lb,9,rep,""
16/12/2025,🏋️‍♂️,"Lat Pull Down · Cable",,,,,,""
16/12/2025,🔹,"Lat Pull Down · Cable",1,61,kg,6,rep,""
16/12/2025,🔹,"Lat Pull Down · Cable",2,61,kg,6,rep,""
16/12/2025,🔹,"Lat Pull Down · Cable",3,61,kg,6,rep,""
17/12/2025,📅,,,,,,,"86 min"
17/12/2025,🏋️‍♂️,"Overhead Press · Barbell",,,,,,""
17/12/2025,🔹,"Overhead Press · Barbell",1,30,kg,9,rep,""
17/12/2025,🔹,"Overhead Press · Barbell",2,35,kg,7,rep,""
17/12/2025,🔹,"Overhead Press · Barbell",3,35,kg,6,rep,""
17/12/2025,🔹,"Overhead Press · Barbell",4,35,kg,6,rep,""
17/12/2025,🏋️‍♂️,"Curl · Barbell",,,,,,""
17/12/2025,🔹,"Curl · Barbell",1,24,kg,10,rep,""
17/12/2025,🔹,"Curl · Barbell",2,24,kg,8,rep,""
17/12/2025,🔹,"Curl · Barbell",3,24,kg,8,rep,""
17/12/2025,🏋️‍♂️,"Skull crusher",,,,,,""
17/12/2025,🔹,"Skull crusher",1,24,kg,12,rep,""
17/12/2025,🔹,"Skull crusher",2,24,kg,12,rep,""
17/12/2025,🔹,"Skull crusher",3,24,kg,12,rep,""
17/12/2025,🏋️‍♂️,"Rear Delt",,,,,,""
17/12/2025,🔹,"Rear Delt",1,100,lb,10,rep,""
17/12/2025,🔹,"Rear Delt",2,100,lb,9,rep,""
17/12/2025,🔹,"Rear Delt",3,100,lb,8,rep,""
17/12/2025,🏋️‍♂️,"Hammer Curl · Dumbbell",,,,,,""
17/12/2025,🔹,"Hammer Curl · Dumbbell",1,12.5,kg,12,rep,""
17/12/2025,🔹,"Hammer Curl · Dumbbell",2,12.5,kg,11,rep,""
17/12/2025,🔹,"Hammer Curl · Dumbbell",3,12.5,kg,10,rep,""
17/12/2025,🏋️‍♂️,"Tricep Extension · Cable",,,,,,""
17/12/2025,🔹,"Tricep Extension · Cable",1,55,lb,9,rep,""
17/12/2025,🔹,"Tricep Extension · Cable",2,55,lb,9,rep,""
17/12/2025,🔹,"Tricep Extension · Cable",3,55,lb,7,rep,""
19/12/2025,📅,,,,,,,"41 min"
19/12/2025,🏋️‍♂️,"Squat · Barbell",,,,,,""
19/12/2025,🔹,"Squat · Barbell",1,20,kg,6,rep,"WarmUp"
19/12/2025,🔹,"Squat · Barbell",2,60,kg,3,rep,"WarmUp"
19/12/2025,🔹,"Squat · Barbell",3,80,kg,3,rep,"WarmUp"
19/12/2025,🔹,"Squat · Barbell",4,90,kg,1,rep,"WarmUp"
19/12/2025,🔹,"Squat · Barbell",5,100,kg,1,rep,""
19/12/2025,🏋️‍♂️,"Bench Press · Barbell",,,,,,""
19/12/2025,🔹,"Bench Press · Barbell",1,20,kg,6,rep,"WarmUp"
19/12/2025,🔹,"Bench Press · Barbell",2,60,kg,3,rep,"WarmUp"
19/12/2025,🔹,"Bench Press · Barbell",3,70,kg,6,rep,"WarmUp"
19/12/2025,🔹,"Bench Press · Barbell",4,75,kg,6,rep,""
19/12/2025,🏋️‍♂️,"Overhead Press · Barbell",,,,,,""
19/12/2025,🔹,"Overhead Press · Barbell",1,20,kg,6,rep,"WarmUp"
19/12/2025,🔹,"Overhead Press · Barbell",2,30,kg,3,rep,"WarmUp"
19/12/2025,🔹,"Overhead Press · Barbell",3,35,kg,2,rep,"WarmUp"
19/12/2025,🔹,"Overhead Press · Barbell",4,40,kg,3,rep,""
19/12/2025,🏋️‍♂️,"Calf Press · Machine",,,,,,""
19/12/2025,🔹,"Calf Press · Machine",1,250,lb,16,rep,""
19/12/2025,🔹,"Calf Press · Machine",2,310,lb,12,rep,""
19/12/2025,🔹,"Calf Press · Machine",3,330,lb,12,rep,""
05/01/2026,📅,,,,,,,"36 min"
05/01/2026,🏋️‍♂️,"Squat · Barbell",,,,,,""
05/01/2026,🔹,"Squat · Barbell",1,60,kg,8,rep,""
05/01/2026,🔹,"Squat · Barbell",2,70,kg,6,rep,""
05/01/2026,🔹,"Squat · Barbell",3,80,kg,4,rep,""
05/01/2026,🔹,"Squat · Barbell",4,80,kg,4,rep,""
05/01/2026,🏋️‍♂️,"Calf Press · Machine",,,,,,""
05/01/2026,🔹,"Calf Press · Machine",1,290,lb,16,rep,""
05/01/2026,🔹,"Calf Press · Machine",2,310,lb,12,rep,""
05/01/2026,🔹,"Calf Press · Machine",3,330,lb,9,rep,""
05/01/2026,🏋️‍♂️,"Leg Curl · Machine",,,,,,""
05/01/2026,🔹,"Leg Curl · Machine",1,100,lb,12,rep,""
05/01/2026,🔹,"Leg Curl · Machine",2,100,lb,12,rep,""
05/01/2026,🔹,"Leg Curl · Machine",3,100,lb,12,rep,""
05/01/2026,🏋️‍♂️,"Machine Crunch",,,,,,""
05/01/2026,🔹,"Machine Crunch",1,130,kg,7,rep,""
05/01/2026,🔹,"Machine Crunch",2,130,kg,7,rep,""
05/01/2026,🔹,"Machine Crunch",3,130,kg,7,rep,""
06/01/2026,📅,,,,,,,"47 min"
06/01/2026,🏋️‍♂️,"Bench Press · Barbell",,,,,,""
06/01/2026,🔹,"Bench Press · Barbell",1,60,kg,6,rep,""
06/01/2026,🔹,"Bench Press · Barbell",2,60,kg,7,rep,""
06/01/2026,🔹,"Bench Press · Barbell",3,60,kg,7,rep,""
06/01/2026,🔹,"Bench Press · Barbell",4,60,kg,7,rep,""
06/01/2026,🔹,"Bench Press · Barbell",5,60,kg,7,rep,""
06/01/2026,🏋️‍♂️,"VAF Ruckeninsulator",,,,,,""
06/01/2026,🔹,"VAF Ruckeninsulator",1,9,kg,12,rep,""
06/01/2026,🔹,"VAF Ruckeninsulator",2,10,kg,10,rep,""
06/01/2026,🔹,"VAF Ruckeninsulator",3,11,kg,9,rep,""
06/01/2026,🏋️‍♂️,"Pec Deck · Machine",,,,,,""
06/01/2026,🔹,"Pec Deck · Machine",1,110,lb,9,rep,""
06/01/2026,🔹,"Pec Deck · Machine",2,120,lb,9,rep,""
06/01/2026,🔹,"Pec Deck · Machine",3,120,lb,9,rep,""
06/01/2026,🏋️‍♂️,"Lat Pull Down · Cable",,,,,,""
06/01/2026,🔹,"Lat Pull Down · Cable",1,61,kg,6,rep,""
06/01/2026,🔹,"Lat Pull Down · Cable",2,61,kg,6,rep,""
06/01/2026,🔹,"Lat Pull Down · Cable",3,61,kg,6,rep,""
07/01/2026,📅,,,,,,,"81 min"
07/01/2026,🏋️‍♂️,"Overhead Press · Barbell",,,,,,""
07/01/2026,🔹,"Overhead Press · Barbell",1,30,kg,7,rep,""
07/01/2026,🔹,"Overhead Press · Barbell",2,30,kg,7,rep,""
07/01/2026,🔹,"Overhead Press · Barbell",3,35,kg,5,rep,""
07/01/2026,🔹,"Overhead Press · Barbell",4,30,kg,7,rep,""
07/01/2026,🏋️‍♂️,"Curl · Barbell",,,,,,""
07/01/2026,🔹,"Curl · Barbell",1,24,kg,9,rep,""
07/01/2026,🔹,"Curl · Barbell",2,24,kg,6,rep,""
07/01/2026,🔹,"Curl · Barbell",3,24,kg,6,rep,""
07/01/2026,🏋️‍♂️,"Skull crusher",,,,,,""
07/01/2026,🔹,"Skull crusher",1,24,kg,9,rep,""
07/01/2026,🔹,"Skull crusher",2,24,kg,9,rep,""
07/01/2026,🔹,"Skull crusher",3,24,kg,9,rep,""
07/01/2026,🏋️‍♂️,"Rear Delt",,,,,,""
07/01/2026,🔹,"Rear Delt",1,90,lb,7,rep,""
07/01/2026,🔹,"Rear Delt",2,90,lb,9,rep,"Hard"
07/01/2026,🔹,"Rear Delt",3,90,lb,8,rep,"Hard"
07/01/2026,🏋️‍♂️,"Hammer Curl · Dumbbell",,,,,,""
07/01/2026,🔹,"Hammer Curl · Dumbbell",1,12.5,kg,9,rep,""
07/01/2026,🔹,"Hammer Curl · Dumbbell",2,12.5,kg,9,rep,""
07/01/2026,🔹,"Hammer Curl · Dumbbell",3,12.5,kg,9,rep,""
07/01/2026,🏋️‍♂️,"Tricep Extension · Cable",,,,,,""
07/01/2026,🔹,"Tricep Extension · Cable",1,47.5,lb,10,rep,""
07/01/2026,🔹,"Tricep Extension · Cable",2,47.5,lb,7,rep,""
07/01/2026,🔹,"Tricep Extension · Cable",3,47.5,lb,6,rep,""
08/01/2026,📅,,,,,,,"53 min"
08/01/2026,🏋️‍♂️,"Romanian Deadlift · Barbell",,,,,,""
08/01/2026,🔹,"Romanian Deadlift · Barbell",1,60,kg,9,rep,""
08/01/2026,🔹,"Romanian Deadlift · Barbell",2,60,kg,9,rep,""
08/01/2026,🔹,"Romanian Deadlift · Barbell",3,60,kg,9,rep,""
08/01/2026,🔹,"Romanian Deadlift · Barbell",4,60,kg,9,rep,""
08/01/2026,🏋️‍♂️,"Calf Press · Machine",,,,,,""
08/01/2026,🔹,"Calf Press · Machine",1,330,lb,9,rep,""
08/01/2026,🔹,"Calf Press · Machine",2,330,lb,12,rep,""
08/01/2026,🔹,"Calf Press · Machine",3,330,lb,12,rep,""
08/01/2026,🏋️‍♂️,"Leg Press · Machine",,,,,,""
08/01/2026,🔹,"Leg Press · Machine",1,290,lb,9,rep,""
08/01/2026,🔹,"Leg Press · Machine",2,290,lb,9,rep,""
08/01/2026,🔹,"Leg Press · Machine",3,290,lb,9,rep,""
08/01/2026,🏋️‍♂️,"Machine Crunch",,,,,,""
08/01/2026,🔹,"Machine Crunch",1,130,kg,9,rep,""
08/01/2026,🔹,"Machine Crunch",2,130,kg,8,rep,""
08/01/2026,🔹,"Machine Crunch",3,130,kg,5,rep,""
09/01/2026,📅,,,,,,,"41 min"
09/01/2026,🏋️‍♂️,"Natural Grip Lat Machine",,,,,,""
09/01/2026,🔹,"Natural Grip Lat Machine",1,61,kg,8,rep,""
09/01/2026,🔹,"Natural Grip Lat Machine",2,61,kg,8,rep,""
09/01/2026,🔹,"Natural Grip Lat Machine",3,61,kg,8,rep,""
09/01/2026,🔹,"Natural Grip Lat Machine",4,61,kg,8,rep,""
09/01/2026,🏋️‍♂️,"Bench Press · Dumbbell",,,,,,""
09/01/2026,🔹,"Bench Press · Dumbbell",1,30,kg,9,rep,""
09/01/2026,🔹,"Bench Press · Dumbbell",2,35,kg,9,rep,""
09/01/2026,🔹,"Bench Press · Dumbbell",3,40,kg,9,rep,""
09/01/2026,🏋️‍♂️,"Seated Row · Cable",,,,,,""
09/01/2026,🔹,"Seated Row · Cable",1,54.5,kg,9,rep,""
09/01/2026,🔹,"Seated Row · Cable",2,54.5,kg,9,rep,""
09/01/2026,🔹,"Seated Row · Cable",3,54.5,kg,9,rep,""
09/01/2026,🏋️‍♂️,"Incline Bench Press · Barbell",,,,,,""
09/01/2026,🔹,"Incline Bench Press · Barbell",1,53,kg,6,rep,""
09/01/2026,🔹,"Incline Bench Press · Barbell",2,53,kg,8,rep,""
09/01/2026,🔹,"Incline Bench Press · Barbell",3,53,kg,8,rep,""
10/01/2026,📅,,,,,,,"57 min"
10/01/2026,🏋️‍♂️,"Tricep Dip",,,,,,""
10/01/2026,🔹,"Tricep Dip",1,0,kg,12,rep,""
10/01/2026,🔹,"Tricep Dip",2,0,kg,12,rep,""
10/01/2026,🔹,"Tricep Dip",3,10,kg,9,rep,""
10/01/2026,🔹,"Tricep Dip",4,0,kg,12,rep,""
10/01/2026,🏋️‍♂️,"Cable Raise (Freie)",,,,,,""
10/01/2026,🔹,"Cable Raise (Freie)",1,60,lb,10,rep,""
10/01/2026,🔹,"Cable Raise (Freie)",2,60,lb,10,rep,""
10/01/2026,🔹,"Cable Raise (Freie)",3,70,lb,9,rep,""
10/01/2026,🏋️‍♂️,"Curl · Dumbbell",,,,,,""
10/01/2026,🔹,"Curl · Dumbbell",1,10,kg,15,rep,""
10/01/2026,🔹,"Curl · Dumbbell",2,12.5,kg,10,rep,""
10/01/2026,🔹,"Curl · Dumbbell",3,12.5,kg,8,rep,""
10/01/2026,🏋️‍♂️,"Standing Cable Triceps extension",,,,,,""
10/01/2026,🔹,"Standing Cable Triceps extension",1,40,lb,9,rep,""
10/01/2026,🔹,"Standing Cable Triceps extension",2,40,lb,9,rep,""
10/01/2026,🔹,"Standing Cable Triceps extension",3,40,lb,9,rep,""
10/01/2026,🏋️‍♂️,"Hammer Curl · Dumbbell",,,,,,""
10/01/2026,🔹,"Hammer Curl · Dumbbell",1,15,kg,6,rep,""
10/01/2026,🔹,"Hammer Curl · Dumbbell",2,15,kg,6,rep,""
10/01/2026,🔹,"Hammer Curl · Dumbbell",3,15,kg,6,rep,""
12/01/2026,📅,,,,,,,"41 min"
12/01/2026,🏋️‍♂️,"Squat · Smith Machine",,,,,,""
12/01/2026,🔹,"Squat · Smith Machine",1,80,kg,9,rep,""
12/01/2026,🏋️‍♂️,"Squat · Barbell",,,,,,""
12/01/2026,🔹,"Squat · Barbell",1,70,kg,7,rep,""
12/01/2026,🔹,"Squat · Barbell",2,70,kg,7,rep,""
12/01/2026,🔹,"Squat · Barbell",3,70,kg,7,rep,""
12/01/2026,🏋️‍♂️,"Calf Press · Machine",,,,,,""
12/01/2026,🔹,"Calf Press · Machine",1,330,lb,12,rep,""
12/01/2026,🔹,"Calf Press · Machine",2,330,lb,12,rep,""
12/01/2026,🔹,"Calf Press · Machine",3,330,lb,12,rep,""
12/01/2026,🏋️‍♂️,"Leg Curl · Machine",,,,,,""
12/01/2026,🔹,"Leg Curl · Machine",1,100,lb,13,rep,""
12/01/2026,🔹,"Leg Curl · Machine",2,100,lb,13,rep,""
12/01/2026,🔹,"Leg Curl · Machine",3,100,lb,13,rep,""
12/01/2026,🏋️‍♂️,"Machine Crunch",,,,,,""
12/01/2026,🔹,"Machine Crunch",1,130,kg,7,rep,""
12/01/2026,🔹,"Machine Crunch",2,130,kg,7,rep,""
12/01/2026,🔹,"Machine Crunch",3,130,kg,7,rep,""
13/01/2026,📅,,,,,,,"58 min"
13/01/2026,🏋️‍♂️,"Bench Press · Barbell",,,,,,""
13/01/2026,🔹,"Bench Press · Barbell",1,60,kg,7,rep,""
13/01/2026,🔹,"Bench Press · Barbell",2,60,kg,7,rep,""
13/01/2026,🔹,"Bench Press · Barbell",3,60,kg,7,rep,""
13/01/2026,🔹,"Bench Press · Barbell",4,60,kg,7,rep,""
13/01/2026,🔹,"Bench Press · Barbell",5,60,kg,6,rep,""
13/01/2026,🏋️‍♂️,"VAF Ruckeninsulator",,,,,,""
13/01/2026,🔹,"VAF Ruckeninsulator",1,11,kg,9,rep,""
13/01/2026,🔹,"VAF Ruckeninsulator",2,11,kg,9,rep,""
13/01/2026,🔹,"VAF Ruckeninsulator",3,11,kg,9,rep,""
13/01/2026,🏋️‍♂️,"Pec Deck · Machine",,,,,,""
13/01/2026,🔹,"Pec Deck · Machine",1,120,lb,10,rep,""
13/01/2026,🔹,"Pec Deck · Machine",2,120,lb,10,rep,""
13/01/2026,🔹,"Pec Deck · Machine",3,120,lb,10,rep,""
13/01/2026,🏋️‍♂️,"Lat Pull Down · Cable",,,,,,""
13/01/2026,🔹,"Lat Pull Down · Cable",1,61,kg,7,rep,""
13/01/2026,🔹,"Lat Pull Down · Cable",2,61,kg,7,rep,""
13/01/2026,🔹,"Lat Pull Down · Cable",3,61,kg,7,rep,""
14/01/2026,📅,,,,,,,"96 min"
14/01/2026,🏋️‍♂️,"Overhead Press · Barbell",,,,,,""
14/01/2026,🔹,"Overhead Press · Barbell",1,30,kg,9,rep,""
14/01/2026,🔹,"Overhead Press · Barbell",2,30,kg,9,rep,""
14/01/2026,🔹,"Overhead Press · Barbell",3,30,kg,7,rep,""
14/01/2026,🔹,"Overhead Press · Barbell",4,30,kg,7,rep,""
14/01/2026,🏋️‍♂️,"Curl · Barbell",,,,,,""
14/01/2026,🔹,"Curl · Barbell",1,19,kg,12,rep,""
14/01/2026,🔹,"Curl · Barbell",2,24,kg,8,rep,""
14/01/2026,🔹,"Curl · Barbell",3,24,kg,8,rep,""
14/01/2026,🏋️‍♂️,"Skull crusher",,,,,,""
14/01/2026,🔹,"Skull crusher",1,24,kg,10,rep,""
14/01/2026,🔹,"Skull crusher",2,24,kg,10,rep,""
14/01/2026,🔹,"Skull crusher",3,24,kg,10,rep,""
14/01/2026,🏋️‍♂️,"Rear Delt",,,,,,""
14/01/2026,🔹,"Rear Delt",1,90,lb,9,rep,""
14/01/2026,🔹,"Rear Delt",2,90,lb,9,rep,""
14/01/2026,🔹,"Rear Delt",3,90,lb,8,rep,""
14/01/2026,🏋️‍♂️,"Hammer Curl · Dumbbell",,,,,,""
14/01/2026,🔹,"Hammer Curl · Dumbbell",1,12.5,kg,12,rep,""
14/01/2026,🔹,"Hammer Curl · Dumbbell",2,12.5,kg,9,rep,""
14/01/2026,🔹,"Hammer Curl · Dumbbell",3,12.5,kg,9,rep,""
14/01/2026,🏋️‍♂️,"Tricep Extension · Cable",,,,,,""
14/01/2026,🔹,"Tricep Extension · Cable",1,47.5,lb,12,rep,""
14/01/2026,🔹,"Tricep Extension · Cable",2,47.5,lb,11,rep,""
14/01/2026,🔹,"Tricep Extension · Cable",3,47.5,lb,10,rep,""
15/01/2026,📅,,,,,,,"37 min"
15/01/2026,🏋️‍♂️,"Romanian Deadlift · Barbell",,,,,,""
15/01/2026,🔹,"Romanian Deadlift · Barbell",1,60,kg,10,rep,""
15/01/2026,🔹,"Romanian Deadlift · Barbell",2,60,kg,11,rep,""
15/01/2026,🔹,"Romanian Deadlift · Barbell",3,60,kg,12,rep,""
15/01/2026,🔹,"Romanian Deadlift · Barbell",4,70,kg,8,rep,""
15/01/2026,🏋️‍♂️,"Calf Press · Machine",,,,,,""
15/01/2026,🔹,"Calf Press · Machine",1,330,lb,15,rep,""
15/01/2026,🔹,"Calf Press · Machine",2,330,lb,13,rep,""
15/01/2026,🔹,"Calf Press · Machine",3,330,lb,13,rep,""
15/01/2026,🏋️‍♂️,"Leg Press · Machine",,,,,,""
15/01/2026,🔹,"Leg Press · Machine",1,300,lb,9,rep,""
15/01/2026,🔹,"Leg Press · Machine",2,300,lb,9,rep,""
15/01/2026,🔹,"Leg Press · Machine",3,300,lb,9,rep,""
15/01/2026,🏋️‍♂️,"Machine Crunch",,,,,,""
15/01/2026,🔹,"Machine Crunch",1,130,kg,9,rep,""
15/01/2026,🔹,"Machine Crunch",2,130,kg,8,rep,""
15/01/2026,🔹,"Machine Crunch",3,130,kg,5,rep,""
16/01/2026,📅,,,,,,,"44 min"
16/01/2026,🏋️‍♂️,"Pull Up",,,,,,""
16/01/2026,🔹,"Pull Up",1,0,kg,8,rep,"Hard"
16/01/2026,🔹,"Pull Up",2,0,kg,5,rep,"Hard"
16/01/2026,🔹,"Pull Up",3,0,kg,5,rep,"Hard"
16/01/2026,🔹,"Pull Up",4,0,kg,5,rep,"Hard"
16/01/2026,🏋️‍♂️,"Bench Press · Dumbbell",,,,,,""
16/01/2026,🔹,"Bench Press · Dumbbell",1,40,kg,12,rep,""
16/01/2026,🔹,"Bench Press · Dumbbell",2,40,kg,12,rep,""
16/01/2026,🔹,"Bench Press · Dumbbell",3,40,kg,12,rep,""
16/01/2026,🏋️‍♂️,"Seated Row · Cable",,,,,,""
16/01/2026,🔹,"Seated Row · Cable",1,54.5,kg,11,rep,"Hard"
16/01/2026,🔹,"Seated Row · Cable",2,54.5,kg,10,rep,"Hard"
16/01/2026,🔹,"Seated Row · Cable",3,54.5,kg,9,rep,"Hard"
16/01/2026,🏋️‍♂️,"Incline Bench Press · Barbell",,,,,,""
16/01/2026,🔹,"Incline Bench Press · Barbell",1,53,kg,8,rep,""
16/01/2026,🔹,"Incline Bench Press · Barbell",2,53,kg,6,rep,""
16/01/2026,🔹,"Incline Bench Press · Barbell",3,53,kg,8,rep,""
17/01/2026,📅,,,,,,,"70 min"
17/01/2026,🏋️‍♂️,"Tricep Dip",,,,,,""
17/01/2026,🔹,"Tricep Dip",1,0,kg,13,rep,""
17/01/2026,🔹,"Tricep Dip",2,0,kg,13,rep,""
17/01/2026,🔹,"Tricep Dip",3,0,kg,10,rep,""
17/01/2026,🔹,"Tricep Dip",4,0,kg,10,rep,""
17/01/2026,🏋️‍♂️,"Hammer Curl · Dumbbell",,,,,,""
17/01/2026,🔹,"Hammer Curl · Dumbbell",1,12.5,kg,12,rep,""
17/01/2026,🔹,"Hammer Curl · Dumbbell",2,12.5,kg,11,rep,""
17/01/2026,🔹,"Hammer Curl · Dumbbell",3,12.5,kg,10,rep,""
17/01/2026,🏋️‍♂️,"Cable Raise (Freie)",,,,,,""
17/01/2026,🔹,"Cable Raise (Freie)",1,60,lb,12,rep,""
17/01/2026,🔹,"Cable Raise (Freie)",2,60,lb,12,rep,""
17/01/2026,🔹,"Cable Raise (Freie)",3,60,lb,12,rep,""
17/01/2026,🏋️‍♂️,"Standing Cable Triceps extension",,,,,,""
17/01/2026,🔹,"Standing Cable Triceps extension",1,40,lb,9,rep,""
17/01/2026,🔹,"Standing Cable Triceps extension",2,40,lb,9,rep,""
17/01/2026,🔹,"Standing Cable Triceps extension",3,40,lb,9,rep,""
17/01/2026,🏋️‍♂️,"Curl · Dumbbell",,,,,,""
17/01/2026,🔹,"Curl · Dumbbell",1,12.5,kg,11,rep,""
17/01/2026,🔹,"Curl · Dumbbell",2,12.5,kg,11,rep,""
17/01/2026,🔹,"Curl · Dumbbell",3,12.5,kg,11,rep,""
19/01/2026,📅,,,,,,,"50 min"
19/01/2026,🏋️‍♂️,"Squat · Barbell",,,,,,""
19/01/2026,🔹,"Squat · Barbell",1,70,kg,8,rep,""
19/01/2026,🔹,"Squat · Barbell",2,70,kg,8,rep,""
19/01/2026,🔹,"Squat · Barbell",3,70,kg,8,rep,""
19/01/2026,🔹,"Squat · Barbell",4,70,kg,8,rep,""
19/01/2026,🏋️‍♂️,"Calf Press · Machine",,,,,,""
19/01/2026,🔹,"Calf Press · Machine",1,330,lb,16,rep,""
19/01/2026,🔹,"Calf Press · Machine",2,330,lb,12,rep,""
19/01/2026,🔹,"Calf Press · Machine",3,330,lb,12,rep,""
19/01/2026,🏋️‍♂️,"Leg Curl · Machine",,,,,,""
19/01/2026,🔹,"Leg Curl · Machine",1,110,lb,12,rep,""
19/01/2026,🔹,"Leg Curl · Machine",2,110,lb,12,rep,""
19/01/2026,🔹,"Leg Curl · Machine",3,110,lb,12,rep,""
19/01/2026,🏋️‍♂️,"Machine Crunch",,,,,,""
19/01/2026,🔹,"Machine Crunch",1,130,kg,8,rep,""
19/01/2026,🔹,"Machine Crunch",2,130,kg,8,rep,""
19/01/2026,🔹,"Machine Crunch",3,130,kg,8,rep,""
20/01/2026,📅,,,,,,,"39 min"
20/01/2026,🏋️‍♂️,"Bench Press · Barbell",,,,,,"next time add warmup with 10 kg per side  pause bench at 60kg is too much cold"
20/01/2026,🔹,"Bench Press · Barbell",1,60,kg,8,rep,""
20/01/2026,🔹,"Bench Press · Barbell",2,60,kg,8,rep,""
20/01/2026,🔹,"Bench Press · Barbell",3,60,kg,8,rep,""
20/01/2026,🔹,"Bench Press · Barbell",4,60,kg,8,rep,""
20/01/2026,🔹,"Bench Press · Barbell",5,0,kg,0,rep,""
20/01/2026,🏋️‍♂️,"VAF Ruckeninsulator",,,,,,""
20/01/2026,🔹,"VAF Ruckeninsulator",1,11,kg,9,rep,""
20/01/2026,🔹,"VAF Ruckeninsulator",2,12,kg,9,rep,""
20/01/2026,🔹,"VAF Ruckeninsulator",3,13,kg,6,rep,""
20/01/2026,🏋️‍♂️,"Pec Deck · Machine",,,,,,""
20/01/2026,🔹,"Pec Deck · Machine",1,130,lb,8,rep,""
20/01/2026,🔹,"Pec Deck · Machine",2,130,lb,8,rep,""
20/01/2026,🔹,"Pec Deck · Machine",3,130,lb,8,rep,""
20/01/2026,🏋️‍♂️,"Lat Pull Down · Cable",,,,,,""
20/01/2026,🔹,"Lat Pull Down · Cable",1,61,kg,7,rep,""
20/01/2026,🔹,"Lat Pull Down · Cable",2,61,kg,7,rep,""
20/01/2026,🔹,"Lat Pull Down · Cable",3,61,kg,7,rep,""
21/01/2026,📅,,,,,,,"69 min"
21/01/2026,🏋️‍♂️,"Overhead Press · Barbell",,,,,,""
21/01/2026,🔹,"Overhead Press · Barbell",1,30,kg,9,rep,""
21/01/2026,🔹,"Overhead Press · Barbell",2,30,kg,9,rep,""
21/01/2026,🔹,"Overhead Press · Barbell",3,30,kg,9,rep,""
21/01/2026,🔹,"Overhead Press · Barbell",4,30,kg,7,rep,""
21/01/2026,🏋️‍♂️,"Curl · Barbell",,,,,,""
21/01/2026,🔹,"Curl · Barbell",1,19,kg,12,rep,""
21/01/2026,🔹,"Curl · Barbell",2,24,kg,9,rep,""
21/01/2026,🔹,"Curl · Barbell",3,24,kg,9,rep,""
21/01/2026,🏋️‍♂️,"Skull crusher",,,,,,""
21/01/2026,🔹,"Skull crusher",1,24,kg,12,rep,""
21/01/2026,🔹,"Skull crusher",2,24,kg,12,rep,""
21/01/2026,🔹,"Skull crusher",3,24,kg,12,rep,""
21/01/2026,🏋️‍♂️,"Rear Delt",,,,,,""
21/01/2026,🔹,"Rear Delt",1,90,lb,9,rep,""
21/01/2026,🔹,"Rear Delt",2,90,lb,9,rep,""
21/01/2026,🔹,"Rear Delt",3,90,lb,9,rep,""
21/01/2026,🏋️‍♂️,"Hammer Curl · Dumbbell",,,,,,""
21/01/2026,🔹,"Hammer Curl · Dumbbell",1,12.5,kg,12,rep,""
21/01/2026,🔹,"Hammer Curl · Dumbbell",2,12.5,kg,10,rep,""
21/01/2026,🔹,"Hammer Curl · Dumbbell",3,12.5,kg,9,rep,""
21/01/2026,🏋️‍♂️,"Tricep Extension · Cable",,,,,,""
21/01/2026,🔹,"Tricep Extension · Cable",1,47.5,lb,12,rep,""
21/01/2026,🔹,"Tricep Extension · Cable",2,47.5,lb,12,rep,""
21/01/2026,🔹,"Tricep Extension · Cable",3,47.5,lb,12,rep,""
22/01/2026,📅,,,,,,,"87 min"
22/01/2026,🏋️‍♂️,"Romanian Deadlift · Barbell",,,,,,""
22/01/2026,🔹,"Romanian Deadlift · Barbell",1,60,kg,9,rep,""
22/01/2026,🔹,"Romanian Deadlift · Barbell",2,70,kg,6,rep,""
22/01/2026,🔹,"Romanian Deadlift · Barbell",3,70,kg,6,rep,""
22/01/2026,🔹,"Romanian Deadlift · Barbell",4,70,kg,6,rep,""
22/01/2026,🏋️‍♂️,"Calf Press · Machine",,,,,,""
22/01/2026,🔹,"Calf Press · Machine",1,330,lb,15,rep,""
22/01/2026,🔹,"Calf Press · Machine",2,330,lb,15,rep,"Hard"
22/01/2026,🔹,"Calf Press · Machine",3,330,lb,15,rep,"Hard"
22/01/2026,🏋️‍♂️,"Leg Press · Machine",,,,,,""
22/01/2026,🔹,"Leg Press · Machine",1,300,lb,9,rep,""
22/01/2026,🔹,"Leg Press · Machine",2,300,lb,9,rep,""
22/01/2026,🔹,"Leg Press · Machine",3,300,lb,9,rep,""
22/01/2026,🏋️‍♂️,"Machine Crunch",,,,,,""
22/01/2026,🔹,"Machine Crunch",1,130,kg,9,rep,""
22/01/2026,🔹,"Machine Crunch",2,130,kg,9,rep,""
22/01/2026,🔹,"Machine Crunch",3,130,kg,7,rep,""
23/01/2026,📅,,,,,,,"50 min"
23/01/2026,🏋️‍♂️,"Pull Up",,,,,,""
23/01/2026,🔹,"Pull Up",1,0,kg,7,rep,""
23/01/2026,🔹,"Pull Up",2,0,kg,6,rep,""
23/01/2026,🔹,"Pull Up",3,0,kg,6,rep,""
23/01/2026,🔹,"Pull Up",4,0,kg,6,rep,""
23/01/2026,🏋️‍♂️,"Bench Press · Dumbbell",,,,,,""
23/01/2026,🔹,"Bench Press · Dumbbell",1,40,kg,12,rep,""
23/01/2026,🔹,"Bench Press · Dumbbell",2,45,kg,9,rep,""
23/01/2026,🔹,"Bench Press · Dumbbell",3,50,kg,9,rep,""
23/01/2026,🏋️‍♂️,"Seated Row · Cable",,,,,,""
23/01/2026,🔹,"Seated Row · Cable",1,54.5,kg,12,rep,""
23/01/2026,🔹,"Seated Row · Cable",2,54.5,kg,12,rep,""
23/01/2026,🔹,"Seated Row · Cable",3,54.5,kg,12,rep,""
23/01/2026,🏋️‍♂️,"Incline Bench Press · Barbell",,,,,,""
23/01/2026,🔹,"Incline Bench Press · Barbell",1,53,kg,9,rep,""
23/01/2026,🔹,"Incline Bench Press · Barbell",2,53,kg,8,rep,""
23/01/2026,🔹,"Incline Bench Press · Barbell",3,53,kg,6,rep,""
24/01/2026,📅,,,,,,,"59 min"
24/01/2026,🏋️‍♂️,"Tricep Dip",,,,,,""
24/01/2026,🔹,"Tricep Dip",1,0,kg,15,rep,""
24/01/2026,🔹,"Tricep Dip",2,0,kg,13,rep,""
24/01/2026,🔹,"Tricep Dip",3,0,kg,12,rep,""
24/01/2026,🔹,"Tricep Dip",4,0,kg,12,rep,""
24/01/2026,🏋️‍♂️,"Hammer Curl · Dumbbell",,,,,,""
24/01/2026,🔹,"Hammer Curl · Dumbbell",1,12.5,kg,12,rep,""
24/01/2026,🔹,"Hammer Curl · Dumbbell",2,12.5,kg,12,rep,""
24/01/2026,🔹,"Hammer Curl · Dumbbell",3,12.5,kg,9,rep,""
24/01/2026,🏋️‍♂️,"Cable Raise (Freie)",,,,,,""
24/01/2026,🔹,"Cable Raise (Freie)",1,60,lb,12,rep,""
24/01/2026,🔹,"Cable Raise (Freie)",2,60,lb,12,rep,""
24/01/2026,🔹,"Cable Raise (Freie)",3,60,lb,12,rep,""
24/01/2026,🏋️‍♂️,"Standing Cable Triceps extension",,,,,,""
24/01/2026,🔹,"Standing Cable Triceps extension",1,40,lb,9,rep,""
24/01/2026,🔹,"Standing Cable Triceps extension",2,32.5,lb,9,rep,""
24/01/2026,🔹,"Standing Cable Triceps extension",3,32.5,lb,10,rep,""
24/01/2026,🏋️‍♂️,"Curl · Dumbbell",,,,,,""
24/01/2026,🔹,"Curl · Dumbbell",1,12.5,kg,12,rep,""
24/01/2026,🔹,"Curl · Dumbbell",2,12.5,kg,12,rep,""
24/01/2026,🔹,"Curl · Dumbbell",3,12.5,kg,12,rep,""
26/01/2026,📅,,,,,,,"84 min"
26/01/2026,🏋️‍♂️,"Squat · Barbell",,,,,,""
26/01/2026,🔹,"Squat · Barbell",1,70,kg,9,rep,""
26/01/2026,🔹,"Squat · Barbell",2,70,kg,9,rep,""
26/01/2026,🔹,"Squat · Barbell",3,70,kg,9,rep,""
26/01/2026,🔹,"Squat · Barbell",4,70,kg,9,rep,""
26/01/2026,🏋️‍♂️,"Calf Press · Machine",,,,,,""
26/01/2026,🔹,"Calf Press · Machine",1,350,lb,12,rep,""
26/01/2026,🔹,"Calf Press · Machine",2,350,lb,12,rep,""
26/01/2026,🔹,"Calf Press · Machine",3,350,lb,12,rep,""
26/01/2026,🏋️‍♂️,"Leg Curl · Machine",,,,,,""
26/01/2026,🔹,"Leg Curl · Machine",1,115,lb,12,rep,""
26/01/2026,🔹,"Leg Curl · Machine",2,115,lb,10,rep,""
26/01/2026,🔹,"Leg Curl · Machine",3,115,lb,10,rep,""
26/01/2026,🏋️‍♂️,"Machine Crunch",,,,,,""
26/01/2026,🔹,"Machine Crunch",1,130,kg,9,rep,""
26/01/2026,🔹,"Machine Crunch",2,130,kg,9,rep,""
26/01/2026,🔹,"Machine Crunch",3,130,kg,9,rep,""
27/01/2026,📅,,,,,,,"58 min"
27/01/2026,🏋️‍♂️,"Bench Press · Barbell",,,,,,""
27/01/2026,🔹,"Bench Press · Barbell",1,40,kg,9,rep,""
27/01/2026,🔹,"Bench Press · Barbell",2,60,kg,9,rep,""
27/01/2026,🔹,"Bench Press · Barbell",3,60,kg,9,rep,""
27/01/2026,🔹,"Bench Press · Barbell",4,60,kg,9,rep,""
27/01/2026,🔹,"Bench Press · Barbell",5,60,kg,9,rep,""
27/01/2026,🏋️‍♂️,"VAF Ruckeninsulator",,,,,,""
27/01/2026,🔹,"VAF Ruckeninsulator",1,12,kg,10,rep,""
27/01/2026,🔹,"VAF Ruckeninsulator",2,12,kg,10,rep,""
27/01/2026,🔹,"VAF Ruckeninsulator",3,12,kg,10,rep,""
27/01/2026,🏋️‍♂️,"Pec Deck · Machine",,,,,,""
27/01/2026,🔹,"Pec Deck · Machine",1,130,lb,9,rep,""
27/01/2026,🔹,"Pec Deck · Machine",2,130,lb,9,rep,""
27/01/2026,🔹,"Pec Deck · Machine",3,130,lb,9,rep,""
27/01/2026,🏋️‍♂️,"Lat Pull Down · Cable",,,,,,""
27/01/2026,🔹,"Lat Pull Down · Cable",1,61,kg,9,rep,""
27/01/2026,🔹,"Lat Pull Down · Cable",2,61,kg,9,rep,""
27/01/2026,🔹,"Lat Pull Down · Cable",3,61,kg,9,rep,"Hard"
28/01/2026,📅,,,,,,,"63 min"
28/01/2026,🏋️‍♂️,"Overhead Press · Barbell",,,,,,""
28/01/2026,🔹,"Overhead Press · Barbell",1,30,kg,9,rep,""
28/01/2026,🔹,"Overhead Press · Barbell",2,30,kg,9,rep,""
28/01/2026,🔹,"Overhead Press · Barbell",3,30,kg,9,rep,""
28/01/2026,🔹,"Overhead Press · Barbell",4,30,kg,9,rep,""
28/01/2026,🏋️‍♂️,"Curl · Barbell",,,,,,""
28/01/2026,🔹,"Curl · Barbell",1,24,kg,9,rep,""
28/01/2026,🔹,"Curl · Barbell",2,29,kg,9,rep,""
28/01/2026,🔹,"Curl · Barbell",3,29,kg,9,rep,""
28/01/2026,🏋️‍♂️,"Skull crusher",,,,,,""
28/01/2026,🔹,"Skull crusher",1,24,kg,8,rep,""
28/01/2026,🔹,"Skull crusher",2,29,kg,8,rep,""
28/01/2026,🔹,"Skull crusher",3,29,kg,8,rep,""
28/01/2026,🏋️‍♂️,"Rear Delt",,,,,,""
28/01/2026,🔹,"Rear Delt",1,90,lb,12,rep,""
28/01/2026,🔹,"Rear Delt",2,90,lb,10,rep,""
28/01/2026,🔹,"Rear Delt",3,90,lb,10,rep,""
28/01/2026,🏋️‍♂️,"Hammer Curl · Dumbbell",,,,,,""
28/01/2026,🔹,"Hammer Curl · Dumbbell",1,12.5,kg,12,rep,""
28/01/2026,🔹,"Hammer Curl · Dumbbell",2,12.5,kg,12,rep,""
28/01/2026,🔹,"Hammer Curl · Dumbbell",3,12.5,kg,9,rep,""
28/01/2026,🏋️‍♂️,"Tricep Extension · Cable",,,,,,""
28/01/2026,🔹,"Tricep Extension · Cable",1,55,lb,9,rep,""
28/01/2026,🔹,"Tricep Extension · Cable",2,55,lb,9,rep,""
28/01/2026,🔹,"Tricep Extension · Cable",3,55,lb,9,rep,""
29/01/2026,📅,,,,,,,"70 min"
29/01/2026,🏋️‍♂️,"Romanian Deadlift · Barbell",,,,,,""
29/01/2026,🔹,"Romanian Deadlift · Barbell",1,60,kg,9,rep,"WarmUp"
29/01/2026,🔹,"Romanian Deadlift · Barbell",2,70,kg,8,rep,""
29/01/2026,🔹,"Romanian Deadlift · Barbell",3,70,kg,8,rep,""
29/01/2026,🔹,"Romanian Deadlift · Barbell",4,70,kg,8,rep,""
29/01/2026,🏋️‍♂️,"Calf Press · Machine",,,,,,""
29/01/2026,🔹,"Calf Press · Machine",1,350,lb,12,rep,""
29/01/2026,🔹,"Calf Press · Machine",2,350,lb,13,rep,""
29/01/2026,🔹,"Calf Press · Machine",3,350,lb,14,rep,""
29/01/2026,🏋️‍♂️,"Leg Press · Machine",,,,,,""
29/01/2026,🔹,"Leg Press · Machine",1,310,lb,8,rep,""
29/01/2026,🔹,"Leg Press · Machine",2,310,lb,8,rep,""
29/01/2026,🔹,"Leg Press · Machine",3,310,lb,9,rep,""
29/01/2026,🏋️‍♂️,"Machine Crunch",,,,,,""
29/01/2026,🔹,"Machine Crunch",1,130,kg,10,rep,""
29/01/2026,🔹,"Machine Crunch",2,130,kg,10,rep,""
29/01/2026,🔹,"Machine Crunch",3,130,kg,10,rep,""
30/01/2026,📅,,,,,,,"40 min"
30/01/2026,🏋️‍♂️,"Pull Up",,,,,,""
30/01/2026,🔹,"Pull Up",1,0,kg,9,rep,""
30/01/2026,🔹,"Pull Up",2,0,kg,8,rep,""
30/01/2026,🔹,"Pull Up",3,0,kg,8,rep,""
30/01/2026,🔹,"Pull Up",4,0,kg,6,rep,""
30/01/2026,🏋️‍♂️,"Incline Bench Press · Barbell",,,,,,""
30/01/2026,🔹,"Incline Bench Press · Barbell",1,53,kg,9,rep,""
30/01/2026,🔹,"Incline Bench Press · Barbell",2,53,kg,9,rep,""
30/01/2026,🔹,"Incline Bench Press · Barbell",3,53,kg,9,rep,""
30/01/2026,🏋️‍♂️,"Seated Row · Cable",,,,,,""
30/01/2026,🔹,"Seated Row · Cable",1,54.5,kg,12,rep,""
30/01/2026,🔹,"Seated Row · Cable",2,61,kg,9,rep,""
30/01/2026,🔹,"Seated Row · Cable",3,61,kg,7,rep,""
30/01/2026,🏋️‍♂️,"Bench Press · Dumbbell",,,,,,""
30/01/2026,🔹,"Bench Press · Dumbbell",1,50,kg,8,rep,""
30/01/2026,🔹,"Bench Press · Dumbbell",2,50,kg,6,rep,""
30/01/2026,🔹,"Bench Press · Dumbbell",3,50,kg,7,rep,""
31/01/2026,📅,,,,,,,"92 min"
31/01/2026,🏋️‍♂️,"Tricep Dip",,,,,,""
31/01/2026,🔹,"Tricep Dip",1,0,kg,15,rep,""
31/01/2026,🔹,"Tricep Dip",2,0,kg,15,rep,""
31/01/2026,🔹,"Tricep Dip",3,0,kg,15,rep,"Hard"
31/01/2026,🏋️‍♂️,"Hammer Curl · Dumbbell",,,,,,""
31/01/2026,🔹,"Hammer Curl · Dumbbell",1,12.5,kg,13,rep,""
31/01/2026,🔹,"Hammer Curl · Dumbbell",2,12.5,kg,12,rep,""
31/01/2026,🔹,"Hammer Curl · Dumbbell",3,12.5,kg,10,rep,""
31/01/2026,🏋️‍♂️,"Cable Raise (Freie)",,,,,,""
31/01/2026,🔹,"Cable Raise (Freie)",1,70,lb,12,rep,""
31/01/2026,🔹,"Cable Raise (Freie)",2,70,lb,12,rep,""
31/01/2026,🔹,"Cable Raise (Freie)",3,70,lb,12,rep,"Hard"
31/01/2026,🏋️‍♂️,"Standing Cable Triceps extension",,,,,,""
31/01/2026,🔹,"Standing Cable Triceps extension",1,32.5,lb,11,rep,""
31/01/2026,🔹,"Standing Cable Triceps extension",2,32.5,lb,10,rep,""
31/01/2026,🔹,"Standing Cable Triceps extension",3,32.5,lb,10,rep,""
31/01/2026,🏋️‍♂️,"Curl · Dumbbell",,,,,,""
31/01/2026,🔹,"Curl · Dumbbell",1,12.5,kg,14,rep,""
31/01/2026,🔹,"Curl · Dumbbell",2,12.5,kg,12,rep,""
31/01/2026,🔹,"Curl · Dumbbell",3,12.5,kg,10,rep,""
31/01/2026,🏋️‍♂️,"Seated Overhead Press · Dumbbell",,,,,,""
31/01/2026,🔹,"Seated Overhead Press · Dumbbell",1,30,kg,12,rep,""
31/01/2026,🔹,"Seated Overhead Press · Dumbbell",2,30,kg,12,rep,""
31/01/2026,🔹,"Seated Overhead Press · Dumbbell",3,30,kg,10,rep,""
31/01/2026,🏋️‍♂️,"Treadmill",,,,,,""
31/01/2026,🔹,"Treadmill",1,500,sec,0,km,""
02/02/2026,📅,,,,,,,"48 min"
02/02/2026,🏋️‍♂️,"Squat · Barbell",,,,,,""
02/02/2026,🔹,"Squat · Barbell",1,70,kg,6,rep,"WarmUp"
02/02/2026,🔹,"Squat · Barbell",2,80,kg,6,rep,""
02/02/2026,🔹,"Squat · Barbell",3,80,kg,6,rep,""
02/02/2026,🔹,"Squat · Barbell",4,80,kg,6,rep,""
02/02/2026,🏋️‍♂️,"Calf Press · Machine",,,,,,""
02/02/2026,🔹,"Calf Press · Machine",1,350,lb,15,rep,""
02/02/2026,🔹,"Calf Press · Machine",2,350,lb,15,rep,""
02/02/2026,🔹,"Calf Press · Machine",3,350,lb,15,rep,""
02/02/2026,🏋️‍♂️,"Leg Curl · Machine",,,,,,""
02/02/2026,🔹,"Leg Curl · Machine",1,115,lb,12,rep,""
02/02/2026,🔹,"Leg Curl · Machine",2,115,lb,12,rep,""
02/02/2026,🔹,"Leg Curl · Machine",3,115,lb,10,rep,""
02/02/2026,🏋️‍♂️,"Machine Crunch",,,,,,""
02/02/2026,🔹,"Machine Crunch",1,140,kg,6,rep,""
02/02/2026,🔹,"Machine Crunch",2,140,kg,7,rep,""
02/02/2026,🔹,"Machine Crunch",3,140,kg,6,rep,""
03/02/2026,📅,,,,,,,"43 min"
03/02/2026,🏋️‍♂️,"Bench Press · Barbell",,,,,,""
03/02/2026,🔹,"Bench Press · Barbell",1,60,kg,6,rep,"WarmUp"
03/02/2026,🔹,"Bench Press · Barbell",2,70,kg,6,rep,""
03/02/2026,🔹,"Bench Press · Barbell",3,70,kg,6,rep,""
03/02/2026,🔹,"Bench Press · Barbell",4,70,kg,6,rep,""
03/02/2026,🏋️‍♂️,"VAF Ruckeninsulator",,,,,,""
03/02/2026,🔹,"VAF Ruckeninsulator",1,12,kg,10,rep,""
03/02/2026,🔹,"VAF Ruckeninsulator",2,13,kg,10,rep,""
03/02/2026,🔹,"VAF Ruckeninsulator",3,14,kg,7,rep,"Hard"
03/02/2026,🏋️‍♂️,"Pec Deck · Machine",,,,,,""
03/02/2026,🔹,"Pec Deck · Machine",1,130,lb,12,rep,""
03/02/2026,🔹,"Pec Deck · Machine",2,130,lb,12,rep,""
03/02/2026,🔹,"Pec Deck · Machine",3,130,lb,10,rep,""
03/02/2026,🏋️‍♂️,"Lat Pull Down · Cable",,,,,,""
03/02/2026,🔹,"Lat Pull Down · Cable",1,61,kg,10,rep,""
03/02/2026,🔹,"Lat Pull Down · Cable",2,61,kg,10,rep,""
03/02/2026,🔹,"Lat Pull Down · Cable",3,61,kg,9,rep,""
04/02/2026,📅,,,,,,,"83 min"
04/02/2026,🏋️‍♂️,"Overhead Press · Barbell",,,,,,""
04/02/2026,🔹,"Overhead Press · Barbell",1,30,kg,6,rep,"WarmUp"
04/02/2026,🔹,"Overhead Press · Barbell",2,35,kg,6,rep,""
04/02/2026,🔹,"Overhead Press · Barbell",3,40,kg,5,rep,""
04/02/2026,🔹,"Overhead Press · Barbell",4,40,kg,5,rep,"Hard"
04/02/2026,🏋️‍♂️,"Curl · Barbell",,,,,,""
04/02/2026,🔹,"Curl · Barbell",1,24,kg,10,rep,""
04/02/2026,🔹,"Curl · Barbell",2,29,kg,10,rep,""
04/02/2026,🔹,"Curl · Barbell",3,29,kg,10,rep,""
04/02/2026,🏋️‍♂️,"Skull crusher",,,,,,""
04/02/2026,🔹,"Skull crusher",1,24,kg,10,rep,""
04/02/2026,🔹,"Skull crusher",2,24,kg,10,rep,""
04/02/2026,🔹,"Skull crusher",3,24,kg,10,rep,""
04/02/2026,🏋️‍♂️,"Rear Delt",,,,,,""
04/02/2026,🔹,"Rear Delt",1,90,lb,12,rep,""
04/02/2026,🔹,"Rear Delt",2,90,lb,10,rep,""
04/02/2026,🔹,"Rear Delt",3,90,lb,10,rep,""
04/02/2026,🏋️‍♂️,"Hammer Curl · Dumbbell",,,,,,""
04/02/2026,🔹,"Hammer Curl · Dumbbell",1,12.5,kg,12,rep,""
04/02/2026,🔹,"Hammer Curl · Dumbbell",2,12.5,kg,12,rep,""
04/02/2026,🔹,"Hammer Curl · Dumbbell",3,12.5,kg,9,rep,""
04/02/2026,🏋️‍♂️,"Tricep Extension · Cable",,,,,,""
04/02/2026,🔹,"Tricep Extension · Cable",1,55,lb,10,rep,""
04/02/2026,🔹,"Tricep Extension · Cable",2,55,lb,10,rep,""
04/02/2026,🔹,"Tricep Extension · Cable",3,55,lb,8,rep,""
05/02/2026,📅,,,,,,,"46 min"
05/02/2026,🏋️‍♂️,"Romanian Deadlift · Barbell",,,,,,""
05/02/2026,🔹,"Romanian Deadlift · Barbell",1,60,kg,6,rep,"WarmUp"
05/02/2026,🔹,"Romanian Deadlift · Barbell",2,80,kg,6,rep,""
05/02/2026,🔹,"Romanian Deadlift · Barbell",3,80,kg,6,rep,""
05/02/2026,🔹,"Romanian Deadlift · Barbell",4,70,kg,9,rep,""
05/02/2026,🏋️‍♂️,"Calf Press · Machine",,,,,,""
05/02/2026,🔹,"Calf Press · Machine",1,370,lb,9,rep,""
05/02/2026,🔹,"Calf Press · Machine",2,370,lb,9,rep,""
05/02/2026,🔹,"Calf Press · Machine",3,370,lb,9,rep,""
05/02/2026,🏋️‍♂️,"Leg Press · Machine",,,,,,""
05/02/2026,🔹,"Leg Press · Machine",1,150,lb,9,rep,"WarmUp"
05/02/2026,🔹,"Leg Press · Machine",2,330,lb,6,rep,""
05/02/2026,🔹,"Leg Press · Machine",3,330,lb,9,rep,""
05/02/2026,🔹,"Leg Press · Machine",4,310,lb,8,rep,""
05/02/2026,🏋️‍♂️,"Machine Crunch",,,,,,""
05/02/2026,🔹,"Machine Crunch",1,150,kg,6,rep,""
05/02/2026,🔹,"Machine Crunch",2,150,kg,5,rep,""
05/02/2026,🔹,"Machine Crunch",3,150,kg,5,rep,""
06/02/2026,📅,,,,,,,"57 min"
06/02/2026,🏋️‍♂️,"Pull Up",,,,,,""
06/02/2026,🔹,"Pull Up",1,0,kg,8,rep,""
06/02/2026,🔹,"Pull Up",2,0,kg,7,rep,""
06/02/2026,🔹,"Pull Up",3,0,kg,6,rep,""
06/02/2026,🔹,"Pull Up",4,0,kg,6,rep,""
06/02/2026,🏋️‍♂️,"Incline Bench Press · Barbell",,,,,,""
06/02/2026,🔹,"Incline Bench Press · Barbell",1,60,kg,5,rep,""
06/02/2026,🔹,"Incline Bench Press · Barbell",2,60,kg,5,rep,""
06/02/2026,🔹,"Incline Bench Press · Barbell",3,50,kg,9,rep,""
06/02/2026,🏋️‍♂️,"Seated Row · Cable",,,,,,""
06/02/2026,🔹,"Seated Row · Cable",1,61,kg,9,rep,""
06/02/2026,🔹,"Seated Row · Cable",2,61,kg,7,rep,""
06/02/2026,🔹,"Seated Row · Cable",3,61,kg,7,rep,""
06/02/2026,🏋️‍♂️,"Bench Press · Dumbbell",,,,,,""
06/02/2026,🔹,"Bench Press · Dumbbell",1,50,kg,7,rep,""
06/02/2026,🔹,"Bench Press · Dumbbell",2,50,kg,7,rep,""
06/02/2026,🔹,"Bench Press · Dumbbell",3,50,kg,7,rep,""
07/02/2026,📅,,,,,,,"94 min"
07/02/2026,🏋️‍♂️,"Tricep Dip",,,,,,""
07/02/2026,🔹,"Tricep Dip",1,0,kg,15,rep,""
07/02/2026,🔹,"Tricep Dip",2,0,kg,10,rep,""
07/02/2026,🔹,"Tricep Dip",3,0,kg,12,rep,""
07/02/2026,🏋️‍♂️,"Hammer Curl · Dumbbell",,,,,,""
07/02/2026,🔹,"Hammer Curl · Dumbbell",1,12.5,kg,13,rep,""
07/02/2026,🔹,"Hammer Curl · Dumbbell",2,12.5,kg,13,rep,""
07/02/2026,🔹,"Hammer Curl · Dumbbell",3,12.5,kg,11,rep,""
07/02/2026,🏋️‍♂️,"Cable Raise (Freie)",,,,,,""
07/02/2026,🔹,"Cable Raise (Freie)",1,70,lb,13,rep,""
07/02/2026,🔹,"Cable Raise (Freie)",2,70,lb,12,rep,""
07/02/2026,🔹,"Cable Raise (Freie)",3,80,lb,7,rep,""
07/02/2026,🏋️‍♂️,"Standing Cable Triceps extension",,,,,,""
07/02/2026,🔹,"Standing Cable Triceps extension",1,32.5,lb,11,rep,""
07/02/2026,🔹,"Standing Cable Triceps extension",2,32.5,lb,9,rep,""
07/02/2026,🔹,"Standing Cable Triceps extension",3,32.5,lb,9,rep,""
07/02/2026,🏋️‍♂️,"Curl · Dumbbell",,,,,,""
07/02/2026,🔹,"Curl · Dumbbell",1,12.5,kg,15,rep,""
07/02/2026,🔹,"Curl · Dumbbell",2,12.5,kg,12,rep,""
07/02/2026,🔹,"Curl · Dumbbell",3,15,kg,7,rep,""
07/02/2026,🏋️‍♂️,"Seated Overhead Press · Dumbbell",,,,,,""
07/02/2026,🔹,"Seated Overhead Press · Dumbbell",1,30,kg,12,rep,""
07/02/2026,🔹,"Seated Overhead Press · Dumbbell",2,35,kg,8,rep,""
07/02/2026,🔹,"Seated Overhead Press · Dumbbell",3,40,kg,6,rep,""
07/02/2026,🏋️‍♂️,"Treadmill",,,,,,""
07/02/2026,🔹,"Treadmill",1,600,sec,0,km,""
09/02/2026,📅,,,,,,,"35 min"
09/02/2026,🏋️‍♂️,"Squat · Barbell",,,,,,""
09/02/2026,🔹,"Squat · Barbell",1,70,kg,6,rep,"WarmUp"
09/02/2026,🔹,"Squat · Barbell",2,80,kg,6,rep,""
09/02/2026,🔹,"Squat · Barbell",3,80,kg,6,rep,""
09/02/2026,🔹,"Squat · Barbell",4,60,kg,9,rep,""
09/02/2026,🏋️‍♂️,"Calf Press · Machine",,,,,,""
09/02/2026,🔹,"Calf Press · Machine",1,370,lb,9,rep,""
09/02/2026,🔹,"Calf Press · Machine",2,370,lb,10,rep,""
09/02/2026,🔹,"Calf Press · Machine",3,370,lb,15,rep,""
09/02/2026,🏋️‍♂️,"Leg Curl · Machine",,,,,,""
09/02/2026,🔹,"Leg Curl · Machine",1,115,lb,12,rep,""
09/02/2026,🔹,"Leg Curl · Machine",2,115,lb,12,rep,""
09/02/2026,🔹,"Leg Curl · Machine",3,115,lb,10,rep,""
09/02/2026,🏋️‍♂️,"Machine Crunch",,,,,,""
09/02/2026,🔹,"Machine Crunch",1,150,kg,6,rep,""
09/02/2026,🔹,"Machine Crunch",2,150,kg,5,rep,""
09/02/2026,🔹,"Machine Crunch",3,150,kg,6,rep,""
10/02/2026,📅,,,,,,,"43 min"
10/02/2026,🏋️‍♂️,"Bench Press · Barbell",,,,,,""
10/02/2026,🔹,"Bench Press · Barbell",1,20,kg,6,rep,"WarmUp"
10/02/2026,🔹,"Bench Press · Barbell",2,60,kg,6,rep,"WarmUp"
10/02/2026,🔹,"Bench Press · Barbell",3,70,kg,6,rep,""
10/02/2026,🔹,"Bench Press · Barbell",4,70,kg,6,rep,""
10/02/2026,🔹,"Bench Press · Barbell",5,60,kg,9,rep,""
10/02/2026,🏋️‍♂️,"VAF Ruckeninsulator",,,,,,""
10/02/2026,🔹,"VAF Ruckeninsulator",1,13,kg,10,rep,""
10/02/2026,🔹,"VAF Ruckeninsulator",2,13,kg,9,rep,""
10/02/2026,🔹,"VAF Ruckeninsulator",3,13,kg,9,rep,"Hard"
10/02/2026,🏋️‍♂️,"Pec Deck · Machine",,,,,,""
10/02/2026,🔹,"Pec Deck · Machine",1,130,lb,12,rep,""
10/02/2026,🔹,"Pec Deck · Machine",2,130,lb,9,rep,""
10/02/2026,🔹,"Pec Deck · Machine",3,130,lb,8,rep,""
10/02/2026,🏋️‍♂️,"Cybex Lat Pulldown",,,,,,""
10/02/2026,🔹,"Cybex Lat Pulldown",1,11,kg,8,rep,""
10/02/2026,🔹,"Cybex Lat Pulldown",2,11,kg,8,rep,""
10/02/2026,🔹,"Cybex Lat Pulldown",3,11,kg,8,rep,""
11/02/2026,📅,,,,,,,"72 min"
11/02/2026,🏋️‍♂️,"Overhead Press · Barbell",,,,,,""
11/02/2026,🔹,"Overhead Press · Barbell",1,20,kg,6,rep,"WarmUp"
11/02/2026,🔹,"Overhead Press · Barbell",2,40,kg,5,rep,""
11/02/2026,🔹,"Overhead Press · Barbell",3,40,kg,5,rep,""
11/02/2026,🔹,"Overhead Press · Barbell",4,30,kg,9,rep,""
11/02/2026,🏋️‍♂️,"Curl · Barbell",,,,,,""
11/02/2026,🔹,"Curl · Barbell",1,9,kg,9,rep,"WarmUp"
11/02/2026,🔹,"Curl · Barbell",2,19,kg,9,rep,"WarmUp"
11/02/2026,🔹,"Curl · Barbell",3,29,kg,8,rep,""
11/02/2026,🔹,"Curl · Barbell",4,19,kg,9,rep,""
11/02/2026,🏋️‍♂️,"Skull crusher",,,,,,""
11/02/2026,🔹,"Skull crusher",1,19,kg,10,rep,"WarmUp"
11/02/2026,🔹,"Skull crusher",2,29,kg,8,rep,""
11/02/2026,🔹,"Skull crusher",3,29,kg,6,rep,""
11/02/2026,🏋️‍♂️,"Rear Delt",,,,,,""
11/02/2026,🔹,"Rear Delt",1,90,lb,11,rep,""
11/02/2026,🔹,"Rear Delt",2,90,lb,10,rep,""
11/02/2026,🔹,"Rear Delt",3,90,lb,9,rep,""
11/02/2026,🏋️‍♂️,"Hammer Curl · Dumbbell",,,,,,""
11/02/2026,🔹,"Hammer Curl · Dumbbell",1,12.5,kg,13,rep,""
11/02/2026,🔹,"Hammer Curl · Dumbbell",2,12.5,kg,12,rep,""
11/02/2026,🔹,"Hammer Curl · Dumbbell",3,12.5,kg,10,rep,""
11/02/2026,🏋️‍♂️,"Tricep Extension · Cable",,,,,,""
11/02/2026,🔹,"Tricep Extension · Cable",1,55,lb,10,rep,""
11/02/2026,🔹,"Tricep Extension · Cable",2,55,lb,10,rep,""
11/02/2026,🔹,"Tricep Extension · Cable",3,55,lb,9,rep,""
12/02/2026,📅,,,,,,,"99 min"
12/02/2026,🏋️‍♂️,"Romanian Deadlift · Barbell",,,,,,""
12/02/2026,🔹,"Romanian Deadlift · Barbell",1,60,kg,6,rep,"WarmUp"
12/02/2026,🔹,"Romanian Deadlift · Barbell",2,80,kg,9,rep,""
12/02/2026,🔹,"Romanian Deadlift · Barbell",3,80,kg,7,rep,""
12/02/2026,🔹,"Romanian Deadlift · Barbell",4,70,kg,9,rep,""
12/02/2026,🏋️‍♂️,"Calf Press · Machine",,,,,,""
12/02/2026,🔹,"Calf Press · Machine",1,370,lb,10,rep,""
12/02/2026,🔹,"Calf Press · Machine",2,370,lb,12,rep,""
12/02/2026,🔹,"Calf Press · Machine",3,370,lb,12,rep,"Hard"
12/02/2026,🏋️‍♂️,"Leg Press · Machine",,,,,,""
12/02/2026,🔹,"Leg Press · Machine",1,210,lb,6,rep,"WarmUp"
12/02/2026,🔹,"Leg Press · Machine",2,340,lb,6,rep,""
12/02/2026,🔹,"Leg Press · Machine",3,350,lb,6,rep,""
12/02/2026,🔹,"Leg Press · Machine",4,300,lb,8,rep,""
12/02/2026,🏋️‍♂️,"Machine Crunch",,,,,,""
12/02/2026,🔹,"Machine Crunch",1,150,kg,6,rep,""
12/02/2026,🔹,"Machine Crunch",2,150,kg,5,rep,""
12/02/2026,🔹,"Machine Crunch",3,140,kg,7,rep,""
13/02/2026,📅,,,,,,,"47 min"
13/02/2026,🏋️‍♂️,"Pull Up",,,,,,""
13/02/2026,🔹,"Pull Up",1,0,kg,8,rep,""
13/02/2026,🔹,"Pull Up",2,0,kg,8,rep,""
13/02/2026,🔹,"Pull Up",3,0,kg,7,rep,""
13/02/2026,🏋️‍♂️,"Incline Bench Press · Barbell",,,,,,""
13/02/2026,🔹,"Incline Bench Press · Barbell",1,40,kg,6,rep,"WarmUp"
13/02/2026,🔹,"Incline Bench Press · Barbell",2,60,kg,6,rep,""
13/02/2026,🔹,"Incline Bench Press · Barbell",3,60,kg,6,rep,""
13/02/2026,🔹,"Incline Bench Press · Barbell",4,50,kg,9,rep,""
13/02/2026,🏋️‍♂️,"Seated Row · Cable",,,,,,""
13/02/2026,🔹,"Seated Row · Cable",1,61,kg,9,rep,""
13/02/2026,🔹,"Seated Row · Cable",2,61,kg,8,rep,""
13/02/2026,🔹,"Seated Row · Cable",3,61,kg,8,rep,""
13/02/2026,🏋️‍♂️,"Bench Press · Dumbbell",,,,,,""
13/02/2026,🔹,"Bench Press · Dumbbell",1,40,kg,8,rep,"WarmUp"
13/02/2026,🔹,"Bench Press · Dumbbell",2,50,kg,8,rep,""
13/02/2026,🔹,"Bench Press · Dumbbell",3,50,kg,7,rep,""
14/02/2026,📅,,,,,,,"115 min | Upper"
14/02/2026,🏋️‍♂️,"Squat · Barbell",,,,,,""
14/02/2026,🔹,"Squat · Barbell",1,60,kg,6,rep,"WarmUp"
14/02/2026,🔹,"Squat · Barbell",2,70,kg,5,rep,"WarmUp"
14/02/2026,🔹,"Squat · Barbell",3,80,kg,4,rep,"WarmUp"
14/02/2026,🔹,"Squat · Barbell",4,90,kg,2,rep,"WarmUp"
14/02/2026,🔹,"Squat · Barbell",5,100,kg,2,rep,""
14/02/2026,🏋️‍♂️,"Romanian Deadlift · Barbell",,,,,,""
14/02/2026,🔹,"Romanian Deadlift · Barbell",1,60,kg,6,rep,"WarmUp"
14/02/2026,🔹,"Romanian Deadlift · Barbell",2,80,kg,6,rep,""
14/02/2026,🔹,"Romanian Deadlift · Barbell",3,80,kg,3,rep,""
14/02/2026,🏋️‍♂️,"Deadlift · Barbell",,,,,,""
14/02/2026,🔹,"Deadlift · Barbell",1,80,kg,3,rep,"WarmUp"
14/02/2026,🔹,"Deadlift · Barbell",2,100,kg,5,rep,""
14/02/2026,🏋️‍♂️,"Cable Raise (Freie)",,,,,,""
14/02/2026,🔹,"Cable Raise (Freie)",1,70,lb,13,rep,""
14/02/2026,🔹,"Cable Raise (Freie)",2,70,lb,12,rep,""
14/02/2026,🔹,"Cable Raise (Freie)",3,80,lb,7,rep,""
14/02/2026,🏋️‍♂️,"Hammer Curl · Dumbbell",,,,,,""
14/02/2026,🔹,"Hammer Curl · Dumbbell",1,12,kg,15,rep,""
14/02/2026,🔹,"Hammer Curl · Dumbbell",2,12,kg,11,rep,""
14/02/2026,🔹,"Hammer Curl · Dumbbell",3,12.5,kg,11,rep,""
14/02/2026,🏋️‍♂️,"Tricep Extension · Cable",,,,,,""
14/02/2026,🔹,"Tricep Extension · Cable",1,27.5,kg,9,rep,""
14/02/2026,🔹,"Tricep Extension · Cable",2,27.5,kg,9,rep,""
14/02/2026,🔹,"Tricep Extension · Cable",3,27.5,kg,9,rep,""
14/02/2026,🏋️‍♂️,"Bench Press · Barbell",,,,,,""
14/02/2026,🔹,"Bench Press · Barbell",1,20,kg,6,rep,"WarmUp"
14/02/2026,🔹,"Bench Press · Barbell",2,60,kg,6,rep,"WarmUp"
14/02/2026,🔹,"Bench Press · Barbell",3,70,kg,4,rep,""
14/02/2026,🔹,"Bench Press · Barbell",4,80,kg,5,rep,""
14/02/2026,🔹,"Bench Press · Barbell",5,85,kg,1,rep,""
14/02/2026,🏋️‍♂️,"Treadmill",,,,,,""
14/02/2026,🔹,"Treadmill",1,600,sec,0,km,""
16/02/2026,📅,,,,,,,"47 min"
16/02/2026,🏋️‍♂️,"Squat · Barbell",,,,,,""
16/02/2026,🔹,"Squat · Barbell",1,60,kg,6,rep,"WarmUp"
16/02/2026,🔹,"Squat · Barbell",2,70,kg,5,rep,"WarmUp"
16/02/2026,🔹,"Squat · Barbell",3,80,kg,1,rep,"WarmUp"
16/02/2026,🔹,"Squat · Barbell",4,85,kg,5,rep,""
16/02/2026,🔹,"Squat · Barbell",5,85,kg,5,rep,""
16/02/2026,🔹,"Squat · Barbell",6,70,kg,6,rep,""
16/02/2026,🏋️‍♂️,"Calf Press · Machine",,,,,,""
16/02/2026,🔹,"Calf Press · Machine",1,370,lb,12,rep,""
16/02/2026,🔹,"Calf Press · Machine",2,370,lb,12,rep,""
16/02/2026,🔹,"Calf Press · Machine",3,370,lb,10,rep,""
16/02/2026,🏋️‍♂️,"Leg Curl · Machine",,,,,,""
16/02/2026,🔹,"Leg Curl · Machine",1,115,lb,12,rep,""
16/02/2026,🔹,"Leg Curl · Machine",2,115,lb,12,rep,""
16/02/2026,🔹,"Leg Curl · Machine",3,115,lb,12,rep,""
16/02/2026,🏋️‍♂️,"Machine Crunch",,,,,,""
16/02/2026,🔹,"Machine Crunch",1,140,kg,9,rep,""
16/02/2026,🔹,"Machine Crunch",2,140,kg,9,rep,""
16/02/2026,🔹,"Machine Crunch",3,140,kg,6,rep,""
17/02/2026,📅,,,,,,,"87 min"
17/02/2026,🏋️‍♂️,"Bench Press · Barbell",,,,,,""
17/02/2026,🔹,"Bench Press · Barbell",1,20,kg,6,rep,"WarmUp"
17/02/2026,🔹,"Bench Press · Barbell",2,60,kg,5,rep,"WarmUp"
17/02/2026,🔹,"Bench Press · Barbell",3,70,kg,3,rep,"WarmUp"
17/02/2026,🔹,"Bench Press · Barbell",4,75,kg,5,rep,""
17/02/2026,🔹,"Bench Press · Barbell",5,75,kg,5,rep,""
17/02/2026,🔹,"Bench Press · Barbell",6,60,kg,8,rep,""
17/02/2026,🏋️‍♂️,"VAF Ruckeninsulator",,,,,,""
17/02/2026,🔹,"VAF Ruckeninsulator",1,13,kg,9,rep,""
17/02/2026,🔹,"VAF Ruckeninsulator",2,13,kg,9,rep,""
17/02/2026,🔹,"VAF Ruckeninsulator",3,13,kg,9,rep,""
17/02/2026,🏋️‍♂️,"Pec Deck · Machine",,,,,,""
17/02/2026,🔹,"Pec Deck · Machine",1,130,lb,12,rep,""
17/02/2026,🔹,"Pec Deck · Machine",2,130,lb,10,rep,""
17/02/2026,🔹,"Pec Deck · Machine",3,130,lb,9,rep,""
17/02/2026,🏋️‍♂️,"Lat Pull Down · Cable",,,,,,""
17/02/2026,🔹,"Lat Pull Down · Cable",1,61,kg,9,rep,""
17/02/2026,🔹,"Lat Pull Down · Cable",2,61,kg,9,rep,""
17/02/2026,🔹,"Lat Pull Down · Cable",3,61,kg,9,rep,""
18/02/2026,📅,,,,,,,"80 min"
18/02/2026,🏋️‍♂️,"Overhead Press · Barbell",,,,,,""
18/02/2026,🔹,"Overhead Press · Barbell",1,20,kg,6,rep,"WarmUp"
18/02/2026,🔹,"Overhead Press · Barbell",2,40,kg,6,rep,""
18/02/2026,🔹,"Overhead Press · Barbell",3,40,kg,5,rep,""
18/02/2026,🔹,"Overhead Press · Barbell",4,30,kg,10,rep,""
18/02/2026,🏋️‍♂️,"Curl · Barbell",,,,,,""
18/02/2026,🔹,"Curl · Barbell",1,9,kg,9,rep,"WarmUp"
18/02/2026,🔹,"Curl · Barbell",2,19,kg,17,rep,""
18/02/2026,🔹,"Curl · Barbell",3,19,kg,15,rep,""
18/02/2026,🔹,"Curl · Barbell",4,19,kg,9,rep,""
18/02/2026,🏋️‍♂️,"Skull crusher",,,,,,""
18/02/2026,🔹,"Skull crusher",1,19,kg,10,rep,""
18/02/2026,🔹,"Skull crusher",2,29,kg,8,rep,""
18/02/2026,🔹,"Skull crusher",3,29,kg,8,rep,""
18/02/2026,🏋️‍♂️,"Rear Delt",,,,,,""
18/02/2026,🔹,"Rear Delt",1,90,lb,10,rep,""
18/02/2026,🔹,"Rear Delt",2,90,lb,10,rep,""
18/02/2026,🔹,"Rear Delt",3,90,lb,10,rep,"Hard"
18/02/2026,🏋️‍♂️,"Hammer Curl · Dumbbell",,,,,,""
18/02/2026,🔹,"Hammer Curl · Dumbbell",1,12.5,kg,13,rep,""
18/02/2026,🔹,"Hammer Curl · Dumbbell",2,12.5,kg,11,rep,""
18/02/2026,🔹,"Hammer Curl · Dumbbell",3,12.5,kg,11,rep,""
18/02/2026,🏋️‍♂️,"Tricep Extension · Cable",,,,,,""
18/02/2026,🔹,"Tricep Extension · Cable",1,55,lb,12,rep,""
18/02/2026,🔹,"Tricep Extension · Cable",2,55,lb,10,rep,""
18/02/2026,🔹,"Tricep Extension · Cable",3,55,lb,10,rep,""
19/02/2026,📅,,,,,,,"31 min"
19/02/2026,🏋️‍♂️,"Romanian Deadlift · Barbell",,,,,,""
19/02/2026,🔹,"Romanian Deadlift · Barbell",1,20,kg,6,rep,"WarmUp"
19/02/2026,🔹,"Romanian Deadlift · Barbell",2,60,kg,9,rep,"WarmUp"
19/02/2026,🔹,"Romanian Deadlift · Barbell",3,80,kg,9,rep,""
19/02/2026,🔹,"Romanian Deadlift · Barbell",4,80,kg,9,rep,""
19/02/2026,🔹,"Romanian Deadlift · Barbell",5,60,kg,9,rep,""
19/02/2026,🏋️‍♂️,"Calf Press · Machine",,,,,,""
19/02/2026,🔹,"Calf Press · Machine",1,370,lb,12,rep,""
19/02/2026,🔹,"Calf Press · Machine",2,370,lb,12,rep,""
19/02/2026,🔹,"Calf Press · Machine",3,370,lb,12,rep,""
19/02/2026,🏋️‍♂️,"Leg Press · Machine",,,,,,""
19/02/2026,🔹,"Leg Press · Machine",1,210,lb,6,rep,"WarmUp"
19/02/2026,🔹,"Leg Press · Machine",2,350,lb,7,rep,""
19/02/2026,🔹,"Leg Press · Machine",3,350,lb,7,rep,""
19/02/2026,🔹,"Leg Press · Machine",4,310,lb,9,rep,""
19/02/2026,🏋️‍♂️,"Machine Crunch",,,,,,""
19/02/2026,🔹,"Machine Crunch",1,140,kg,6,rep,""
19/02/2026,🔹,"Machine Crunch",2,140,kg,5,rep,""
19/02/2026,🔹,"Machine Crunch",3,140,kg,7,rep,""
20/02/2026,📅,,,,,,,"74 min"
20/02/2026,🏋️‍♂️,"Pull Up",,,,,,""
20/02/2026,🔹,"Pull Up",1,0,kg,8,rep,""
20/02/2026,🔹,"Pull Up",2,0,kg,8,rep,""
20/02/2026,🔹,"Pull Up",3,0,kg,8,rep,""
20/02/2026,🏋️‍♂️,"Incline Bench Press · Barbell",,,,,,""
20/02/2026,🔹,"Incline Bench Press · Barbell",1,20,kg,6,rep,"WarmUp"
20/02/2026,🔹,"Incline Bench Press · Barbell",2,40,kg,6,rep,"WarmUp"
20/02/2026,🔹,"Incline Bench Press · Barbell",3,60,kg,7,rep,""
20/02/2026,🔹,"Incline Bench Press · Barbell",4,60,kg,7,rep,""
20/02/2026,🔹,"Incline Bench Press · Barbell",5,50,kg,9,rep,""
20/02/2026,🏋️‍♂️,"Seated Row · Cable",,,,,,""
20/02/2026,🔹,"Seated Row · Cable",1,61,kg,9,rep,""
20/02/2026,🔹,"Seated Row · Cable",2,61,kg,9,rep,"Hard"
20/02/2026,🔹,"Seated Row · Cable",3,61,kg,8,rep,""
20/02/2026,🏋️‍♂️,"Bench Press · Dumbbell",,,,,,""
20/02/2026,🔹,"Bench Press · Dumbbell",1,40,kg,8,rep,"WarmUp"
20/02/2026,🔹,"Bench Press · Dumbbell",2,50,kg,8,rep,""
20/02/2026,🔹,"Bench Press · Dumbbell",3,50,kg,8,rep,""
21/02/2026,📅,,,,,,,"80 min"
21/02/2026,🏋️‍♂️,"Tricep Dip",,,,,,""
21/02/2026,🔹,"Tricep Dip",1,0,kg,15,rep,""
21/02/2026,🔹,"Tricep Dip",2,0,kg,12,rep,""
21/02/2026,🔹,"Tricep Dip",3,0,kg,13,rep,""
21/02/2026,🏋️‍♂️,"Hammer Curl · Dumbbell",,,,,,""
21/02/2026,🔹,"Hammer Curl · Dumbbell",1,12.5,kg,15,rep,""
21/02/2026,🔹,"Hammer Curl · Dumbbell",2,12.5,kg,12,rep,""
21/02/2026,🔹,"Hammer Curl · Dumbbell",3,12.5,kg,9,rep,""
21/02/2026,🏋️‍♂️,"Cable Raise (Freie)",,,,,,""
21/02/2026,🔹,"Cable Raise (Freie)",1,70,lb,12,rep,""
21/02/2026,🔹,"Cable Raise (Freie)",2,70,lb,10,rep,""
21/02/2026,🔹,"Cable Raise (Freie)",3,70,lb,10,rep,""
21/02/2026,🏋️‍♂️,"Standing Cable Triceps extension",,,,,,""
21/02/2026,🔹,"Standing Cable Triceps extension",1,25,lb,8,rep,"WarmUp"
21/02/2026,🔹,"Standing Cable Triceps extension",2,32.5,lb,9,rep,""
21/02/2026,🔹,"Standing Cable Triceps extension",3,32.5,lb,9,rep,""
21/02/2026,🔹,"Standing Cable Triceps extension",4,32.5,lb,9,rep,""
21/02/2026,🏋️‍♂️,"Curl · Dumbbell",,,,,,""
21/02/2026,🔹,"Curl · Dumbbell",1,12.5,kg,15,rep,""
21/02/2026,🔹,"Curl · Dumbbell",2,12.5,kg,10,rep,""
21/02/2026,🔹,"Curl · Dumbbell",3,12.5,kg,9,rep,""
21/02/2026,🏋️‍♂️,"Overhead Press · Barbell",,,,,,""
21/02/2026,🔹,"Overhead Press · Barbell",1,20,kg,6,rep,"WarmUp"
21/02/2026,🔹,"Overhead Press · Barbell",2,30,kg,6,rep,""
21/02/2026,🔹,"Overhead Press · Barbell",3,30,kg,7,rep,""
21/02/2026,🏋️‍♂️,"Treadmill",,,,,,"tallone fa male"
21/02/2026,🔹,"Treadmill",1,0,sec,0,km,""
23/02/2026,📅,,,,,,,"29 min"
23/02/2026,🏋️‍♂️,"Squat · Barbell",,,,,,"non riuscivo a piritare"
23/02/2026,🔹,"Squat · Barbell",1,40,kg,6,rep,"WarmUp"
23/02/2026,🔹,"Squat · Barbell",2,60,kg,6,rep,"WarmUp"
23/02/2026,🔹,"Squat · Barbell",3,80,kg,1,rep,"WarmUp"
23/02/2026,🔹,"Squat · Barbell",4,90,kg,3,rep,""
23/02/2026,🔹,"Squat · Barbell",5,90,kg,3,rep,""
23/02/2026,🔹,"Squat · Barbell",6,80,kg,5,rep,""
23/02/2026,🏋️‍♂️,"Calf Press · Machine",,,,,,""
23/02/2026,🔹,"Calf Press · Machine",1,370,lb,12,rep,""
23/02/2026,🔹,"Calf Press · Machine",2,370,lb,9,rep,""
23/02/2026,🔹,"Calf Press · Machine",3,370,lb,10,rep,""
23/02/2026,🏋️‍♂️,"Leg Curl · Machine",,,,,,""
23/02/2026,🔹,"Leg Curl · Machine",1,115,lb,12,rep,""
23/02/2026,🔹,"Leg Curl · Machine",2,120,lb,9,rep,""
23/02/2026,🔹,"Leg Curl · Machine",3,125,lb,7,rep,""
23/02/2026,🏋️‍♂️,"Machine Crunch",,,,,,""
23/02/2026,🔹,"Machine Crunch",1,140,kg,9,rep,""
23/02/2026,🔹,"Machine Crunch",2,140,kg,9,rep,""
23/02/2026,🔹,"Machine Crunch",3,140,kg,6,rep,""
24/02/2026,📅,,,,,,,"45 min"
24/02/2026,🏋️‍♂️,"Bench Press · Barbell",,,,,,""
24/02/2026,🔹,"Bench Press · Barbell",1,20,kg,6,rep,"WarmUp"
24/02/2026,🔹,"Bench Press · Barbell",2,60,kg,6,rep,"WarmUp"
24/02/2026,🔹,"Bench Press · Barbell",3,70,kg,3,rep,"WarmUp"
24/02/2026,🔹,"Bench Press · Barbell",4,75,kg,6,rep,""
24/02/2026,🔹,"Bench Press · Barbell",5,75,kg,6,rep,""
24/02/2026,🔹,"Bench Press · Barbell",6,60,kg,9,rep,""
24/02/2026,🏋️‍♂️,"VAF Ruckeninsulator",,,,,,""
24/02/2026,🔹,"VAF Ruckeninsulator",1,13,kg,10,rep,""
24/02/2026,🔹,"VAF Ruckeninsulator",2,13,kg,10,rep,""
24/02/2026,🔹,"VAF Ruckeninsulator",3,13,kg,9,rep,""
24/02/2026,🏋️‍♂️,"Pec Deck · Machine",,,,,,""
24/02/2026,🔹,"Pec Deck · Machine",1,130,lb,12,rep,""
24/02/2026,🔹,"Pec Deck · Machine",2,130,lb,11,rep,""
24/02/2026,🔹,"Pec Deck · Machine",3,130,lb,10,rep,""
24/02/2026,🏋️‍♂️,"Natural Grip Lat Machine",,,,,,""
24/02/2026,🔹,"Natural Grip Lat Machine",1,61,kg,9,rep,""
24/02/2026,🔹,"Natural Grip Lat Machine",2,61,kg,8,rep,""
24/02/2026,🔹,"Natural Grip Lat Machine",3,61,kg,8,rep,""
25/02/2026,📅,,,,,,,"57 min"
25/02/2026,🏋️‍♂️,"Overhead Press · Barbell",,,,,,""
25/02/2026,🔹,"Overhead Press · Barbell",1,20,kg,6,rep,"WarmUp"
25/02/2026,🔹,"Overhead Press · Barbell",2,40,kg,5,rep,""
25/02/2026,🔹,"Overhead Press · Barbell",3,40,kg,5,rep,""
25/02/2026,🔹,"Overhead Press · Barbell",4,30,kg,9,rep,""
25/02/2026,🏋️‍♂️,"Curl · Barbell",,,,,,""
25/02/2026,🔹,"Curl · Barbell",1,9,kg,9,rep,"WarmUp"
25/02/2026,🔹,"Curl · Barbell",2,19,kg,15,rep,""
25/02/2026,🔹,"Curl · Barbell",3,19,kg,15,rep,""
25/02/2026,🔹,"Curl · Barbell",4,19,kg,15,rep,""
25/02/2026,🏋️‍♂️,"Skull crusher",,,,,,""
25/02/2026,🔹,"Skull crusher",1,19,kg,9,rep,"WarmUp"
25/02/2026,🔹,"Skull crusher",2,29,kg,9,rep,""
25/02/2026,🔹,"Skull crusher",3,29,kg,8,rep,""
25/02/2026,🏋️‍♂️,"Rear Delt",,,,,,""
25/02/2026,🔹,"Rear Delt",1,90,lb,10,rep,""
25/02/2026,🔹,"Rear Delt",2,90,lb,10,rep,""
25/02/2026,🔹,"Rear Delt",3,90,lb,10,rep,""
25/02/2026,🏋️‍♂️,"Hammer Curl · Dumbbell",,,,,,""
25/02/2026,🔹,"Hammer Curl · Dumbbell",1,12.5,kg,12,rep,""
25/02/2026,🔹,"Hammer Curl · Dumbbell",2,12.5,kg,12,rep,""
25/02/2026,🔹,"Hammer Curl · Dumbbell",3,12.5,kg,12,rep,""
25/02/2026,🏋️‍♂️,"Tricep Extension · Cable",,,,,,""
25/02/2026,🔹,"Tricep Extension · Cable",1,55,lb,12,rep,""
25/02/2026,🔹,"Tricep Extension · Cable",2,55,lb,10,rep,""
25/02/2026,🔹,"Tricep Extension · Cable",3,55,lb,10,rep,""
02/03/2026,📅,,,,,,,"29 min"
02/03/2026,🏋️‍♂️,"Squat · Barbell",,,,,,""
02/03/2026,🔹,"Squat · Barbell",1,20,kg,6,rep,"WarmUp"
02/03/2026,🔹,"Squat · Barbell",2,60,kg,6,rep,"WarmUp"
02/03/2026,🔹,"Squat · Barbell",3,80,kg,1,rep,"WarmUp"
02/03/2026,🔹,"Squat · Barbell",4,90,kg,4,rep,""
02/03/2026,🔹,"Squat · Barbell",5,90,kg,4,rep,""
02/03/2026,🔹,"Squat · Barbell",6,80,kg,6,rep,""
02/03/2026,🏋️‍♂️,"Calf Press · Machine",,,,,,""
02/03/2026,🔹,"Calf Press · Machine",1,370,lb,12,rep,""
02/03/2026,🔹,"Calf Press · Machine",2,370,lb,12,rep,""
02/03/2026,🔹,"Calf Press · Machine",3,370,lb,12,rep,""
02/03/2026,🏋️‍♂️,"Leg Curl · Machine",,,,,,""
02/03/2026,🔹,"Leg Curl · Machine",1,115,lb,12,rep,""
02/03/2026,🔹,"Leg Curl · Machine",2,120,lb,9,rep,""
02/03/2026,🔹,"Leg Curl · Machine",3,125,lb,7,rep,""
02/03/2026,🏋️‍♂️,"Machine Crunch",,,,,,""
02/03/2026,🔹,"Machine Crunch",1,140,kg,9,rep,""
02/03/2026,🔹,"Machine Crunch",2,140,kg,9,rep,""
02/03/2026,🔹,"Machine Crunch",3,140,kg,6,rep,""
03/03/2026,📅,,,,,,,"69 min"
03/03/2026,🏋️‍♂️,"Bench Press · Barbell",,,,,,""
03/03/2026,🔹,"Bench Press · Barbell",1,20,kg,6,rep,"WarmUp"
03/03/2026,🔹,"Bench Press · Barbell",2,60,kg,6,rep,"WarmUp"
03/03/2026,🔹,"Bench Press · Barbell",3,70,kg,1,rep,"WarmUp"
03/03/2026,🔹,"Bench Press · Barbell",4,75,kg,1,rep,"WarmUp"
03/03/2026,🔹,"Bench Press · Barbell",5,80,kg,5,rep,""
03/03/2026,🔹,"Bench Press · Barbell",6,85,kg,2,rep,""
03/03/2026,🔹,"Bench Press · Barbell",7,70,kg,6,rep,""
03/03/2026,🏋️‍♂️,"VAF Ruckeninsulator",,,,,,""
03/03/2026,🔹,"VAF Ruckeninsulator",1,13,kg,10,rep,""
03/03/2026,🔹,"VAF Ruckeninsulator",2,13,kg,10,rep,""
03/03/2026,🔹,"VAF Ruckeninsulator",3,13,kg,10,rep,""
03/03/2026,🏋️‍♂️,"Pec Deck · Machine",,,,,,""
03/03/2026,🔹,"Pec Deck · Machine",1,130,lb,12,rep,""
03/03/2026,🔹,"Pec Deck · Machine",2,130,lb,10,rep,""
03/03/2026,🔹,"Pec Deck · Machine",3,130,lb,10,rep,""
03/03/2026,🏋️‍♂️,"Single arm lat pulldown",,,,,,""
03/03/2026,🔹,"Single arm lat pulldown",1,61,kg,10,rep,""
03/03/2026,🔹,"Single arm lat pulldown",2,61,kg,10,rep,""
04/03/2026,📅,,,,,,,"2 min"
04/03/2026,🏋️‍♂️,"Overhead Press · Barbell",,,,,,""
04/03/2026,🔹,"Overhead Press · Barbell",1,20,kg,6,rep,"WarmUp"
04/03/2026,🔹,"Overhead Press · Barbell",2,40,kg,6,rep,""
04/03/2026,🔹,"Overhead Press · Barbell",3,40,kg,5,rep,""
04/03/2026,🔹,"Overhead Press · Barbell",4,30,kg,6,rep,""
04/03/2026,🏋️‍♂️,"Curl · Barbell",,,,,,""
04/03/2026,🔹,"Curl · Barbell",1,9,kg,9,rep,"WarmUp"
04/03/2026,🔹,"Curl · Barbell",2,19,kg,15,rep,""
04/03/2026,🔹,"Curl · Barbell",3,19,kg,15,rep,""
04/03/2026,🔹,"Curl · Barbell",4,19,kg,15,rep,""
04/03/2026,🏋️‍♂️,"Skull crusher",,,,,,""
04/03/2026,🔹,"Skull crusher",1,19,kg,9,rep,"WarmUp"
04/03/2026,🔹,"Skull crusher",2,29,kg,9,rep,""
04/03/2026,🔹,"Skull crusher",3,29,kg,9,rep,""
04/03/2026,🏋️‍♂️,"Rear Delt",,,,,,""
04/03/2026,🔹,"Rear Delt",1,90,lb,10,rep,""
04/03/2026,🔹,"Rear Delt",2,90,lb,10,rep,""
04/03/2026,🔹,"Rear Delt",3,90,lb,10,rep,""
04/03/2026,🏋️‍♂️,"Hammer Curl · Dumbbell",,,,,,""
04/03/2026,🔹,"Hammer Curl · Dumbbell",1,12.5,kg,15,rep,""
04/03/2026,🔹,"Hammer Curl · Dumbbell",2,12.5,kg,15,rep,""
04/03/2026,🔹,"Hammer Curl · Dumbbell",3,12.5,kg,12,rep,""
04/03/2026,🏋️‍♂️,"Tricep Extension · Cable",,,,,,""
04/03/2026,🔹,"Tricep Extension · Cable",1,55,lb,10,rep,""
04/03/2026,🔹,"Tricep Extension · Cable",2,55,lb,10,rep,""
04/03/2026,🔹,"Tricep Extension · Cable",3,55,lb,10,rep,""
17/03/2026,📅,,,,,,,"50 min"
17/03/2026,🏋️‍♂️,"Squat · Barbell",,,,,,""
17/03/2026,🔹,"Squat · Barbell",1,20,kg,6,rep,"WarmUp"
17/03/2026,🔹,"Squat · Barbell",2,60,kg,6,rep,"WarmUp"
17/03/2026,🔹,"Squat · Barbell",3,80,kg,1,rep,"WarmUp"
17/03/2026,🔹,"Squat · Barbell",4,80,kg,5,rep,""
17/03/2026,🔹,"Squat · Barbell",5,80,kg,5,rep,""
17/03/2026,🔹,"Squat · Barbell",6,80,kg,5,rep,""
17/03/2026,🏋️‍♂️,"Calf Press · Machine",,,,,,""
17/03/2026,🔹,"Calf Press · Machine",1,370,lb,9,rep,""
17/03/2026,🔹,"Calf Press · Machine",2,370,lb,10,rep,""
17/03/2026,🔹,"Calf Press · Machine",3,370,lb,9,rep,""
17/03/2026,🏋️‍♂️,"Leg Curl · Machine",,,,,,""
17/03/2026,🔹,"Leg Curl · Machine",1,115,lb,12,rep,""
17/03/2026,🔹,"Leg Curl · Machine",2,125,lb,6,rep,""
17/03/2026,🔹,"Leg Curl · Machine",3,120,lb,9,rep,""
17/03/2026,🏋️‍♂️,"Machine Crunch",,,,,,""
17/03/2026,🔹,"Machine Crunch",1,140,kg,9,rep,""
17/03/2026,🔹,"Machine Crunch",2,140,kg,7,rep,""
17/03/2026,🔹,"Machine Crunch",3,140,kg,6,rep,""
20/03/2026,📅,,,,,,,"76 min"
20/03/2026,🏋️‍♂️,"Incline Bench Machine ",,,,,,""
20/03/2026,🔹,"Incline Bench Machine ",1,120,kg,12,rep,""
20/03/2026,🏋️‍♂️,"Bench Press · Dumbbell",,,,,,""
20/03/2026,🔹,"Bench Press · Dumbbell",1,40,kg,9,rep,""
20/03/2026,🔹,"Bench Press · Dumbbell",2,45,kg,9,rep,""
20/03/2026,🔹,"Bench Press · Dumbbell",3,50,kg,9,rep,""
20/03/2026,🏋️‍♂️,"VAF Ruckeninsulator",,,,,,""
20/03/2026,🔹,"VAF Ruckeninsulator",1,10,kg,9,rep,""
20/03/2026,🔹,"VAF Ruckeninsulator",2,12,kg,10,rep,""
20/03/2026,🔹,"VAF Ruckeninsulator",3,12,kg,10,rep,""
20/03/2026,🏋️‍♂️,"Pec Deck · Machine",,,,,,""
20/03/2026,🔹,"Pec Deck · Machine",1,130,lb,10,rep,""
20/03/2026,🔹,"Pec Deck · Machine",2,130,lb,10,rep,""
20/03/2026,🔹,"Pec Deck · Machine",3,130,lb,10,rep,""
20/03/2026,🏋️‍♂️,"Lat Pull Down · Cable",,,,,,""
20/03/2026,🔹,"Lat Pull Down · Cable",1,61,kg,9,rep,""
20/03/2026,🔹,"Lat Pull Down · Cable",2,61,kg,7,rep,""
20/03/2026,🔹,"Lat Pull Down · Cable",3,61,kg,7,rep,""
21/03/2026,📅,,,,,,,"82 min"
21/03/2026,🏋️‍♂️,"Overhead Press · Barbell",,,,,,""
21/03/2026,🔹,"Overhead Press · Barbell",1,20,kg,6,rep,"WarmUp"
21/03/2026,🔹,"Overhead Press · Barbell",2,40,kg,6,rep,"Hard"
21/03/2026,🔹,"Overhead Press · Barbell",3,40,kg,5,rep,""
21/03/2026,🔹,"Overhead Press · Barbell",4,30,kg,9,rep,""
21/03/2026,🏋️‍♂️,"Curl · Barbell",,,,,,""
21/03/2026,🔹,"Curl · Barbell",1,9,kg,15,rep,"WarmUp"
21/03/2026,🔹,"Curl · Barbell",2,19,kg,15,rep,""
21/03/2026,🔹,"Curl · Barbell",3,19,kg,13,rep,""
21/03/2026,🔹,"Curl · Barbell",4,19,kg,13,rep,""
21/03/2026,🏋️‍♂️,"Skull crusher",,,,,,""
21/03/2026,🔹,"Skull crusher",1,19,kg,9,rep,"WarmUp"
21/03/2026,🔹,"Skull crusher",2,29,kg,9,rep,""
21/03/2026,🔹,"Skull crusher",3,29,kg,8,rep,""
21/03/2026,🏋️‍♂️,"Rear Delt",,,,,,""
21/03/2026,🔹,"Rear Delt",1,90,lb,10,rep,""
21/03/2026,🔹,"Rear Delt",2,90,lb,10,rep,""
21/03/2026,🔹,"Rear Delt",3,90,lb,10,rep,"Hard"
21/03/2026,🏋️‍♂️,"Hammer Curl · Dumbbell",,,,,,""
21/03/2026,🔹,"Hammer Curl · Dumbbell",1,12.5,kg,11,rep,""
21/03/2026,🔹,"Hammer Curl · Dumbbell",2,12.5,kg,9,rep,""
21/03/2026,🔹,"Hammer Curl · Dumbbell",3,12.5,kg,7,rep,""
21/03/2026,🏋️‍♂️,"Tricep Extension · Cable",,,,,,""
21/03/2026,🔹,"Tricep Extension · Cable",1,55,lb,10,rep,""
21/03/2026,🔹,"Tricep Extension · Cable",2,55,lb,9,rep,""
21/03/2026,🔹,"Tricep Extension · Cable",3,55,lb,6,rep,""
23/03/2026,📅,,,,,,,"85 min"
23/03/2026,🏋️‍♂️,"Squat · Barbell",,,,,,""
23/03/2026,🔹,"Squat · Barbell",1,20,kg,6,rep,"WarmUp"
23/03/2026,🔹,"Squat · Barbell",2,60,kg,6,rep,"WarmUp"
23/03/2026,🔹,"Squat · Barbell",3,80,kg,1,rep,"WarmUp"
23/03/2026,🔹,"Squat · Barbell",4,80,kg,6,rep,""
23/03/2026,🔹,"Squat · Barbell",5,80,kg,6,rep,""
23/03/2026,🔹,"Squat · Barbell",6,70,kg,7,rep,""
23/03/2026,🏋️‍♂️,"Calf Press · Machine",,,,,,""
23/03/2026,🔹,"Calf Press · Machine",1,370,lb,12,rep,""
23/03/2026,🔹,"Calf Press · Machine",2,370,lb,12,rep,""
23/03/2026,🔹,"Calf Press · Machine",3,370,lb,12,rep,""
23/03/2026,🏋️‍♂️,"Leg Curl · Machine",,,,,,""
23/03/2026,🔹,"Leg Curl · Machine",1,110,lb,12,rep,""
23/03/2026,🔹,"Leg Curl · Machine",2,120,lb,9,rep,""
23/03/2026,🔹,"Leg Curl · Machine",3,120,lb,9,rep,""
23/03/2026,🏋️‍♂️,"Machine Crunch",,,,,,""
23/03/2026,🔹,"Machine Crunch",1,140,kg,9,rep,""
23/03/2026,🔹,"Machine Crunch",2,140,kg,6,rep,""
23/03/2026,🔹,"Machine Crunch",3,140,kg,6,rep,""
24/03/2026,📅,,,,,,,"46 min"
24/03/2026,🏋️‍♂️,"Bench Press · Barbell",,,,,,""
24/03/2026,🔹,"Bench Press · Barbell",1,20,kg,9,rep,"WarmUp"
24/03/2026,🔹,"Bench Press · Barbell",2,60,kg,6,rep,"WarmUp"
24/03/2026,🔹,"Bench Press · Barbell",3,70,kg,1,rep,"WarmUp"
24/03/2026,🔹,"Bench Press · Barbell",4,75,kg,1,rep,"WarmUp"
24/03/2026,🔹,"Bench Press · Barbell",5,80,kg,3,rep,""
24/03/2026,🔹,"Bench Press · Barbell",6,80,kg,2,rep,""
24/03/2026,🔹,"Bench Press · Barbell",7,70,kg,6,rep,""
24/03/2026,🏋️‍♂️,"VAF Ruckeninsulator",,,,,,""
24/03/2026,🔹,"VAF Ruckeninsulator",1,10,kg,10,rep,"WarmUp"
24/03/2026,🔹,"VAF Ruckeninsulator",2,13,kg,9,rep,""
24/03/2026,🔹,"VAF Ruckeninsulator",3,13,kg,9,rep,""
24/03/2026,🏋️‍♂️,"Pec Deck · Machine",,,,,,""
24/03/2026,🔹,"Pec Deck · Machine",1,130,lb,12,rep,""
24/03/2026,🔹,"Pec Deck · Machine",2,130,lb,10,rep,""
24/03/2026,🔹,"Pec Deck · Machine",3,130,lb,10,rep,""
24/03/2026,🏋️‍♂️,"Lat Pull Down · Cable",,,,,,""
24/03/2026,🔹,"Lat Pull Down · Cable",1,61,kg,10,rep,""
24/03/2026,🔹,"Lat Pull Down · Cable",2,61,kg,9,rep,""
24/03/2026,🔹,"Lat Pull Down · Cable",3,61,kg,6,rep,""
25/03/2026,📅,,,,,,,"72 min"
25/03/2026,🏋️‍♂️,"Overhead Press · Barbell",,,,,,""
25/03/2026,🔹,"Overhead Press · Barbell",1,20,kg,6,rep,"WarmUp"
25/03/2026,🔹,"Overhead Press · Barbell",2,40,kg,6,rep,""
25/03/2026,🔹,"Overhead Press · Barbell",3,40,kg,6,rep,""
25/03/2026,🔹,"Overhead Press · Barbell",4,30,kg,10,rep,""
25/03/2026,🏋️‍♂️,"Curl · Barbell",,,,,,""
25/03/2026,🔹,"Curl · Barbell",1,9,kg,9,rep,"WarmUp"
25/03/2026,🔹,"Curl · Barbell",2,19,kg,15,rep,""
25/03/2026,🔹,"Curl · Barbell",3,19,kg,15,rep,""
25/03/2026,🔹,"Curl · Barbell",4,19,kg,15,rep,""
25/03/2026,🏋️‍♂️,"Skull crusher",,,,,,""
25/03/2026,🔹,"Skull crusher",1,19,kg,10,rep,"WarmUp"
25/03/2026,🔹,"Skull crusher",2,29,kg,9,rep,""
25/03/2026,🔹,"Skull crusher",3,29,kg,8,rep,""
25/03/2026,🏋️‍♂️,"Rear Delt",,,,,,""
25/03/2026,🔹,"Rear Delt",1,95,lb,9,rep,""
25/03/2026,🔹,"Rear Delt",2,95,lb,9,rep,"Hard"
25/03/2026,🔹,"Rear Delt",3,95,lb,9,rep,"Hard"
25/03/2026,🏋️‍♂️,"Hammer Curl · Dumbbell",,,,,,""
25/03/2026,🔹,"Hammer Curl · Dumbbell",1,12.5,kg,15,rep,""
25/03/2026,🔹,"Hammer Curl · Dumbbell",2,12.5,kg,9,rep,""
25/03/2026,🔹,"Hammer Curl · Dumbbell",3,12.5,kg,9,rep,""
25/03/2026,🏋️‍♂️,"Tricep Extension · Cable",,,,,,""
25/03/2026,🔹,"Tricep Extension · Cable",1,55,lb,10,rep,""
25/03/2026,🔹,"Tricep Extension · Cable",2,55,lb,9,rep,""
25/03/2026,🔹,"Tricep Extension · Cable",3,55,lb,10,rep,""
26/03/2026,📅,,,,,,,"73 min"
26/03/2026,🏋️‍♂️,"Romanian Deadlift · Barbell",,,,,,""
26/03/2026,🔹,"Romanian Deadlift · Barbell",1,20,kg,6,rep,"WarmUp"
26/03/2026,🔹,"Romanian Deadlift · Barbell",2,60,kg,9,rep,"WarmUp"
26/03/2026,🔹,"Romanian Deadlift · Barbell",3,80,kg,9,rep,""
26/03/2026,🔹,"Romanian Deadlift · Barbell",4,80,kg,9,rep,""
26/03/2026,🔹,"Romanian Deadlift · Barbell",5,60,kg,9,rep,""
26/03/2026,🏋️‍♂️,"Calf Press · Machine",,,,,,""
26/03/2026,🔹,"Calf Press · Machine",1,390,lb,12,rep,""
26/03/2026,🔹,"Calf Press · Machine",2,390,lb,12,rep,""
26/03/2026,🔹,"Calf Press · Machine",3,390,lb,12,rep,""
26/03/2026,🏋️‍♂️,"Leg Press · Machine",,,,,,""
26/03/2026,🔹,"Leg Press · Machine",1,210,lb,9,rep,"WarmUp"
26/03/2026,🔹,"Leg Press · Machine",2,310,lb,9,rep,""
26/03/2026,🔹,"Leg Press · Machine",3,310,lb,9,rep,""
26/03/2026,🔹,"Leg Press · Machine",4,250,lb,9,rep,""
26/03/2026,🏋️‍♂️,"Machine Crunch",,,,,,""
26/03/2026,🔹,"Machine Crunch",1,140,kg,7,rep,""
26/03/2026,🔹,"Machine Crunch",2,140,kg,7,rep,""
26/03/2026,🔹,"Machine Crunch",3,140,kg,7,rep,""
27/03/2026,📅,,,,,,,"69 min"
27/03/2026,🏋️‍♂️,"Pull Up",,,,,,""
27/03/2026,🔹,"Pull Up",1,-8,kg,12,rep,""
27/03/2026,🔹,"Pull Up",2,-6,kg,11,rep,""
27/03/2026,🔹,"Pull Up",3,-6,kg,11,rep,""
27/03/2026,🏋️‍♂️,"Incline Bench Press · Barbell",,,,,,""
27/03/2026,🔹,"Incline Bench Press · Barbell",1,23,kg,6,rep,"WarmUp"
27/03/2026,🔹,"Incline Bench Press · Barbell",2,43,kg,6,rep,"WarmUp"
27/03/2026,🔹,"Incline Bench Press · Barbell",3,53,kg,10,rep,""
27/03/2026,🔹,"Incline Bench Press · Barbell",4,53,kg,8,rep,""
27/03/2026,🔹,"Incline Bench Press · Barbell",5,53,kg,6,rep,""
27/03/2026,🏋️‍♂️,"Seated Row · Cable",,,,,,""
27/03/2026,🔹,"Seated Row · Cable",1,61,kg,8,rep,""
27/03/2026,🔹,"Seated Row · Cable",2,61,kg,8,rep,""
27/03/2026,🔹,"Seated Row · Cable",3,61,kg,8,rep,""
27/03/2026,🏋️‍♂️,"Bench Press · Dumbbell",,,,,,""
27/03/2026,🔹,"Bench Press · Dumbbell",1,40,kg,8,rep,"WarmUp"
27/03/2026,🔹,"Bench Press · Dumbbell",2,50,kg,6,rep,""
27/03/2026,🔹,"Bench Press · Dumbbell",3,50,kg,6,rep,""
28/03/2026,📅,,,,,,,"71 min"
28/03/2026,🏋️‍♂️,"Tricep Dip",,,,,,""
28/03/2026,🔹,"Tricep Dip",1,0,kg,15,rep,""
28/03/2026,🔹,"Tricep Dip",2,0,kg,12,rep,""
28/03/2026,🔹,"Tricep Dip",3,0,kg,12,rep,""
28/03/2026,🏋️‍♂️,"Hammer Curl · Dumbbell",,,,,,""
28/03/2026,🔹,"Hammer Curl · Dumbbell",1,12.5,kg,15,rep,""
28/03/2026,🔹,"Hammer Curl · Dumbbell",2,12.5,kg,10,rep,""
28/03/2026,🔹,"Hammer Curl · Dumbbell",3,12.5,kg,10,rep,""
28/03/2026,🏋️‍♂️,"Cable Raise (Freie)",,,,,,""
28/03/2026,🔹,"Cable Raise (Freie)",1,70,lb,12,rep,"Hard"
28/03/2026,🔹,"Cable Raise (Freie)",2,70,lb,12,rep,"Hard"
28/03/2026,🔹,"Cable Raise (Freie)",3,70,lb,12,rep,"Hard"
28/03/2026,🏋️‍♂️,"Standing Cable Triceps extension",,,,,,""
28/03/2026,🔹,"Standing Cable Triceps extension",1,32.5,lb,10,rep,""
28/03/2026,🔹,"Standing Cable Triceps extension",2,32.5,lb,9,rep,""
28/03/2026,🔹,"Standing Cable Triceps extension",3,32.5,lb,9,rep,""
28/03/2026,🏋️‍♂️,"Curl · Dumbbell",,,,,,""
28/03/2026,🔹,"Curl · Dumbbell",1,12.5,kg,15,rep,""
28/03/2026,🔹,"Curl · Dumbbell",2,12.5,kg,11,rep,""
28/03/2026,🔹,"Curl · Dumbbell",3,12.5,kg,9,rep,""
28/03/2026,🏋️‍♂️,"Seated Overhead Press · Dumbbell",,,,,,""
28/03/2026,🔹,"Seated Overhead Press · Dumbbell",1,35,kg,9,rep,""
28/03/2026,🔹,"Seated Overhead Press · Dumbbell",2,35,kg,9,rep,"Hard"
28/03/2026,🔹,"Seated Overhead Press · Dumbbell",3,35,kg,7,rep,""
28/03/2026,🏋️‍♂️,"Treadmill",,,,,,""
28/03/2026,🔹,"Treadmill",1,600,sec,0,km,""
30/03/2026,📅,,,,,,,"46 min"
30/03/2026,🏋️‍♂️,"Squat · Barbell",,,,,,""
30/03/2026,🔹,"Squat · Barbell",1,20,kg,6,rep,"WarmUp"
30/03/2026,🔹,"Squat · Barbell",2,60,kg,6,rep,"WarmUp"
30/03/2026,🔹,"Squat · Barbell",3,80,kg,1,rep,"WarmUp"
30/03/2026,🔹,"Squat · Barbell",4,90,kg,4,rep,""
30/03/2026,🔹,"Squat · Barbell",5,90,kg,4,rep,""
30/03/2026,🔹,"Squat · Barbell",6,70,kg,8,rep,""
30/03/2026,🏋️‍♂️,"Calf Press · Machine",,,,,,""
30/03/2026,🔹,"Calf Press · Machine",1,400,lb,12,rep,"Hard"
30/03/2026,🔹,"Calf Press · Machine",2,400,lb,9,rep,"Hard"
30/03/2026,🔹,"Calf Press · Machine",3,400,lb,9,rep,""
30/03/2026,🏋️‍♂️,"Leg Curl · Machine",,,,,,""
30/03/2026,🔹,"Leg Curl · Machine",1,110,lb,10,rep,"WarmUp"
30/03/2026,🔹,"Leg Curl · Machine",2,120,lb,9,rep,""
30/03/2026,🔹,"Leg Curl · Machine",3,120,lb,9,rep,""
30/03/2026,🏋️‍♂️,"Machine Crunch",,,,,,""
30/03/2026,🔹,"Machine Crunch",1,140,kg,8,rep,""
30/03/2026,🔹,"Machine Crunch",2,140,kg,8,rep,""
30/03/2026,🔹,"Machine Crunch",3,140,kg,8,rep,""
31/03/2026,📅,,,,,,,"49 min"
31/03/2026,🏋️‍♂️,"Bench Press · Barbell",,,,,,""
31/03/2026,🔹,"Bench Press · Barbell",1,20,kg,6,rep,"WarmUp"
31/03/2026,🔹,"Bench Press · Barbell",2,60,kg,6,rep,"WarmUp"
31/03/2026,🔹,"Bench Press · Barbell",3,70,kg,1,rep,"WarmUp"
31/03/2026,🔹,"Bench Press · Barbell",4,80,kg,5,rep,""
31/03/2026,🔹,"Bench Press · Barbell",5,80,kg,3,rep,""
31/03/2026,🔹,"Bench Press · Barbell",6,70,kg,6,rep,""
31/03/2026,🏋️‍♂️,"VAF Ruckeninsulator",,,,,,""
31/03/2026,🔹,"VAF Ruckeninsulator",1,10,kg,10,rep,"WarmUp"
31/03/2026,🔹,"VAF Ruckeninsulator",2,13,kg,10,rep,""
31/03/2026,🔹,"VAF Ruckeninsulator",3,13,kg,10,rep,""
31/03/2026,🏋️‍♂️,"Pec Deck · Machine",,,,,,""
31/03/2026,🔹,"Pec Deck · Machine",1,130,lb,12,rep,""
31/03/2026,🔹,"Pec Deck · Machine",2,130,lb,12,rep,"Hard"
31/03/2026,🔹,"Pec Deck · Machine",3,130,lb,8,rep,""
31/03/2026,🏋️‍♂️,"Lat Pull Down · Cable",,,,,,""
31/03/2026,🔹,"Lat Pull Down · Cable",1,61,kg,10,rep,""
31/03/2026,🔹,"Lat Pull Down · Cable",2,61,kg,10,rep,""
31/03/2026,🔹,"Lat Pull Down · Cable",3,61,kg,6,rep,""
01/04/2026,📅,,,,,,,"53 min"
01/04/2026,🏋️‍♂️,"Overhead Press · Barbell",,,,,,""
01/04/2026,🔹,"Overhead Press · Barbell",1,20,kg,6,rep,"WarmUp"
01/04/2026,🔹,"Overhead Press · Barbell",2,40,kg,7,rep,""
01/04/2026,🔹,"Overhead Press · Barbell",3,40,kg,6,rep,""
01/04/2026,🔹,"Overhead Press · Barbell",4,30,kg,9,rep,""
01/04/2026,🏋️‍♂️,"Curl · Barbell",,,,,,""
01/04/2026,🔹,"Curl · Barbell",1,9,kg,9,rep,"WarmUp"
01/04/2026,🔹,"Curl · Barbell",2,19,kg,9,rep,"WarmUp"
01/04/2026,🔹,"Curl · Barbell",3,24,kg,10,rep,""
01/04/2026,🔹,"Curl · Barbell",4,24,kg,10,rep,""
01/04/2026,🔹,"Curl · Barbell",5,24,kg,9,rep,""
01/04/2026,🏋️‍♂️,"Skull crusher",,,,,,""
01/04/2026,🔹,"Skull crusher",1,19,kg,10,rep,"WarmUp"
01/04/2026,🔹,"Skull crusher",2,29,kg,9,rep,""
01/04/2026,🔹,"Skull crusher",3,29,kg,8,rep,""
01/04/2026,🏋️‍♂️,"Rear Delt",,,,,,""
01/04/2026,🔹,"Rear Delt",1,100,lb,9,rep,""
01/04/2026,🔹,"Rear Delt",2,100,lb,9,rep,""
01/04/2026,🔹,"Rear Delt",3,100,lb,9,rep,"Hard"
01/04/2026,🏋️‍♂️,"Hammer Curl · Dumbbell",,,,,,""
01/04/2026,🔹,"Hammer Curl · Dumbbell",1,12.5,kg,15,rep,""
01/04/2026,🔹,"Hammer Curl · Dumbbell",2,12.5,kg,9,rep,""
01/04/2026,🔹,"Hammer Curl · Dumbbell",3,12.5,kg,9,rep,""
01/04/2026,🏋️‍♂️,"Tricep Extension · Cable",,,,,,""
01/04/2026,🔹,"Tricep Extension · Cable",1,55,lb,10,rep,""
01/04/2026,🔹,"Tricep Extension · Cable",2,55,lb,9,rep,""
01/04/2026,🔹,"Tricep Extension · Cable",3,55,lb,10,rep,""
02/04/2026,📅,,,,,,,"70 min"
02/04/2026,🏋️‍♂️,"Bench Press · Barbell",,,,,,""
02/04/2026,🔹,"Bench Press · Barbell",1,20,kg,6,rep,"WarmUp"
02/04/2026,🔹,"Bench Press · Barbell",2,60,kg,6,rep,"WarmUp"
02/04/2026,🔹,"Bench Press · Barbell",3,70,kg,3,rep,"WarmUp"
02/04/2026,🔹,"Bench Press · Barbell",4,80,kg,5,rep,""
02/04/2026,🔹,"Bench Press · Barbell",5,80,kg,4,rep,""
02/04/2026,🔹,"Bench Press · Barbell",6,70,kg,6,rep,""
02/04/2026,🏋️‍♂️,"Squat · Barbell",,,,,,""
02/04/2026,🔹,"Squat · Barbell",1,20,kg,6,rep,"WarmUp"
02/04/2026,🔹,"Squat · Barbell",2,60,kg,6,rep,"WarmUp"
02/04/2026,🔹,"Squat · Barbell",3,80,kg,2,rep,"WarmUp"
02/04/2026,🔹,"Squat · Barbell",4,90,kg,4,rep,""
02/04/2026,🔹,"Squat · Barbell",5,90,kg,4,rep,""
02/04/2026,🔹,"Squat · Barbell",6,70,kg,8,rep,""
02/04/2026,🏋️‍♂️,"Machine Crunch",,,,,,""
02/04/2026,🔹,"Machine Crunch",1,140,kg,9,rep,""
02/04/2026,🔹,"Machine Crunch",2,140,kg,6,rep,""
02/04/2026,🏋️‍♂️,"Calf Press · Machine",,,,,,""
02/04/2026,🔹,"Calf Press · Machine",1,400,lb,9,rep,""
02/04/2026,🔹,"Calf Press · Machine",2,400,lb,9,rep,""
02/04/2026,🏋️‍♂️,"Curl · Cable",,,,,,""
02/04/2026,🔹,"Curl · Cable",1,40,lb,10,rep,""
02/04/2026,🔹,"Curl · Cable",2,47.5,lb,10,rep,""
02/04/2026,🔹,"Curl · Cable",3,55,lb,9,rep,""
02/04/2026,🏋️‍♂️🔗,"Tricep Extension · Cable",,,,,,""
02/04/2026,🔹,"Tricep Extension · Cable",1,55,lb,10,rep,""
02/04/2026,🔹,"Tricep Extension · Cable",2,55,lb,10,rep,""
02/04/2026,🔹,"Tricep Extension · Cable",3,55,lb,10,rep,""
06/04/2026,📅,,,,,,,"0 min"
06/04/2026,🏋️‍♂️,"Squat · Barbell",,,,,,""
06/04/2026,🔹,"Squat · Barbell",1,20,kg,6,rep,"WarmUp"
06/04/2026,🔹,"Squat · Barbell",2,60,kg,6,rep,"WarmUp"
06/04/2026,🔹,"Squat · Barbell",3,80,kg,2,rep,"WarmUp"
06/04/2026,🔹,"Squat · Barbell",4,90,kg,3,rep,""
06/04/2026,🔹,"Squat · Barbell",5,80,kg,5,rep,""
06/04/2026,🔹,"Squat · Barbell",6,70,kg,5,rep,""
06/04/2026,🏋️‍♂️,"Calf Press · Machine",,,,,,""
06/04/2026,🔹,"Calf Press · Machine",1,400,lb,12,rep,""
06/04/2026,🔹,"Calf Press · Machine",2,400,lb,12,rep,""
06/04/2026,🔹,"Calf Press · Machine",3,400,lb,12,rep,""
06/04/2026,🏋️‍♂️,"Leg Curl · Machine",,,,,,""
06/04/2026,🔹,"Leg Curl · Machine",1,110,lb,12,rep,"WarmUp"
06/04/2026,🔹,"Leg Curl · Machine",2,120,lb,12,rep,""
06/04/2026,🔹,"Leg Curl · Machine",3,120,lb,9,rep,""
06/04/2026,🏋️‍♂️,"Machine Crunch",,,,,,""
06/04/2026,🔹,"Machine Crunch",1,140,kg,8,rep,""
06/04/2026,🔹,"Machine Crunch",2,140,kg,9,rep,""
06/04/2026,🔹,"Machine Crunch",3,140,kg,8,rep,""
07/04/2026,📅,,,,,,,"95 min"
07/04/2026,🏋️‍♂️,"Bench Press · Barbell",,,,,,""
07/04/2026,🔹,"Bench Press · Barbell",1,20,kg,6,rep,"WarmUp"
07/04/2026,🔹,"Bench Press · Barbell",2,60,kg,6,rep,"WarmUp"
07/04/2026,🔹,"Bench Press · Barbell",3,70,kg,3,rep,"WarmUp"
07/04/2026,🔹,"Bench Press · Barbell",4,80,kg,5,rep,""
07/04/2026,🔹,"Bench Press · Barbell",5,80,kg,5,rep,""
07/04/2026,🔹,"Bench Press · Barbell",6,70,kg,5,rep,""
07/04/2026,🏋️‍♂️,"VAF Ruckeninsulator",,,,,,""
07/04/2026,🔹,"VAF Ruckeninsulator",1,10,kg,12,rep,"WarmUp"
07/04/2026,🔹,"VAF Ruckeninsulator",2,13,kg,12,rep,""
07/04/2026,🔹,"VAF Ruckeninsulator",3,13,kg,10,rep,""
07/04/2026,🏋️‍♂️,"Pec Deck · Machine",,,,,,""
07/04/2026,🔹,"Pec Deck · Machine",1,130,lb,12,rep,""
07/04/2026,🔹,"Pec Deck · Machine",2,130,lb,12,rep,""
07/04/2026,🔹,"Pec Deck · Machine",3,130,lb,10,rep,""
07/04/2026,🏋️‍♂️,"Lat Pull Down · Cable",,,,,,""
07/04/2026,🔹,"Lat Pull Down · Cable",1,61,kg,12,rep,""
07/04/2026,🔹,"Lat Pull Down · Cable",2,61,kg,9,rep,""
07/04/2026,🔹,"Lat Pull Down · Cable",3,61,kg,6,rep,""
08/04/2026,📅,,,,,,,"82 min"
08/04/2026,🏋️‍♂️,"Overhead Press · Barbell",,,,,,""
08/04/2026,🔹,"Overhead Press · Barbell",1,20,kg,9,rep,"WarmUp"
08/04/2026,🔹,"Overhead Press · Barbell",2,40,kg,7,rep,""
08/04/2026,🔹,"Overhead Press · Barbell",3,40,kg,6,rep,""
08/04/2026,🔹,"Overhead Press · Barbell",4,30,kg,9,rep,""
08/04/2026,🏋️‍♂️,"Curl · Barbell",,,,,,""
08/04/2026,🔹,"Curl · Barbell",1,9,kg,12,rep,"WarmUp"
08/04/2026,🔹,"Curl · Barbell",2,19,kg,12,rep,"WarmUp"
08/04/2026,🔹,"Curl · Barbell",3,24,kg,11,rep,""
08/04/2026,🔹,"Curl · Barbell",4,24,kg,9,rep,""
08/04/2026,🔹,"Curl · Barbell",5,24,kg,9,rep,""
08/04/2026,🏋️‍♂️,"Skull crusher",,,,,,""
08/04/2026,🔹,"Skull crusher",1,19,kg,10,rep,"WarmUp"
08/04/2026,🔹,"Skull crusher",2,29,kg,9,rep,""
08/04/2026,🔹,"Skull crusher",3,29,kg,9,rep,"Hard"
08/04/2026,🏋️‍♂️,"Rear Delt",,,,,,""
08/04/2026,🔹,"Rear Delt",1,110,lb,7,rep,"Hard"
08/04/2026,🔹,"Rear Delt",2,110,lb,6,rep,"Hard"
08/04/2026,🔹,"Rear Delt",3,110,lb,5,rep,""
08/04/2026,🏋️‍♂️,"Hammer Curl · Dumbbell",,,,,,""
08/04/2026,🔹,"Hammer Curl · Dumbbell",1,12.5,kg,15,rep,""
08/04/2026,🔹,"Hammer Curl · Dumbbell",2,12.5,kg,10,rep,""
08/04/2026,🔹,"Hammer Curl · Dumbbell",3,12.5,kg,9,rep,""
08/04/2026,🏋️‍♂️,"Tricep Extension · Cable",,,,,,""
08/04/2026,🔹,"Tricep Extension · Cable",1,55,lb,12,rep,""
08/04/2026,🔹,"Tricep Extension · Cable",2,55,lb,12,rep,"Hard"
08/04/2026,🔹,"Tricep Extension · Cable",3,55,lb,11,rep,"Hard"
09/04/2026,📅,,,,,,,"73 min"
09/04/2026,🏋️‍♂️,"Romanian Deadlift · Barbell",,,,,,""
09/04/2026,🔹,"Romanian Deadlift · Barbell",1,20,kg,9,rep,"WarmUp"
09/04/2026,🔹,"Romanian Deadlift · Barbell",2,60,kg,12,rep,"WarmUp"
09/04/2026,🔹,"Romanian Deadlift · Barbell",3,80,kg,11,rep,""
09/04/2026,🔹,"Romanian Deadlift · Barbell",4,80,kg,9,rep,""
09/04/2026,🔹,"Romanian Deadlift · Barbell",5,60,kg,9,rep,""
09/04/2026,🏋️‍♂️,"Calf Press · Machine",,,,,,""
09/04/2026,🔹,"Calf Press · Machine",1,405,lb,12,rep,""
09/04/2026,🔹,"Calf Press · Machine",2,405,lb,12,rep,"Hard"
09/04/2026,🔹,"Calf Press · Machine",3,405,lb,12,rep,"Hard"
09/04/2026,🏋️‍♂️,"Leg Press · Machine",,,,,,""
09/04/2026,🔹,"Leg Press · Machine",1,210,lb,10,rep,"WarmUp"
09/04/2026,🔹,"Leg Press · Machine",2,310,lb,10,rep,""
09/04/2026,🔹,"Leg Press · Machine",3,310,lb,10,rep,""
09/04/2026,🔹,"Leg Press · Machine",4,250,lb,10,rep,""
09/04/2026,🏋️‍♂️,"Machine Crunch",,,,,,""
09/04/2026,🔹,"Machine Crunch",1,140,kg,7,rep,""
09/04/2026,🔹,"Machine Crunch",2,140,kg,7,rep,""
09/04/2026,🔹,"Machine Crunch",3,140,kg,7,rep,""
10/04/2026,📅,,,,,,,"61 min"
10/04/2026,🏋️‍♂️,"Pull Up",,,,,,""
10/04/2026,🔹,"Pull Up",1,0,kg,9,rep,""
10/04/2026,🔹,"Pull Up",2,0,kg,7,rep,""
10/04/2026,🔹,"Pull Up",3,0,kg,6,rep,""
10/04/2026,🏋️‍♂️,"Incline Bench Press · Barbell",,,,,,""
10/04/2026,🔹,"Incline Bench Press · Barbell",1,20,kg,6,rep,"WarmUp"
10/04/2026,🔹,"Incline Bench Press · Barbell",2,40,kg,6,rep,"WarmUp"
10/04/2026,🔹,"Incline Bench Press · Barbell",3,60,kg,8,rep,""
10/04/2026,🔹,"Incline Bench Press · Barbell",4,60,kg,8,rep,""
10/04/2026,🔹,"Incline Bench Press · Barbell",5,50,kg,8,rep,""
10/04/2026,🏋️‍♂️,"Single Arm Bent Over Row · Cable",,,,,,""
10/04/2026,🔹,"Single Arm Bent Over Row · Cable",1,61,kg,8,rep,""
10/04/2026,🔹,"Single Arm Bent Over Row · Cable",2,61,kg,8,rep,""
10/04/2026,🔹,"Single Arm Bent Over Row · Cable",3,61,kg,8,rep,""
10/04/2026,🏋️‍♂️,"Bench Press · Dumbbell",,,,,,""
10/04/2026,🔹,"Bench Press · Dumbbell",1,40,kg,9,rep,""
10/04/2026,🔹,"Bench Press · Dumbbell",2,50,kg,9,rep,""
10/04/2026,🔹,"Bench Press · Dumbbell",3,50,kg,9,rep,""
11/04/2026,📅,,,,,,,"83 min"
11/04/2026,🏋️‍♂️,"Tricep Dip",,,,,,""
11/04/2026,🔹,"Tricep Dip",1,0,kg,15,rep,""
11/04/2026,🔹,"Tricep Dip",2,0,kg,15,rep,"Hard"
11/04/2026,🔹,"Tricep Dip",3,0,kg,10,rep,""
11/04/2026,🏋️‍♂️,"Hammer Curl · Dumbbell",,,,,,""
11/04/2026,🔹,"Hammer Curl · Dumbbell",1,12.5,kg,15,rep,"Hard"
11/04/2026,🔹,"Hammer Curl · Dumbbell",2,12.5,kg,12,rep,"Hard"
11/04/2026,🔹,"Hammer Curl · Dumbbell",3,12.5,kg,9,rep,""
11/04/2026,🏋️‍♂️,"Cable Raise (Freie)",,,,,,""
11/04/2026,🔹,"Cable Raise (Freie)",1,70,lb,13,rep,"Hard"
11/04/2026,🔹,"Cable Raise (Freie)",2,70,lb,11,rep,"Hard"
11/04/2026,🔹,"Cable Raise (Freie)",3,70,lb,9,rep,"Hard"
11/04/2026,🏋️‍♂️,"Standing Cable Triceps extension",,,,,,""
11/04/2026,🔹,"Standing Cable Triceps extension",1,32.5,lb,12,rep,"Hard"
11/04/2026,🔹,"Standing Cable Triceps extension",2,32.5,lb,10,rep,"Hard"
11/04/2026,🔹,"Standing Cable Triceps extension",3,32.5,lb,10,rep,"Hard"
11/04/2026,🏋️‍♂️,"Curl · Dumbbell",,,,,,""
11/04/2026,🔹,"Curl · Dumbbell",1,12.5,kg,15,rep,"Hard"
11/04/2026,🔹,"Curl · Dumbbell",2,12.5,kg,12,rep,"Hard"
11/04/2026,🔹,"Curl · Dumbbell",3,12.5,kg,10,rep,"Hard"
11/04/2026,🏋️‍♂️,"Seated Overhead Press · Dumbbell",,,,,,""
11/04/2026,🔹,"Seated Overhead Press · Dumbbell",1,40,kg,6,rep,"Hard"
11/04/2026,🔹,"Seated Overhead Press · Dumbbell",2,40,kg,5,rep,"Hard"
11/04/2026,🔹,"Seated Overhead Press · Dumbbell",3,40,kg,5,rep,""
11/04/2026,🏋️‍♂️,"Treadmill",,,,,,""
11/04/2026,🔹,"Treadmill",1,600,sec,0,km,""
13/04/2026,📅,,,,,,,"50 min"
13/04/2026,🏋️‍♂️,"Squat · Barbell",,,,,,""
13/04/2026,🔹,"Squat · Barbell",1,20,kg,6,rep,"WarmUp"
13/04/2026,🔹,"Squat · Barbell",2,60,kg,6,rep,"WarmUp"
13/04/2026,🔹,"Squat · Barbell",3,80,kg,2,rep,"WarmUp"
13/04/2026,🔹,"Squat · Barbell",4,80,kg,6,rep,""
13/04/2026,🔹,"Squat · Barbell",5,80,kg,6,rep,""
13/04/2026,🔹,"Squat · Barbell",6,70,kg,6,rep,""
13/04/2026,🏋️‍♂️,"Calf Press · Machine",,,,,,""
13/04/2026,🔹,"Calf Press · Machine",1,405,lb,12,rep,""
13/04/2026,🔹,"Calf Press · Machine",2,405,lb,12,rep,"Hard"
13/04/2026,🔹,"Calf Press · Machine",3,405,lb,12,rep,""
13/04/2026,🏋️‍♂️,"Leg Curl · Machine",,,,,,""
13/04/2026,🔹,"Leg Curl · Machine",1,110,lb,12,rep,""
13/04/2026,🔹,"Leg Curl · Machine",2,120,lb,12,rep,""
13/04/2026,🔹,"Leg Curl · Machine",3,120,lb,12,rep,"Hard"
13/04/2026,🏋️‍♂️,"Machine Crunch",,,,,,""
13/04/2026,🔹,"Machine Crunch",1,140,kg,9,rep,""
13/04/2026,🔹,"Machine Crunch",2,140,kg,7,rep,""
13/04/2026,🔹,"Machine Crunch",3,140,kg,7,rep,""
14/04/2026,📅,,,,,,,"57 min"
14/04/2026,🏋️‍♂️,"Bench Press · Barbell",,,,,,""
14/04/2026,🔹,"Bench Press · Barbell",1,20,kg,6,rep,"WarmUp"
14/04/2026,🔹,"Bench Press · Barbell",2,60,kg,6,rep,"WarmUp"
14/04/2026,🔹,"Bench Press · Barbell",3,70,kg,3,rep,"WarmUp"
14/04/2026,🔹,"Bench Press · Barbell",4,80,kg,5,rep,""
14/04/2026,🔹,"Bench Press · Barbell",5,80,kg,5,rep,""
14/04/2026,🔹,"Bench Press · Barbell",6,70,kg,6,rep,""
14/04/2026,🏋️‍♂️,"VAF Ruckeninsulator",,,,,,""
14/04/2026,🔹,"VAF Ruckeninsulator",1,10,kg,12,rep,""
14/04/2026,🔹,"VAF Ruckeninsulator",2,13,kg,12,rep,""
14/04/2026,🔹,"VAF Ruckeninsulator",3,13,kg,12,rep,"Hard"
14/04/2026,🏋️‍♂️,"Pec Deck · Machine",,,,,,""
14/04/2026,🔹,"Pec Deck · Machine",1,130,lb,12,rep,""
14/04/2026,🔹,"Pec Deck · Machine",2,130,lb,12,rep,""
14/04/2026,🔹,"Pec Deck · Machine",3,130,lb,12,rep,"Hard"
14/04/2026,🏋️‍♂️,"Lat Pull Down · Cable",,,,,,""
14/04/2026,🔹,"Lat Pull Down · Cable",1,61,kg,12,rep,"Hard"
14/04/2026,🔹,"Lat Pull Down · Cable",2,61,kg,10,rep,""
14/04/2026,🔹,"Lat Pull Down · Cable",3,61,kg,7,rep,""
15/04/2026,📅,,,,,,,"69 min"
15/04/2026,🏋️‍♂️,"Overhead Press · Barbell",,,,,,""
15/04/2026,🔹,"Overhead Press · Barbell",1,20,kg,9,rep,"WarmUp"
15/04/2026,🔹,"Overhead Press · Barbell",2,40,kg,7,rep,"Hard"
15/04/2026,🔹,"Overhead Press · Barbell",3,40,kg,7,rep,"Hard"
15/04/2026,🔹,"Overhead Press · Barbell",4,30,kg,9,rep,"Hard"
15/04/2026,🏋️‍♂️,"Curl · Barbell",,,,,,""
15/04/2026,🔹,"Curl · Barbell",1,9,kg,12,rep,"WarmUp"
15/04/2026,🔹,"Curl · Barbell",2,19,kg,12,rep,"WarmUp"
15/04/2026,🔹,"Curl · Barbell",3,24,kg,12,rep,"Hard"
15/04/2026,🔹,"Curl · Barbell",4,24,kg,11,rep,"Hard"
15/04/2026,🔹,"Curl · Barbell",5,24,kg,9,rep,"Hard"
15/04/2026,🏋️‍♂️,"Skull crusher",,,,,,""
15/04/2026,🔹,"Skull crusher",1,19,kg,10,rep,"WarmUp"
15/04/2026,🔹,"Skull crusher",2,29,kg,9,rep,""
15/04/2026,🔹,"Skull crusher",3,29,kg,9,rep,"Hard"
15/04/2026,🏋️‍♂️,"Rear Delt",,,,,,""
15/04/2026,🔹,"Rear Delt",1,110,lb,8,rep,"Hard"
15/04/2026,🔹,"Rear Delt",2,110,lb,8,rep,"Hard"
15/04/2026,🔹,"Rear Delt",3,110,lb,8,rep,"Drop"
15/04/2026,🏋️‍♂️,"Hammer Curl · Dumbbell",,,,,,""
15/04/2026,🔹,"Hammer Curl · Dumbbell",1,12.5,kg,15,rep,"Hard"
15/04/2026,🔹,"Hammer Curl · Dumbbell",2,12.5,kg,10,rep,""
15/04/2026,🔹,"Hammer Curl · Dumbbell",3,12.5,kg,10,rep,""
15/04/2026,🏋️‍♂️,"Tricep Extension · Cable",,,,,,""
15/04/2026,🔹,"Tricep Extension · Cable",1,55,lb,12,rep,""
15/04/2026,🔹,"Tricep Extension · Cable",2,55,lb,12,rep,"Hard"
15/04/2026,🔹,"Tricep Extension · Cable",3,55,lb,12,rep,"Hard"
16/04/2026,📅,,,,,,,"44 min"
16/04/2026,🏋️‍♂️,"Romanian Deadlift · Barbell",,,,,,""
16/04/2026,🔹,"Romanian Deadlift · Barbell",1,20,kg,12,rep,"WarmUp"
16/04/2026,🔹,"Romanian Deadlift · Barbell",2,60,kg,12,rep,"WarmUp"
16/04/2026,🔹,"Romanian Deadlift · Barbell",3,80,kg,12,rep,""
16/04/2026,🔹,"Romanian Deadlift · Barbell",4,80,kg,9,rep,""
16/04/2026,🔹,"Romanian Deadlift · Barbell",5,60,kg,9,rep,""
16/04/2026,🏋️‍♂️,"Calf Press · Machine",,,,,,""
16/04/2026,🔹,"Calf Press · Machine",1,405,lb,15,rep,""
16/04/2026,🔹,"Calf Press · Machine",2,405,lb,12,rep,""
16/04/2026,🔹,"Calf Press · Machine",3,405,lb,12,rep,""
16/04/2026,🏋️‍♂️,"Leg Press · Machine",,,,,,""
16/04/2026,🔹,"Leg Press · Machine",1,210,lb,10,rep,"WarmUp"
16/04/2026,🔹,"Leg Press · Machine",2,310,lb,12,rep,""
16/04/2026,🔹,"Leg Press · Machine",3,310,lb,12,rep,""
16/04/2026,🔹,"Leg Press · Machine",4,250,lb,12,rep,""
16/04/2026,🏋️‍♂️,"Machine Crunch",,,,,,""
16/04/2026,🔹,"Machine Crunch",1,140,kg,7,rep,""
16/04/2026,🔹,"Machine Crunch",2,140,kg,7,rep,""
16/04/2026,🔹,"Machine Crunch",3,140,kg,7,rep,""
17/04/2026,📅,,,,,,,"75 min"
17/04/2026,🏋️‍♂️,"Pull Up",,,,,,""
17/04/2026,🔹,"Pull Up",1,0,kg,9,rep,"Hard"
17/04/2026,🔹,"Pull Up",2,0,kg,8,rep,"Hard"
17/04/2026,🔹,"Pull Up",3,0,kg,7,rep,"Hard"
17/04/2026,🏋️‍♂️,"Incline Bench Press · Barbell",,,,,,""
17/04/2026,🔹,"Incline Bench Press · Barbell",1,20,kg,9,rep,"WarmUp"
17/04/2026,🔹,"Incline Bench Press · Barbell",2,40,kg,9,rep,"WarmUp"
17/04/2026,🔹,"Incline Bench Press · Barbell",3,60,kg,9,rep,""
17/04/2026,🔹,"Incline Bench Press · Barbell",4,60,kg,9,rep,""
17/04/2026,🔹,"Incline Bench Press · Barbell",5,50,kg,9,rep,""
17/04/2026,🏋️‍♂️,"Seated Row · Cable",,,,,,""
17/04/2026,🔹,"Seated Row · Cable",1,61,kg,9,rep,""
17/04/2026,🔹,"Seated Row · Cable",2,61,kg,9,rep,""
17/04/2026,🔹,"Seated Row · Cable",3,61,kg,9,rep,""
17/04/2026,🏋️‍♂️,"Bench Press · Dumbbell",,,,,,""
17/04/2026,🔹,"Bench Press · Dumbbell",1,50,kg,10,rep,""
17/04/2026,🔹,"Bench Press · Dumbbell",2,50,kg,9,rep,""
17/04/2026,🔹,"Bench Press · Dumbbell",3,45,kg,9,rep,""
18/04/2026,📅,,,,,,,"65 min"
18/04/2026,🏋️‍♂️,"Tricep Dip",,,,,,""
18/04/2026,🔹,"Tricep Dip",1,0,kg,15,rep,""
18/04/2026,🔹,"Tricep Dip",2,0,kg,16,rep,"Hard"
18/04/2026,🔹,"Tricep Dip",3,0,kg,10,rep,""
18/04/2026,🏋️‍♂️,"Hammer Curl · Dumbbell",,,,,,""
18/04/2026,🔹,"Hammer Curl · Dumbbell",1,12.5,kg,15,rep,""
18/04/2026,🔹,"Hammer Curl · Dumbbell",2,12.5,kg,13,rep,"Hard"
18/04/2026,🔹,"Hammer Curl · Dumbbell",3,12.5,kg,10,rep,"Hard"
18/04/2026,🏋️‍♂️,"Cable Raise (Freie)",,,,,,""
18/04/2026,🔹,"Cable Raise (Freie)",1,70,lb,12,rep,"Hard"
18/04/2026,🔹,"Cable Raise (Freie)",2,70,lb,12,rep,"Drop"
18/04/2026,🔹,"Cable Raise (Freie)",3,70,lb,10,rep,"Hard"
18/04/2026,🏋️‍♂️,"Single Arm Overhead Triceps Extension · Dumbbell",,,,,,""
18/04/2026,🔹,"Single Arm Overhead Triceps Extension · Dumbbell",1,8,kg,12,rep,""
18/04/2026,🔹,"Single Arm Overhead Triceps Extension · Dumbbell",2,9,kg,9,rep,""
18/04/2026,🔹,"Single Arm Overhead Triceps Extension · Dumbbell",3,9,kg,9,rep,""
18/04/2026,🏋️‍♂️,"Curl · Dumbbell",,,,,,""
18/04/2026,🔹,"Curl · Dumbbell",1,12.5,kg,15,rep,"Hard"
18/04/2026,🔹,"Curl · Dumbbell",2,12.5,kg,13,rep,"Hard"
18/04/2026,🔹,"Curl · Dumbbell",3,12.5,kg,10,rep,"Hard"
18/04/2026,🏋️‍♂️,"Seated Overhead Press · Dumbbell",,,,,,""
18/04/2026,🔹,"Seated Overhead Press · Dumbbell",1,30,kg,12,rep,"Drop"
18/04/2026,🔹,"Seated Overhead Press · Dumbbell",2,35,kg,5,rep,""
18/04/2026,🔹,"Seated Overhead Press · Dumbbell",3,35,kg,5,rep,""
18/04/2026,🏋️‍♂️,"Treadmill",,,,,,""
18/04/2026,🔹,"Treadmill",1,0,sec,0,km,""
20/04/2026,📅,,,,,,,"31 min"
20/04/2026,🏋️‍♂️,"Squat · Barbell",,,,,,""
20/04/2026,🔹,"Squat · Barbell",1,20,kg,6,rep,"WarmUp"
20/04/2026,🔹,"Squat · Barbell",2,60,kg,6,rep,"WarmUp"
20/04/2026,🔹,"Squat · Barbell",3,80,kg,2,rep,"WarmUp"
20/04/2026,🔹,"Squat · Barbell",4,80,kg,8,rep,""
20/04/2026,🔹,"Squat · Barbell",5,80,kg,8,rep,""
20/04/2026,🔹,"Squat · Barbell",6,70,kg,8,rep,""
20/04/2026,🏋️‍♂️,"Calf Press · Machine",,,,,,""
20/04/2026,🔹,"Calf Press · Machine",1,405,lb,15,rep,""
20/04/2026,🔹,"Calf Press · Machine",2,405,lb,15,rep,""
20/04/2026,🔹,"Calf Press · Machine",3,405,lb,15,rep,""
20/04/2026,🏋️‍♂️,"Leg Curl · Machine",,,,,,""
20/04/2026,🔹,"Leg Curl · Machine",1,110,lb,13,rep,""
20/04/2026,🔹,"Leg Curl · Machine",2,120,lb,13,rep,""
20/04/2026,🔹,"Leg Curl · Machine",3,120,lb,10,rep,""
20/04/2026,🏋️‍♂️,"Machine Crunch",,,,,,""
20/04/2026,🔹,"Machine Crunch",1,140,kg,9,rep,""
20/04/2026,🔹,"Machine Crunch",2,140,kg,7,rep,""
20/04/2026,🔹,"Machine Crunch",3,140,kg,7,rep,""
21/04/2026,📅,,,,,,,"43 min"
21/04/2026,🏋️‍♂️,"Bench Press · Barbell",,,,,,""
21/04/2026,🔹,"Bench Press · Barbell",1,20,kg,6,rep,"WarmUp"
21/04/2026,🔹,"Bench Press · Barbell",2,60,kg,6,rep,"WarmUp"
21/04/2026,🔹,"Bench Press · Barbell",3,70,kg,3,rep,"WarmUp"
21/04/2026,🔹,"Bench Press · Barbell",4,80,kg,6,rep,""
21/04/2026,🔹,"Bench Press · Barbell",5,80,kg,6,rep,"Drop"
21/04/2026,🔹,"Bench Press · Barbell",6,70,kg,6,rep,""
21/04/2026,🏋️‍♂️,"VAF Ruckeninsulator",,,,,,""
21/04/2026,🔹,"VAF Ruckeninsulator",1,12,kg,12,rep,""
21/04/2026,🔹,"VAF Ruckeninsulator",2,13,kg,11,rep,""
21/04/2026,🔹,"VAF Ruckeninsulator",3,13,kg,9,rep,""
21/04/2026,🏋️‍♂️,"Pec Deck · Machine",,,,,,""
21/04/2026,🔹,"Pec Deck · Machine",1,140,lb,10,rep,""
21/04/2026,🔹,"Pec Deck · Machine",2,140,lb,9,rep,""
21/04/2026,🔹,"Pec Deck · Machine",3,140,lb,9,rep,""
21/04/2026,🏋️‍♂️,"Lat Pull Down · Cable",,,,,,""
21/04/2026,🔹,"Lat Pull Down · Cable",1,54.5,kg,10,rep,""
21/04/2026,🔹,"Lat Pull Down · Cable",2,61,kg,8,rep,""
21/04/2026,🔹,"Lat Pull Down · Cable",3,61,kg,7,rep,""
22/04/2026,📅,,,,,,,"77 min"
22/04/2026,🏋️‍♂️,"Overhead Press · Barbell",,,,,,""
22/04/2026,🔹,"Overhead Press · Barbell",1,20,kg,9,rep,"WarmUp"
22/04/2026,🔹,"Overhead Press · Barbell",2,40,kg,7,rep,"Drop"
22/04/2026,🔹,"Overhead Press · Barbell",3,40,kg,6,rep,"Hard"
22/04/2026,🔹,"Overhead Press · Barbell",4,30,kg,9,rep,"Hard"
22/04/2026,🏋️‍♂️,"Curl · Barbell",,,,,,""
22/04/2026,🔹,"Curl · Barbell",1,9,kg,12,rep,"WarmUp"
22/04/2026,🔹,"Curl · Barbell",2,19,kg,12,rep,"WarmUp"
22/04/2026,🔹,"Curl · Barbell",3,24,kg,12,rep,"Hard"
22/04/2026,🔹,"Curl · Barbell",4,24,kg,11,rep,"Hard"
22/04/2026,🔹,"Curl · Barbell",5,24,kg,9,rep,"Hard"
22/04/2026,🏋️‍♂️,"Skull crusher",,,,,,""
22/04/2026,🔹,"Skull crusher",1,19,kg,12,rep,"WarmUp"
22/04/2026,🔹,"Skull crusher",2,29,kg,9,rep,"Hard"
22/04/2026,🔹,"Skull crusher",3,29,kg,9,rep,"Hard"
22/04/2026,🏋️‍♂️,"Rear Delt",,,,,,""
22/04/2026,🔹,"Rear Delt",1,110,lb,9,rep,"Hard"
22/04/2026,🔹,"Rear Delt",2,110,lb,9,rep,"Hard"
22/04/2026,🔹,"Rear Delt",3,110,lb,7,rep,"Hard"
22/04/2026,🏋️‍♂️,"Hammer Curl · Dumbbell",,,,,,""
22/04/2026,🔹,"Hammer Curl · Dumbbell",1,12.5,kg,15,rep,"Hard"
22/04/2026,🔹,"Hammer Curl · Dumbbell",2,12.5,kg,11,rep,"Hard"
22/04/2026,🔹,"Hammer Curl · Dumbbell",3,12.5,kg,10,rep,""
22/04/2026,🏋️‍♂️,"Tricep Extension · Cable",,,,,,""
22/04/2026,🔹,"Tricep Extension · Cable",1,55,lb,13,rep,""
22/04/2026,🔹,"Tricep Extension · Cable",2,55,lb,13,rep,"Hard"
22/04/2026,🔹,"Tricep Extension · Cable",3,55,lb,12,rep,"Hard"
23/04/2026,📅,,,,,,,"48 min"
23/04/2026,🏋️‍♂️,"Romanian Deadlift · Barbell",,,,,,""
23/04/2026,🔹,"Romanian Deadlift · Barbell",1,20,kg,12,rep,"WarmUp"
23/04/2026,🔹,"Romanian Deadlift · Barbell",2,60,kg,12,rep,"WarmUp"
23/04/2026,🔹,"Romanian Deadlift · Barbell",3,80,kg,12,rep,""
23/04/2026,🔹,"Romanian Deadlift · Barbell",4,80,kg,9,rep,""
23/04/2026,🔹,"Romanian Deadlift · Barbell",5,60,kg,8,rep,""
23/04/2026,🏋️‍♂️,"Calf Press · Machine",,,,,,""
23/04/2026,🔹,"Calf Press · Machine",1,405,lb,15,rep,""
23/04/2026,🔹,"Calf Press · Machine",2,405,lb,15,rep,""
23/04/2026,🔹,"Calf Press · Machine",3,405,lb,15,rep,""
23/04/2026,🏋️‍♂️,"Leg Press · Machine",,,,,,""
23/04/2026,🔹,"Leg Press · Machine",1,210,lb,12,rep,"WarmUp"
23/04/2026,🔹,"Leg Press · Machine",2,330,lb,9,rep,""
23/04/2026,🔹,"Leg Press · Machine",3,330,lb,9,rep,""
23/04/2026,🔹,"Leg Press · Machine",4,250,lb,12,rep,""
23/04/2026,🏋️‍♂️,"Machine Crunch",,,,,,""
23/04/2026,🔹,"Machine Crunch",1,140,kg,8,rep,""
23/04/2026,🔹,"Machine Crunch",2,140,kg,8,rep,""
23/04/2026,🔹,"Machine Crunch",3,140,kg,8,rep,""
24/04/2026,📅,,,,,,,"104 min"
24/04/2026,🏋️‍♂️,"Pull Up",,,,,,"slow negative, 2 min. rest"
24/04/2026,🔹,"Pull Up",1,0,kg,8,rep,""
24/04/2026,🔹,"Pull Up",2,0,kg,6,rep,"Hard"
24/04/2026,🔹,"Pull Up",3,0,kg,5,rep,"Hard"
24/04/2026,🔹,"Pull Up",4,0,kg,5,rep,"Hard"
24/04/2026,🏋️‍♂️,"Incline Bench Press · Barbell",,,,,,""
24/04/2026,🔹,"Incline Bench Press · Barbell",1,23,kg,9,rep,"WarmUp"
24/04/2026,🔹,"Incline Bench Press · Barbell",2,43,kg,9,rep,"WarmUp"
24/04/2026,🔹,"Incline Bench Press · Barbell",3,63,kg,8,rep,""
24/04/2026,🔹,"Incline Bench Press · Barbell",4,63,kg,8,rep,"Hard"
24/04/2026,🔹,"Incline Bench Press · Barbell",5,53,kg,8,rep,"Hard"
24/04/2026,🏋️‍♂️,"VAF Ruckeninsulator",,,,,,""
24/04/2026,🔹,"VAF Ruckeninsulator",1,10,kg,12,rep,""
24/04/2026,🔹,"VAF Ruckeninsulator",2,10,kg,12,rep,""
24/04/2026,🔹,"VAF Ruckeninsulator",3,10,kg,12,rep,""
24/04/2026,🏋️‍♂️,"Bench Press · Dumbbell",,,,,,""
24/04/2026,🔹,"Bench Press · Dumbbell",1,50,kg,9,rep,""
24/04/2026,🔹,"Bench Press · Dumbbell",2,50,kg,9,rep,""
24/04/2026,🔹,"Bench Press · Dumbbell",3,45,kg,9,rep,""
25/04/2026,📅,,,,,,,"112 min"
25/04/2026,🏋️‍♂️,"Tricep Dip",,,,,,""
25/04/2026,🔹,"Tricep Dip",1,0,kg,12,rep,"WarmUp"
25/04/2026,🔹,"Tricep Dip",2,10,kg,9,rep,""
25/04/2026,🔹,"Tricep Dip",3,10,kg,10,rep,""
25/04/2026,🔹,"Tricep Dip",4,10,kg,11,rep,""
25/04/2026,🏋️‍♂️,"Hammer Curl · Dumbbell",,,,,,""
25/04/2026,🔹,"Hammer Curl · Dumbbell",1,12.5,kg,15,rep,""
25/04/2026,🔹,"Hammer Curl · Dumbbell",2,12.5,kg,15,rep,"Hard"
25/04/2026,🔹,"Hammer Curl · Dumbbell",3,12.5,kg,10,rep,""
25/04/2026,🏋️‍♂️,"Cable Raise (Freie)",,,,,,""
25/04/2026,🔹,"Cable Raise (Freie)",1,70,lb,12,rep,"Drop"
25/04/2026,🔹,"Cable Raise (Freie)",2,70,lb,12,rep,"Drop"
25/04/2026,🔹,"Cable Raise (Freie)",3,70,lb,12,rep,"Drop"
25/04/2026,🏋️‍♂️,"Standing Cable Triceps extension",,,,,,""
25/04/2026,🔹,"Standing Cable Triceps extension",1,32.5,lb,12,rep,""
25/04/2026,🔹,"Standing Cable Triceps extension",2,32.5,lb,10,rep,""
25/04/2026,🔹,"Standing Cable Triceps extension",3,32.5,lb,10,rep,""
25/04/2026,🏋️‍♂️,"Curl · Dumbbell",,,,,,""
25/04/2026,🔹,"Curl · Dumbbell",1,12.5,kg,15,rep,""
25/04/2026,🔹,"Curl · Dumbbell",2,12.5,kg,14,rep,""
25/04/2026,🔹,"Curl · Dumbbell",3,12.5,kg,10,rep,""
25/04/2026,🏋️‍♂️,"Seated Overhead Press · Dumbbell",,,,,,""
25/04/2026,🔹,"Seated Overhead Press · Dumbbell",1,30,kg,10,rep,"Hard"
25/04/2026,🔹,"Seated Overhead Press · Dumbbell",2,30,kg,9,rep,"Hard"
25/04/2026,🔹,"Seated Overhead Press · Dumbbell",3,30,kg,10,rep,""
25/04/2026,🏋️‍♂️,"Treadmill",,,,,,""
25/04/2026,🔹,"Treadmill",1,0,sec,0,km,""
27/04/2026,📅,,,,,,,"71 min"
27/04/2026,🏋️‍♂️,"Bench Press · Barbell",,,,,,""
27/04/2026,🔹,"Bench Press · Barbell",1,20,kg,6,rep,"WarmUp"
27/04/2026,🔹,"Bench Press · Barbell",2,60,kg,6,rep,"WarmUp"
27/04/2026,🔹,"Bench Press · Barbell",3,80,kg,2,rep,"WarmUp"
27/04/2026,🔹,"Bench Press · Barbell",4,80,kg,6,rep,"Hard"
27/04/2026,🔹,"Bench Press · Barbell",5,80,kg,6,rep,"Hard"
27/04/2026,🔹,"Bench Press · Barbell",6,70,kg,6,rep,""
27/04/2026,🏋️‍♂️,"Squat · Barbell",,,,,,""
27/04/2026,🔹,"Squat · Barbell",1,20,kg,6,rep,"WarmUp"
27/04/2026,🔹,"Squat · Barbell",2,60,kg,6,rep,"WarmUp"
27/04/2026,🔹,"Squat · Barbell",3,80,kg,2,rep,"WarmUp"
27/04/2026,🔹,"Squat · Barbell",4,90,kg,4,rep,""
27/04/2026,🔹,"Squat · Barbell",5,90,kg,4,rep,""
27/04/2026,🔹,"Squat · Barbell",6,70,kg,8,rep,""
27/04/2026,🏋️‍♂️,"VAF Ruckeninsulator",,,,,,""
27/04/2026,🔹,"VAF Ruckeninsulator",1,10,kg,13,rep,""
27/04/2026,🔹,"VAF Ruckeninsulator",2,10,kg,13,rep,""
27/04/2026,🔹,"VAF Ruckeninsulator",3,10,kg,12,rep,""
27/04/2026,🏋️‍♂️,"Calf Press · Machine",,,,,,""
27/04/2026,🔹,"Calf Press · Machine",1,405,lb,16,rep,""
27/04/2026,🔹,"Calf Press · Machine",2,405,lb,16,rep,""
27/04/2026,🔹,"Calf Press · Machine",3,405,lb,16,rep,""
27/04/2026,🏋️‍♂️,"Torso Rotation · Machine",,,,,,""
27/04/2026,🔹,"Torso Rotation · Machine",1,6,kg,9,rep,""
27/04/2026,🏋️‍♂️,"Pec Deck · Machine",,,,,,""
27/04/2026,🔹,"Pec Deck · Machine",1,140,lb,12,rep,""
27/04/2026,🔹,"Pec Deck · Machine",2,140,lb,11,rep,""
27/04/2026,🔹,"Pec Deck · Machine",3,140,lb,9,rep,""
27/04/2026,🏋️‍♂️,"Leg Curl · Machine",,,,,,""
27/04/2026,🔹,"Leg Curl · Machine",1,110,lb,15,rep,""
27/04/2026,🔹,"Leg Curl · Machine",2,120,lb,14,rep,""
27/04/2026,🔹,"Leg Curl · Machine",3,120,lb,10,rep,""
27/04/2026,🏋️‍♂️,"Lat Pull Down · Cable",,,,,,""
27/04/2026,🔹,"Lat Pull Down · Cable",1,54.5,kg,10,rep,""
27/04/2026,🔹,"Lat Pull Down · Cable",2,61,kg,8,rep,""
27/04/2026,🔹,"Lat Pull Down · Cable",3,61,kg,7,rep,""
27/04/2026,🏋️‍♂️,"Machine Crunch",,,,,,""
27/04/2026,🔹,"Machine Crunch",1,140,kg,9,rep,""
27/04/2026,🔹,"Machine Crunch",2,140,kg,7,rep,""
27/04/2026,🔹,"Machine Crunch",3,140,kg,7,rep,""
28/04/2026,📅,,,,,,,"80 min"
28/04/2026,🏋️‍♂️,"Overhead Press · Barbell",,,,,,""
28/04/2026,🔹,"Overhead Press · Barbell",1,20,kg,9,rep,"WarmUp"
28/04/2026,🔹,"Overhead Press · Barbell",2,40,kg,7,rep,"Hard"
28/04/2026,🔹,"Overhead Press · Barbell",3,40,kg,7,rep,"Drop"
28/04/2026,🔹,"Overhead Press · Barbell",4,30,kg,10,rep,"Hard"
28/04/2026,🏋️‍♂️,"Curl · Barbell",,,,,,""
28/04/2026,🔹,"Curl · Barbell",1,9,kg,12,rep,"WarmUp"
28/04/2026,🔹,"Curl · Barbell",2,19,kg,12,rep,"WarmUp"
28/04/2026,🔹,"Curl · Barbell",3,24,kg,12,rep,""
28/04/2026,🔹,"Curl · Barbell",4,24,kg,12,rep,""
28/04/2026,🔹,"Curl · Barbell",5,24,kg,9,rep,""
28/04/2026,🏋️‍♂️,"Skull crusher",,,,,,""
28/04/2026,🔹,"Skull crusher",1,19,kg,12,rep,"WarmUp"
28/04/2026,🔹,"Skull crusher",2,29,kg,9,rep,"Hard"
28/04/2026,🔹,"Skull crusher",3,29,kg,9,rep,"Hard"
28/04/2026,🏋️‍♂️,"Rear Delt",,,,,,""
28/04/2026,🔹,"Rear Delt",1,110,lb,9,rep,""
28/04/2026,🔹,"Rear Delt",2,110,lb,9,rep,"Drop"
28/04/2026,🔹,"Rear Delt",3,110,lb,8,rep,"Hard"
28/04/2026,🏋️‍♂️,"Hammer Curl · Dumbbell",,,,,,""
28/04/2026,🔹,"Hammer Curl · Dumbbell",1,12.5,kg,16,rep,"Hard"
28/04/2026,🔹,"Hammer Curl · Dumbbell",2,12.5,kg,12,rep,"Hard"
28/04/2026,🔹,"Hammer Curl · Dumbbell",3,12.5,kg,12,rep,"Hard"
28/04/2026,🏋️‍♂️,"Tricep Extension · Cable",,,,,,""
28/04/2026,🔹,"Tricep Extension · Cable",1,55,lb,11,rep,""
28/04/2026,🔹,"Tricep Extension · Cable",2,55,lb,11,rep,""
28/04/2026,🔹,"Tricep Extension · Cable",3,55,lb,11,rep,""
04/05/2026,📅,,,,,,,"55 min"
04/05/2026,🏋️‍♂️,"Squat · Barbell",,,,,,""
04/05/2026,🔹,"Squat · Barbell",1,20,kg,6,rep,"WarmUp"
04/05/2026,🔹,"Squat · Barbell",2,60,kg,6,rep,"WarmUp"
04/05/2026,🔹,"Squat · Barbell",3,80,kg,2,rep,"WarmUp"
04/05/2026,🔹,"Squat · Barbell",4,90,kg,5,rep,""
04/05/2026,🔹,"Squat · Barbell",5,90,kg,5,rep,""
04/05/2026,🔹,"Squat · Barbell",6,70,kg,6,rep,""
04/05/2026,🏋️‍♂️,"Calf Press · Machine",,,,,,""
04/05/2026,🔹,"Calf Press · Machine",1,405,lb,18,rep,"Hard"
04/05/2026,🔹,"Calf Press · Machine",2,405,lb,18,rep,"Drop"
04/05/2026,🔹,"Calf Press · Machine",3,405,lb,14,rep,""
04/05/2026,🏋️‍♂️,"Leg Curl · Machine",,,,,,""
04/05/2026,🔹,"Leg Curl · Machine",1,90,lb,15,rep,""
04/05/2026,🔹,"Leg Curl · Machine",2,120,lb,12,rep,"Hard"
04/05/2026,🔹,"Leg Curl · Machine",3,120,lb,10,rep,""
04/05/2026,🏋️‍♂️,"Machine Crunch",,,,,,""
04/05/2026,🔹,"Machine Crunch",1,140,kg,9,rep,""
04/05/2026,🔹,"Machine Crunch",2,140,kg,9,rep,""
04/05/2026,🔹,"Machine Crunch",3,140,kg,9,rep,""
05/05/2026,📅,,,,,,,"63 min"
05/05/2026,🏋️‍♂️,"Bench Press · Barbell",,,,,,""
05/05/2026,🔹,"Bench Press · Barbell",1,20,kg,6,rep,"WarmUp"
05/05/2026,🔹,"Bench Press · Barbell",2,60,kg,6,rep,"WarmUp"
05/05/2026,🔹,"Bench Press · Barbell",3,80,kg,2,rep,"WarmUp"
05/05/2026,🔹,"Bench Press · Barbell",4,80,kg,6,rep,"Hard"
05/05/2026,🔹,"Bench Press · Barbell",5,80,kg,5,rep,"Hard"
05/05/2026,🔹,"Bench Press · Barbell",6,70,kg,6,rep,""
05/05/2026,🏋️‍♂️,"VAF Ruckeninsulator",,,,,,""
05/05/2026,🔹,"VAF Ruckeninsulator",1,10,kg,15,rep,""
05/05/2026,🔹,"VAF Ruckeninsulator",2,10,kg,15,rep,"Hard"
05/05/2026,🔹,"VAF Ruckeninsulator",3,10,kg,15,rep,"Hard"
05/05/2026,🏋️‍♂️,"Pec Deck · Machine",,,,,,""
05/05/2026,🔹,"Pec Deck · Machine",1,140,lb,12,rep,""
05/05/2026,🔹,"Pec Deck · Machine",2,140,lb,10,rep,""
05/05/2026,🔹,"Pec Deck · Machine",3,140,lb,9,rep,""
05/05/2026,🏋️‍♂️,"Lat Pull Down · Cable",,,,,,""
05/05/2026,🔹,"Lat Pull Down · Cable",1,61,kg,10,rep,""
05/05/2026,🔹,"Lat Pull Down · Cable",2,61,kg,9,rep,""
05/05/2026,🔹,"Lat Pull Down · Cable",3,61,kg,9,rep,""
06/05/2026,📅,,,,,,,"98 min"
06/05/2026,🏋️‍♂️,"Overhead Press · Barbell",,,,,,""
06/05/2026,🔹,"Overhead Press · Barbell",1,20,kg,10,rep,"WarmUp"
06/05/2026,🔹,"Overhead Press · Barbell",2,30,kg,12,rep,""
06/05/2026,🔹,"Overhead Press · Barbell",3,30,kg,10,rep,""
06/05/2026,🔹,"Overhead Press · Barbell",4,30,kg,9,rep,""
06/05/2026,🏋️‍♂️,"Curl · Barbell",,,,,,""
06/05/2026,🔹,"Curl · Barbell",1,9,kg,15,rep,"WarmUp"
06/05/2026,🔹,"Curl · Barbell",2,19,kg,15,rep,"WarmUp"
06/05/2026,🔹,"Curl · Barbell",3,21.5,kg,13,rep,""
06/05/2026,🔹,"Curl · Barbell",4,21.5,kg,13,rep,""
06/05/2026,🔹,"Curl · Barbell",5,21.5,kg,9,rep,""
06/05/2026,🏋️‍♂️,"Skull crusher",,,,,,""
06/05/2026,🔹,"Skull crusher",1,19,kg,10,rep,"WarmUp"
06/05/2026,🔹,"Skull crusher",2,29,kg,10,rep,""
06/05/2026,🔹,"Skull crusher",3,29,kg,10,rep,"Drop"
06/05/2026,🔹,"Skull crusher",4,19,kg,12,rep,""
06/05/2026,🏋️‍♂️,"Rear Delt",,,,,,""
06/05/2026,🔹,"Rear Delt",1,110,lb,8,rep,""
06/05/2026,🔹,"Rear Delt",2,110,lb,9,rep,"Hard"
06/05/2026,🔹,"Rear Delt",3,110,lb,9,rep,"Hard"
06/05/2026,🏋️‍♂️,"Hammer Curl · Dumbbell",,,,,,""
06/05/2026,🔹,"Hammer Curl · Dumbbell",1,12.5,kg,15,rep,""
06/05/2026,🔹,"Hammer Curl · Dumbbell",2,12.5,kg,13,rep,"Hard"
06/05/2026,🔹,"Hammer Curl · Dumbbell",3,12.5,kg,12,rep,""
06/05/2026,🏋️‍♂️,"Tricep Extension · Cable",,,,,,""
06/05/2026,🔹,"Tricep Extension · Cable",1,55,lb,13,rep,""
06/05/2026,🔹,"Tricep Extension · Cable",2,55,lb,12,rep,""
06/05/2026,🔹,"Tricep Extension · Cable",3,55,lb,12,rep,""
07/05/2026,📅,,,,,,,"65 min"
07/05/2026,🏋️‍♂️,"Romanian Deadlift · Barbell",,,,,,""
07/05/2026,🔹,"Romanian Deadlift · Barbell",1,20,kg,12,rep,"WarmUp"
07/05/2026,🔹,"Romanian Deadlift · Barbell",2,60,kg,12,rep,"WarmUp"
07/05/2026,🔹,"Romanian Deadlift · Barbell",3,80,kg,9,rep,""
07/05/2026,🔹,"Romanian Deadlift · Barbell",4,80,kg,9,rep,""
07/05/2026,🔹,"Romanian Deadlift · Barbell",5,60,kg,8,rep,""
07/05/2026,🏋️‍♂️,"Calf Press · Machine",,,,,,""
07/05/2026,🔹,"Calf Press · Machine",1,405,lb,17,rep,"Drop"
07/05/2026,🔹,"Calf Press · Machine",2,405,lb,17,rep,"Drop"
07/05/2026,🔹,"Calf Press · Machine",3,405,lb,14,rep,"Drop"
07/05/2026,🏋️‍♂️,"Leg Press · Machine",,,,,,""
07/05/2026,🔹,"Leg Press · Machine",1,250,lb,10,rep,"WarmUp"
07/05/2026,🔹,"Leg Press · Machine",2,330,lb,10,rep,""
07/05/2026,🔹,"Leg Press · Machine",3,330,lb,10,rep,""
07/05/2026,🔹,"Leg Press · Machine",4,250,lb,10,rep,""
07/05/2026,🏋️‍♂️,"Machine Crunch",,,,,,""
07/05/2026,🔹,"Machine Crunch",1,145,kg,7,rep,""
07/05/2026,🔹,"Machine Crunch",2,145,kg,7,rep,""
07/05/2026,🔹,"Machine Crunch",3,145,kg,7,rep,""
08/05/2026,📅,,,,,,,"52 min"
08/05/2026,🏋️‍♂️,"Pull Up",,,,,,""
08/05/2026,🔹,"Pull Up",1,-4,kg,10,rep,""
08/05/2026,🔹,"Pull Up",2,-4,kg,9,rep,"Hard"
08/05/2026,🔹,"Pull Up",3,-4,kg,9,rep,"Hard"
08/05/2026,🔹,"Pull Up",4,0,kg,6,rep,"Hard"
08/05/2026,🏋️‍♂️,"Incline Bench Press · Barbell",,,,,,""
08/05/2026,🔹,"Incline Bench Press · Barbell",1,23,kg,9,rep,"WarmUp"
08/05/2026,🔹,"Incline Bench Press · Barbell",2,43,kg,9,rep,"WarmUp"
08/05/2026,🔹,"Incline Bench Press · Barbell",3,63,kg,9,rep,"Hard"
08/05/2026,🔹,"Incline Bench Press · Barbell",4,63,kg,6,rep,""
08/05/2026,🔹,"Incline Bench Press · Barbell",5,53,kg,9,rep,"Hard"
08/05/2026,🏋️‍♂️,"VAF Ruckeninsulator",,,,,,""
08/05/2026,🔹,"VAF Ruckeninsulator",1,11,kg,13,rep,""
08/05/2026,🔹,"VAF Ruckeninsulator",2,11,kg,13,rep,""
08/05/2026,🔹,"VAF Ruckeninsulator",3,11,kg,13,rep,""
08/05/2026,🏋️‍♂️,"Bench Press · Dumbbell",,,,,,""
08/05/2026,🔹,"Bench Press · Dumbbell",1,50,kg,10,rep,""
08/05/2026,🔹,"Bench Press · Dumbbell",2,50,kg,10,rep,""
08/05/2026,🔹,"Bench Press · Dumbbell",3,45,kg,9,rep,""
09/05/2026,📅,,,,,,,"79 min"
09/05/2026,🏋️‍♂️,"Tricep Dip",,,,,,""
09/05/2026,🔹,"Tricep Dip",1,0,kg,12,rep,"WarmUp"
09/05/2026,🔹,"Tricep Dip",2,10,kg,12,rep,""
09/05/2026,🔹,"Tricep Dip",3,10,kg,10,rep,""
09/05/2026,🔹,"Tricep Dip",4,10,kg,11,rep,""
09/05/2026,🏋️‍♂️,"Hammer Curl · Dumbbell",,,,,,""
09/05/2026,🔹,"Hammer Curl · Dumbbell",1,12.5,kg,16,rep,"Hard"
09/05/2026,🔹,"Hammer Curl · Dumbbell",2,12.5,kg,13,rep,"Hard"
09/05/2026,🔹,"Hammer Curl · Dumbbell",3,12.5,kg,10,rep,""
09/05/2026,🏋️‍♂️,"Cable Raise (Adjutable Cable)",,,,,,""
09/05/2026,🔹,"Cable Raise (Adjutable Cable)",1,15,kg,12,rep,""
09/05/2026,🔹,"Cable Raise (Adjutable Cable)",2,15,kg,12,rep,""
09/05/2026,🔹,"Cable Raise (Adjutable Cable)",3,15,kg,12,rep,"Drop"
09/05/2026,🏋️‍♂️,"Standing Cable Triceps extension",,,,,,""
09/05/2026,🔹,"Standing Cable Triceps extension",1,32.5,lb,12,rep,""
09/05/2026,🔹,"Standing Cable Triceps extension",2,32.5,lb,11,rep,""
09/05/2026,🔹,"Standing Cable Triceps extension",3,32.5,lb,10,rep,""
09/05/2026,🏋️‍♂️,"Curl · Dumbbell",,,,,,""
09/05/2026,🔹,"Curl · Dumbbell",1,12.5,kg,15,rep,""
09/05/2026,🔹,"Curl · Dumbbell",2,12.5,kg,15,rep,""
09/05/2026,🔹,"Curl · Dumbbell",3,12.5,kg,12,rep,""
09/05/2026,🏋️‍♂️,"Seated Overhead Press · Dumbbell",,,,,,""
09/05/2026,🔹,"Seated Overhead Press · Dumbbell",1,30,kg,12,rep,""
09/05/2026,🔹,"Seated Overhead Press · Dumbbell",2,30,kg,12,rep,""
09/05/2026,🔹,"Seated Overhead Press · Dumbbell",3,30,kg,10,rep,""
09/05/2026,🏋️‍♂️,"Treadmill",,,,,,""
09/05/2026,🔹,"Treadmill",1,360,sec,0,km,""
11/05/2026,📅,,,,,,,"59 min"
11/05/2026,🏋️‍♂️,"Squat · Barbell",,,,,,""
11/05/2026,🔹,"Squat · Barbell",1,20,kg,6,rep,"WarmUp"
11/05/2026,🔹,"Squat · Barbell",2,60,kg,6,rep,"WarmUp"
11/05/2026,🔹,"Squat · Barbell",3,80,kg,2,rep,"WarmUp"
11/05/2026,🔹,"Squat · Barbell",4,90,kg,6,rep,"Hard"
11/05/2026,🔹,"Squat · Barbell",5,90,kg,6,rep,"Hard"
11/05/2026,🔹,"Squat · Barbell",6,70,kg,6,rep,""
11/05/2026,🏋️‍♂️,"Calf Press · Machine",,,,,,""
11/05/2026,🔹,"Calf Press · Machine",1,405,lb,16,rep,""
11/05/2026,🔹,"Calf Press · Machine",2,405,lb,15,rep,""
11/05/2026,🔹,"Calf Press · Machine",3,405,lb,15,rep,"Hard"
11/05/2026,🏋️‍♂️,"Leg Curl · Machine",,,,,,""
11/05/2026,🔹,"Leg Curl · Machine",1,90,lb,15,rep,""
11/05/2026,🔹,"Leg Curl · Machine",2,120,lb,15,rep,""
11/05/2026,🔹,"Leg Curl · Machine",3,120,lb,12,rep,"Drop"
11/05/2026,🏋️‍♂️,"Machine Crunch",,,,,,""
11/05/2026,🔹,"Machine Crunch",1,140,kg,10,rep,""
11/05/2026,🔹,"Machine Crunch",2,140,kg,9,rep,""
11/05/2026,🔹,"Machine Crunch",3,140,kg,9,rep,""
12/05/2026,📅,,,,,,,"55 min"
12/05/2026,🏋️‍♂️,"Bench Press · Barbell",,,,,,""
12/05/2026,🔹,"Bench Press · Barbell",1,20,kg,6,rep,"WarmUp"
12/05/2026,🔹,"Bench Press · Barbell",2,60,kg,6,rep,"WarmUp"
12/05/2026,🔹,"Bench Press · Barbell",3,80,kg,2,rep,"WarmUp"
12/05/2026,🔹,"Bench Press · Barbell",4,85,kg,5,rep,"Hard"
12/05/2026,🔹,"Bench Press · Barbell",5,85,kg,5,rep,"Hard"
12/05/2026,🔹,"Bench Press · Barbell",6,70,kg,7,rep,""
12/05/2026,🏋️‍♂️,"VAF Ruckeninsulator",,,,,,""
12/05/2026,🔹,"VAF Ruckeninsulator",1,12,kg,13,rep,""
12/05/2026,🔹,"VAF Ruckeninsulator",2,12,kg,13,rep,"Hard"
12/05/2026,🔹,"VAF Ruckeninsulator",3,12,kg,13,rep,"Hard"
12/05/2026,🏋️‍♂️,"Pec Deck · Machine",,,,,,""
12/05/2026,🔹,"Pec Deck · Machine",1,140,lb,12,rep,""
12/05/2026,🔹,"Pec Deck · Machine",2,140,lb,12,rep,""
12/05/2026,🔹,"Pec Deck · Machine",3,140,lb,10,rep,""
12/05/2026,🏋️‍♂️,"Lat Pull Down · Cable",,,,,,""
12/05/2026,🔹,"Lat Pull Down · Cable",1,61,kg,10,rep,""
12/05/2026,🔹,"Lat Pull Down · Cable",2,61,kg,10,rep,""
12/05/2026,🔹,"Lat Pull Down · Cable",3,61,kg,9,rep,""
13/05/2026,📅,,,,,,,"84 min"
13/05/2026,🏋️‍♂️,"Overhead Press · Barbell",,,,,,""
13/05/2026,🔹,"Overhead Press · Barbell",1,20,kg,12,rep,"WarmUp"
13/05/2026,🔹,"Overhead Press · Barbell",2,30,kg,12,rep,""
13/05/2026,🔹,"Overhead Press · Barbell",3,30,kg,12,rep,"Hard"
13/05/2026,🔹,"Overhead Press · Barbell",4,30,kg,10,rep,""
13/05/2026,🏋️‍♂️,"Curl · Barbell",,,,,,""
13/05/2026,🔹,"Curl · Barbell",1,9,kg,15,rep,"WarmUp"
13/05/2026,🔹,"Curl · Barbell",2,19,kg,10,rep,"WarmUp"
13/05/2026,🔹,"Curl · Barbell",3,24,kg,13,rep,""
13/05/2026,🔹,"Curl · Barbell",4,24,kg,12,rep,""
13/05/2026,🔹,"Curl · Barbell",5,24,kg,10,rep,""
13/05/2026,🏋️‍♂️,"Skull crusher",,,,,,""
13/05/2026,🔹,"Skull crusher",1,19,kg,10,rep,"WarmUp"
13/05/2026,🔹,"Skull crusher",2,29,kg,10,rep,""
13/05/2026,🔹,"Skull crusher",3,29,kg,10,rep,"Drop"
13/05/2026,🏋️‍♂️,"Rear Delt",,,,,,""
13/05/2026,🔹,"Rear Delt",1,110,lb,10,rep,""
13/05/2026,🔹,"Rear Delt",2,110,lb,10,rep,""
13/05/2026,🔹,"Rear Delt",3,110,lb,10,rep,"Hard"
13/05/2026,🏋️‍♂️,"Hammer Curl · Dumbbell",,,,,,""
13/05/2026,🔹,"Hammer Curl · Dumbbell",1,12.5,kg,15,rep,""
13/05/2026,🔹,"Hammer Curl · Dumbbell",2,12.5,kg,13,rep,""
13/05/2026,🔹,"Hammer Curl · Dumbbell",3,12.5,kg,13,rep,""
13/05/2026,🏋️‍♂️,"Tricep Extension · Cable",,,,,,""
13/05/2026,🔹,"Tricep Extension · Cable",1,55,lb,14,rep,""
13/05/2026,🔹,"Tricep Extension · Cable",2,55,lb,12,rep,"Drop"
13/05/2026,🔹,"Tricep Extension · Cable",3,55,lb,12,rep,""
14/05/2026,📅,,,,,,,"62 min"
14/05/2026,🏋️‍♂️,"Pull Up",,,,,,""
14/05/2026,🔹,"Pull Up",1,0,kg,8,rep,""
14/05/2026,🔹,"Pull Up",2,0,kg,8,rep,"Hard"
14/05/2026,🔹,"Pull Up",3,0,kg,8,rep,"Hard"
14/05/2026,🔹,"Pull Up",4,0,kg,8,rep,"Hard"
14/05/2026,🔹,"Pull Up",5,0,kg,5,rep,"Hard"
14/05/2026,🔹,"Pull Up",6,0,kg,5,rep,"Hard"
15/05/2026,📅,,,,,,,"71 min"
15/05/2026,🏋️‍♂️,"Incline Bench Press · Barbell",,,,,,""
15/05/2026,🔹,"Incline Bench Press · Barbell",1,20,kg,9,rep,"WarmUp"
15/05/2026,🔹,"Incline Bench Press · Barbell",2,40,kg,8,rep,"WarmUp"
15/05/2026,🔹,"Incline Bench Press · Barbell",3,65,kg,8,rep,"Hard"
15/05/2026,🔹,"Incline Bench Press · Barbell",4,65,kg,8,rep,""
15/05/2026,🔹,"Incline Bench Press · Barbell",5,65,kg,4,rep,""
15/05/2026,🏋️‍♂️,"Romanian Deadlift · Barbell",,,,,,""
15/05/2026,🔹,"Romanian Deadlift · Barbell",1,20,kg,10,rep,"WarmUp"
15/05/2026,🔹,"Romanian Deadlift · Barbell",2,60,kg,12,rep,"WarmUp"
15/05/2026,🔹,"Romanian Deadlift · Barbell",3,80,kg,10,rep,""
15/05/2026,🔹,"Romanian Deadlift · Barbell",4,80,kg,10,rep,""
15/05/2026,🔹,"Romanian Deadlift · Barbell",5,60,kg,6,rep,"WarmUp"
15/05/2026,🏋️‍♂️,"Calf Press · Machine",,,,,,""
15/05/2026,🔹,"Calf Press · Machine",1,405,lb,20,rep,""
15/05/2026,🔹,"Calf Press · Machine",2,405,lb,20,rep,"Drop"
15/05/2026,🔹,"Calf Press · Machine",3,405,lb,20,rep,"Drop"
15/05/2026,🏋️‍♂️,"Leg Press · Machine",,,,,,""
15/05/2026,🔹,"Leg Press · Machine",1,250,lb,10,rep,""
15/05/2026,🔹,"Leg Press · Machine",2,340,lb,7,rep,""
15/05/2026,🔹,"Leg Press · Machine",3,340,lb,7,rep,""
15/05/2026,🔹,"Leg Press · Machine",4,260,lb,8,rep,""
15/05/2026,🏋️‍♂️,"Machine Crunch",,,,,,""
15/05/2026,🔹,"Machine Crunch",1,140,kg,7,rep,""
15/05/2026,🔹,"Machine Crunch",2,140,kg,7,rep,""
15/05/2026,🔹,"Machine Crunch",3,140,kg,7,rep,""
16/05/2026,📅,,,,,,,"94 min"
16/05/2026,🏋️‍♂️,"Tricep Dip",,,,,,""
16/05/2026,🔹,"Tricep Dip",1,0,kg,12,rep,""
16/05/2026,🔹,"Tricep Dip",2,10,kg,12,rep,""
16/05/2026,🔹,"Tricep Dip",3,10,kg,12,rep,""
16/05/2026,🔹,"Tricep Dip",4,0,kg,12,rep,""
16/05/2026,🏋️‍♂️,"Hammer Curl · Dumbbell",,,,,,""
16/05/2026,🔹,"Hammer Curl · Dumbbell",1,12.5,kg,15,rep,""
16/05/2026,🔹,"Hammer Curl · Dumbbell",2,12.5,kg,15,rep,""
16/05/2026,🔹,"Hammer Curl · Dumbbell",3,12.5,kg,10,rep,""
16/05/2026,🏋️‍♂️,"Cable Raise (Freie)",,,,,,""
16/05/2026,🔹,"Cable Raise (Freie)",1,70,lb,13,rep,"Hard"
16/05/2026,🔹,"Cable Raise (Freie)",2,70,lb,13,rep,"Drop"
16/05/2026,🔹,"Cable Raise (Freie)",3,70,lb,13,rep,"Drop"
16/05/2026,🏋️‍♂️,"Standing Cable Triceps extension",,,,,,""
16/05/2026,🔹,"Standing Cable Triceps extension",1,32.5,lb,12,rep,""
16/05/2026,🔹,"Standing Cable Triceps extension",2,32.5,lb,12,rep,"Hard"
16/05/2026,🔹,"Standing Cable Triceps extension",3,32.5,lb,10,rep,"Drop"
16/05/2026,🏋️‍♂️,"Curl · Dumbbell",,,,,,""
16/05/2026,🔹,"Curl · Dumbbell",1,15,kg,12,rep,""
16/05/2026,🔹,"Curl · Dumbbell",2,15,kg,9,rep,""
16/05/2026,🔹,"Curl · Dumbbell",3,15,kg,9,rep,"Hard"
16/05/2026,🏋️‍♂️,"Seated Overhead Press · Dumbbell",,,,,,""
16/05/2026,🔹,"Seated Overhead Press · Dumbbell",1,30,kg,15,rep,""
16/05/2026,🔹,"Seated Overhead Press · Dumbbell",2,30,kg,12,rep,""
16/05/2026,🔹,"Seated Overhead Press · Dumbbell",3,30,kg,10,rep,""
16/05/2026,🏋️‍♂️,"Treadmill",,,,,,""
16/05/2026,🔹,"Treadmill",1,360,sec,0,km,""
25/05/2026,📅,,,,,,,"42 min"
25/05/2026,🏋️‍♂️,"Squat · Barbell",,,,,,""
25/05/2026,🔹,"Squat · Barbell",1,20,kg,6,rep,"WarmUp"
25/05/2026,🔹,"Squat · Barbell",2,60,kg,6,rep,"WarmUp"
25/05/2026,🔹,"Squat · Barbell",3,80,kg,2,rep,"WarmUp"
25/05/2026,🔹,"Squat · Barbell",4,90,kg,6,rep,""
25/05/2026,🔹,"Squat · Barbell",5,90,kg,6,rep,"Hard"
25/05/2026,🔹,"Squat · Barbell",6,70,kg,6,rep,""
25/05/2026,🏋️‍♂️,"Calf Press · Machine",,,,,,""
25/05/2026,🔹,"Calf Press · Machine",1,405,lb,16,rep,"Drop"
25/05/2026,🔹,"Calf Press · Machine",2,405,lb,12,rep,""
25/05/2026,🔹,"Calf Press · Machine",3,405,lb,11,rep,""
25/05/2026,🏋️‍♂️,"Leg Curl · Machine",,,,,,""
25/05/2026,🔹,"Leg Curl · Machine",1,90,lb,15,rep,""
25/05/2026,🔹,"Leg Curl · Machine",2,120,lb,12,rep,"Hard"
25/05/2026,🔹,"Leg Curl · Machine",3,120,lb,12,rep,"Drop"
25/05/2026,🏋️‍♂️,"Machine Crunch",,,,,,""
25/05/2026,🔹,"Machine Crunch",1,140,kg,10,rep,""
25/05/2026,🔹,"Machine Crunch",2,140,kg,10,rep,""
25/05/2026,🔹,"Machine Crunch",3,140,kg,10,rep,""
26/05/2026,📅,,,,,,,"41 min"
26/05/2026,🏋️‍♂️,"Bench Press · Barbell",,,,,,""
26/05/2026,🔹,"Bench Press · Barbell",1,20,kg,6,rep,"WarmUp"
26/05/2026,🔹,"Bench Press · Barbell",2,60,kg,6,rep,"WarmUp"
26/05/2026,🔹,"Bench Press · Barbell",3,80,kg,2,rep,"WarmUp"
26/05/2026,🔹,"Bench Press · Barbell",4,80,kg,6,rep,""
26/05/2026,🔹,"Bench Press · Barbell",5,80,kg,5,rep,""
26/05/2026,🔹,"Bench Press · Barbell",6,70,kg,8,rep,""
26/05/2026,🏋️‍♂️,"VAF Ruckeninsulator",,,,,,""
26/05/2026,🔹,"VAF Ruckeninsulator",1,12,kg,15,rep,""
26/05/2026,🔹,"VAF Ruckeninsulator",2,12,kg,13,rep,""
26/05/2026,🔹,"VAF Ruckeninsulator",3,12,kg,13,rep,""
26/05/2026,🏋️‍♂️,"Pec Deck · Machine",,,,,,""
26/05/2026,🔹,"Pec Deck · Machine",1,140,lb,12,rep,""
26/05/2026,🔹,"Pec Deck · Machine",2,140,lb,12,rep,""
26/05/2026,🔹,"Pec Deck · Machine",3,140,lb,10,rep,""
26/05/2026,🏋️‍♂️,"Lat Pull Down · Cable",,,,,,""
26/05/2026,🔹,"Lat Pull Down · Cable",1,61,kg,10,rep,""
26/05/2026,🔹,"Lat Pull Down · Cable",2,61,kg,10,rep,""
26/05/2026,🔹,"Lat Pull Down · Cable",3,61,kg,10,rep,""
27/05/2026,📅,,,,,,,"84 min"
27/05/2026,🏋️‍♂️,"Overhead Press · Barbell",,,,,,""
27/05/2026,🔹,"Overhead Press · Barbell",1,20,kg,15,rep,"WarmUp"
27/05/2026,🔹,"Overhead Press · Barbell",2,30,kg,15,rep,"Drop"
27/05/2026,🔹,"Overhead Press · Barbell",3,30,kg,10,rep,"Hard"
27/05/2026,🔹,"Overhead Press · Barbell",4,30,kg,10,rep,"Hard"
27/05/2026,🏋️‍♂️,"Curl · Barbell",,,,,,""
27/05/2026,🔹,"Curl · Barbell",1,9,kg,15,rep,"WarmUp"
27/05/2026,🔹,"Curl · Barbell",2,19,kg,10,rep,"WarmUp"
27/05/2026,🔹,"Curl · Barbell",3,24,kg,14,rep,""
27/05/2026,🔹,"Curl · Barbell",4,24,kg,11,rep,""
27/05/2026,🔹,"Curl · Barbell",5,24,kg,10,rep,""
27/05/2026,🏋️‍♂️,"Skull crusher",,,,,,""
27/05/2026,🔹,"Skull crusher",1,19,kg,15,rep,""
27/05/2026,🔹,"Skull crusher",2,19,kg,15,rep,""
27/05/2026,🔹,"Skull crusher",3,19,kg,15,rep,""
27/05/2026,🏋️‍♂️,"Rear Delt",,,,,,""
27/05/2026,🔹,"Rear Delt",1,110,lb,11,rep,""
27/05/2026,🔹,"Rear Delt",2,110,lb,11,rep,""
27/05/2026,🔹,"Rear Delt",3,110,lb,9,rep,""
27/05/2026,🏋️‍♂️,"Hammer Curl · Dumbbell",,,,,,""
27/05/2026,🔹,"Hammer Curl · Dumbbell",1,12.5,kg,15,rep,""
27/05/2026,🔹,"Hammer Curl · Dumbbell",2,12.5,kg,15,rep,""
27/05/2026,🔹,"Hammer Curl · Dumbbell",3,12.5,kg,13,rep,""
27/05/2026,🏋️‍♂️,"Tricep Extension · Cable",,,,,,""
27/05/2026,🔹,"Tricep Extension · Cable",1,55,lb,16,rep,""
27/05/2026,🔹,"Tricep Extension · Cable",2,55,lb,15,rep,""
27/05/2026,🔹,"Tricep Extension · Cable",3,55,lb,12,rep,""
28/05/2026,📅,,,,,,,"48 min"
28/05/2026,🏋️‍♂️,"Romanian Deadlift · Barbell",,,,,,""
28/05/2026,🔹,"Romanian Deadlift · Barbell",1,20,kg,12,rep,"WarmUp"
28/05/2026,🔹,"Romanian Deadlift · Barbell",2,60,kg,12,rep,"WarmUp"
28/05/2026,🔹,"Romanian Deadlift · Barbell",3,80,kg,12,rep,""
28/05/2026,🔹,"Romanian Deadlift · Barbell",4,80,kg,12,rep,""
28/05/2026,🔹,"Romanian Deadlift · Barbell",5,60,kg,6,rep,"WarmUp"
28/05/2026,🏋️‍♂️,"Calf Press · Machine",,,,,,""
28/05/2026,🔹,"Calf Press · Machine",1,405,lb,15,rep,""
28/05/2026,🔹,"Calf Press · Machine",2,405,lb,8,rep,""
28/05/2026,🔹,"Calf Press · Machine",3,305,lb,11,rep,""
28/05/2026,🏋️‍♂️,"Leg Press · Machine",,,,,,""
28/05/2026,🔹,"Leg Press · Machine",1,250,lb,10,rep,""
28/05/2026,🔹,"Leg Press · Machine",2,340,lb,6,rep,""
28/05/2026,🔹,"Leg Press · Machine",3,340,lb,6,rep,""
28/05/2026,🔹,"Leg Press · Machine",4,260,lb,8,rep,""
28/05/2026,🏋️‍♂️,"Machine Crunch",,,,,,""
28/05/2026,🔹,"Machine Crunch",1,140,kg,7,rep,""
28/05/2026,🔹,"Machine Crunch",2,140,kg,7,rep,""
28/05/2026,🔹,"Machine Crunch",3,140,kg,7,rep,""
29/05/2026,📅,,,,,,,"59 min"
29/05/2026,🏋️‍♂️,"Pull Up",,,,,,""
29/05/2026,🔹,"Pull Up",1,-4,kg,12,rep,""
29/05/2026,🔹,"Pull Up",2,-4,kg,10,rep,""
29/05/2026,🔹,"Pull Up",3,-4,kg,8,rep,""
29/05/2026,🔹,"Pull Up",4,-4,kg,7,rep,""
29/05/2026,🏋️‍♂️,"Incline Bench Press · Barbell",,,,,,""
29/05/2026,🔹,"Incline Bench Press · Barbell",1,20,kg,9,rep,"WarmUp"
29/05/2026,🔹,"Incline Bench Press · Barbell",2,60,kg,4,rep,"WarmUp"
29/05/2026,🔹,"Incline Bench Press · Barbell",3,65,kg,8,rep,""
29/05/2026,🔹,"Incline Bench Press · Barbell",4,65,kg,8,rep,""
29/05/2026,🔹,"Incline Bench Press · Barbell",5,60,kg,6,rep,""
29/05/2026,🏋️‍♂️,"VAF Ruckeninsulator",,,,,,""
29/05/2026,🔹,"VAF Ruckeninsulator",1,12,kg,15,rep,""
29/05/2026,🔹,"VAF Ruckeninsulator",2,12,kg,13,rep,"Hard"
29/05/2026,🔹,"VAF Ruckeninsulator",3,12,kg,13,rep,""
29/05/2026,🏋️‍♂️,"Bench Press · Dumbbell",,,,,,""
29/05/2026,🔹,"Bench Press · Dumbbell",1,50,kg,11,rep,""
29/05/2026,🔹,"Bench Press · Dumbbell",2,50,kg,11,rep,""
29/05/2026,🔹,"Bench Press · Dumbbell",3,45,kg,9,rep,""
30/05/2026,📅,,,,,,,"95 min"
30/05/2026,🏋️‍♂️,"Tricep press",,,,,,""
30/05/2026,🔹,"Tricep press",1,110,lb,15,rep,""
30/05/2026,🔹,"Tricep press",2,120,lb,12,rep,""
30/05/2026,🔹,"Tricep press",3,130,lb,9,rep,""
30/05/2026,🔹,"Tricep press",4,130,lb,9,rep,""
30/05/2026,🏋️‍♂️,"Hammer Curl · Dumbbell",,,,,,""
30/05/2026,🔹,"Hammer Curl · Dumbbell",1,15,kg,10,rep,""
30/05/2026,🔹,"Hammer Curl · Dumbbell",2,15,kg,9,rep,""
30/05/2026,🔹,"Hammer Curl · Dumbbell",3,15,kg,8,rep,""
30/05/2026,🏋️‍♂️,"Cable Raise (Adjutable Cable)",,,,,,""
30/05/2026,🔹,"Cable Raise (Adjutable Cable)",1,15,kg,13,rep,"Drop"
30/05/2026,🔹,"Cable Raise (Adjutable Cable)",2,15,kg,12,rep,"Drop"
30/05/2026,🔹,"Cable Raise (Adjutable Cable)",3,15,kg,12,rep,"Drop"
30/05/2026,🏋️‍♂️,"Standing Cable Triceps extension",,,,,,""
30/05/2026,🔹,"Standing Cable Triceps extension",1,32.5,lb,13,rep,""
30/05/2026,🔹,"Standing Cable Triceps extension",2,32.5,lb,12,rep,"Drop"
30/05/2026,🔹,"Standing Cable Triceps extension",3,32.5,lb,10,rep,""
30/05/2026,🏋️‍♂️,"Curl · Dumbbell",,,,,,""
30/05/2026,🔹,"Curl · Dumbbell",1,15,kg,12,rep,""
30/05/2026,🔹,"Curl · Dumbbell",2,15,kg,9,rep,""
30/05/2026,🔹,"Curl · Dumbbell",3,15,kg,9,rep,""
30/05/2026,🏋️‍♂️,"Seated Overhead Press · Dumbbell",,,,,,""
30/05/2026,🔹,"Seated Overhead Press · Dumbbell",1,40,kg,10,rep,""
30/05/2026,🔹,"Seated Overhead Press · Dumbbell",2,40,kg,7,rep,""
30/05/2026,🔹,"Seated Overhead Press · Dumbbell",3,30,kg,10,rep,""
30/05/2026,🏋️‍♂️,"Treadmill",,,,,,""
30/05/2026,🔹,"Treadmill",1,360,sec,0,km,""
01/06/2026,📅,,,,,,,"58 min"
01/06/2026,🏋️‍♂️,"Squat · Barbell",,,,,,""
01/06/2026,🔹,"Squat · Barbell",1,20,kg,7,rep,"WarmUp"
01/06/2026,🔹,"Squat · Barbell",2,60,kg,7,rep,"WarmUp"
01/06/2026,🔹,"Squat · Barbell",3,80,kg,3,rep,"WarmUp"
01/06/2026,🔹,"Squat · Barbell",4,90,kg,6,rep,""
01/06/2026,🔹,"Squat · Barbell",5,90,kg,6,rep,"Hard"
01/06/2026,🔹,"Squat · Barbell",6,70,kg,7,rep,""
01/06/2026,🏋️‍♂️,"Calf Press · Machine",,,,,,""
01/06/2026,🔹,"Calf Press · Machine",1,290,lb,16,rep,""
01/06/2026,🔹,"Calf Press · Machine",2,290,lb,15,rep,"Drop"
01/06/2026,🔹,"Calf Press · Machine",3,290,lb,15,rep,"Drop"
01/06/2026,🏋️‍♂️,"Leg Curl · Machine",,,,,,""
01/06/2026,🔹,"Leg Curl · Machine",1,90,lb,15,rep,""
01/06/2026,🔹,"Leg Curl · Machine",2,120,lb,13,rep,""
01/06/2026,🔹,"Leg Curl · Machine",3,120,lb,9,rep,""
01/06/2026,🏋️‍♂️,"Machine Crunch",,,,,,""
01/06/2026,🔹,"Machine Crunch",1,140,kg,11,rep,""
01/06/2026,🔹,"Machine Crunch",2,140,kg,9,rep,""
01/06/2026,🔹,"Machine Crunch",3,140,kg,8,rep,""
02/06/2026,📅,,,,,,,"71 min"
02/06/2026,🏋️‍♂️,"Bench Press · Barbell",,,,,,""
02/06/2026,🔹,"Bench Press · Barbell",1,20,kg,6,rep,"WarmUp"
02/06/2026,🔹,"Bench Press · Barbell",2,60,kg,6,rep,"WarmUp"
02/06/2026,🔹,"Bench Press · Barbell",3,80,kg,3,rep,"WarmUp"
02/06/2026,🔹,"Bench Press · Barbell",4,85,kg,3,rep,""
02/06/2026,🔹,"Bench Press · Barbell",5,90,kg,3,rep,""
02/06/2026,🔹,"Bench Press · Barbell",6,90,kg,1,rep,""
02/06/2026,🔹,"Bench Press · Barbell",7,95,kg,1,rep,"Drop"
02/06/2026,🏋️‍♂️,"Seated Row · Cable",,,,,,""
02/06/2026,🔹,"Seated Row · Cable",1,61,kg,11,rep,""
02/06/2026,🔹,"Seated Row · Cable",2,61,kg,11,rep,""
02/06/2026,🔹,"Seated Row · Cable",3,61,kg,11,rep,""
02/06/2026,🏋️‍♂️,"Pec Deck · Machine",,,,,,""
02/06/2026,🔹,"Pec Deck · Machine",1,140,lb,13,rep,""
02/06/2026,🔹,"Pec Deck · Machine",2,140,lb,13,rep,""
02/06/2026,🔹,"Pec Deck · Machine",3,140,lb,9,rep,""
02/06/2026,🏋️‍♂️,"Lat Pull Down · Cable",,,,,,""
02/06/2026,🔹,"Lat Pull Down · Cable",1,61,kg,10,rep,""
02/06/2026,🔹,"Lat Pull Down · Cable",2,61,kg,10,rep,""
02/06/2026,🔹,"Lat Pull Down · Cable",3,61,kg,10,rep,""
03/06/2026,📅,,,,,,,"80 min"
03/06/2026,🏋️‍♂️,"Seated Overhead Press · Dumbbell",,,,,,""
03/06/2026,🔹,"Seated Overhead Press · Dumbbell",1,30,kg,12,rep,"WarmUp"
03/06/2026,🔹,"Seated Overhead Press · Dumbbell",2,40,kg,9,rep,""
03/06/2026,🔹,"Seated Overhead Press · Dumbbell",3,40,kg,9,rep,""
03/06/2026,🔹,"Seated Overhead Press · Dumbbell",4,40,kg,9,rep,"Drop"
03/06/2026,🏋️‍♂️,"Curl · Barbell",,,,,,""
03/06/2026,🔹,"Curl · Barbell",1,9,kg,10,rep,"WarmUp"
03/06/2026,🔹,"Curl · Barbell",2,19,kg,10,rep,"WarmUp"
03/06/2026,🔹,"Curl · Barbell",3,24,kg,12,rep,""
03/06/2026,🔹,"Curl · Barbell",4,24,kg,11,rep,""
03/06/2026,🔹,"Curl · Barbell",5,24,kg,9,rep,""
03/06/2026,🏋️‍♂️,"Skull crusher",,,,,,""
03/06/2026,🔹,"Skull crusher",1,24,kg,10,rep,""
03/06/2026,🔹,"Skull crusher",2,24,kg,10,rep,""
03/06/2026,🔹,"Skull crusher",3,24,kg,10,rep,""
03/06/2026,🏋️‍♂️,"Rear Delt",,,,,,""
03/06/2026,🔹,"Rear Delt",1,110,lb,10,rep,""
03/06/2026,🔹,"Rear Delt",2,110,lb,10,rep,""
03/06/2026,🔹,"Rear Delt",3,110,lb,10,rep,"Drop"
03/06/2026,🏋️‍♂️,"Hammer Curl · Dumbbell",,,,,,""
03/06/2026,🔹,"Hammer Curl · Dumbbell",1,15,kg,10,rep,""
03/06/2026,🔹,"Hammer Curl · Dumbbell",2,15,kg,9,rep,""
03/06/2026,🔹,"Hammer Curl · Dumbbell",3,15,kg,9,rep,""
03/06/2026,🏋️‍♂️,"Tricep Extension · Cable",,,,,,""
03/06/2026,🔹,"Tricep Extension · Cable",1,62.5,lb,10,rep,""
03/06/2026,🔹,"Tricep Extension · Cable",2,62.5,lb,9,rep,""
03/06/2026,🔹,"Tricep Extension · Cable",3,55,lb,12,rep,""
04/06/2026,📅,,,,,,,"11 min"
04/06/2026,🏋️‍♂️,"Romanian Deadlift · Barbell",,,,,,""
04/06/2026,🔹,"Romanian Deadlift · Barbell",1,20,kg,12,rep,"WarmUp"
04/06/2026,🔹,"Romanian Deadlift · Barbell",2,60,kg,12,rep,"WarmUp"
04/06/2026,🔹,"Romanian Deadlift · Barbell",3,90,kg,7,rep,""
04/06/2026,🔹,"Romanian Deadlift · Barbell",4,90,kg,7,rep,""
04/06/2026,🔹,"Romanian Deadlift · Barbell",5,90,kg,7,rep,""
04/06/2026,🏋️‍♂️,"Calf Press · Machine",,,,,,""
04/06/2026,🔹,"Calf Press · Machine",1,290,lb,15,rep,""
04/06/2026,🔹,"Calf Press · Machine",2,290,lb,8,rep,""
04/06/2026,🔹,"Calf Press · Machine",3,290,lb,11,rep,""
04/06/2026,🏋️‍♂️,"Leg Press · Machine",,,,,,""
04/06/2026,🔹,"Leg Press · Machine",1,250,lb,10,rep,""
04/06/2026,🔹,"Leg Press · Machine",2,340,lb,6,rep,""
04/06/2026,🔹,"Leg Press · Machine",3,340,lb,6,rep,""
04/06/2026,🔹,"Leg Press · Machine",4,260,lb,8,rep,""
04/06/2026,🏋️‍♂️,"Machine Crunch",,,,,,""
04/06/2026,🔹,"Machine Crunch",1,140,kg,7,rep,""
04/06/2026,🔹,"Machine Crunch",2,140,kg,7,rep,""
04/06/2026,🔹,"Machine Crunch",3,140,kg,7,rep,""
05/06/2026,📅,,,,,,,"0 min"
05/06/2026,🏋️‍♂️,"Pull Up",,,,,,""
05/06/2026,🔹,"Pull Up",1,-4,kg,12,rep,""
05/06/2026,🔹,"Pull Up",2,-4,kg,10,rep,""
05/06/2026,🔹,"Pull Up",3,-4,kg,8,rep,""
05/06/2026,🔹,"Pull Up",4,-4,kg,7,rep,""
05/06/2026,🏋️‍♂️,"Incline Bench Press · Barbell",,,,,,""
05/06/2026,🔹,"Incline Bench Press · Barbell",1,20,kg,9,rep,"WarmUp"
05/06/2026,🔹,"Incline Bench Press · Barbell",2,60,kg,4,rep,"WarmUp"
05/06/2026,🔹,"Incline Bench Press · Barbell",3,65,kg,8,rep,""
05/06/2026,🔹,"Incline Bench Press · Barbell",4,65,kg,8,rep,""
05/06/2026,🔹,"Incline Bench Press · Barbell",5,60,kg,6,rep,""
05/06/2026,🏋️‍♂️,"VAF Ruckeninsulator",,,,,,""
05/06/2026,🔹,"VAF Ruckeninsulator",1,12,kg,15,rep,""
05/06/2026,🔹,"VAF Ruckeninsulator",2,12,kg,13,rep,""
05/06/2026,🔹,"VAF Ruckeninsulator",3,12,kg,13,rep,""
05/06/2026,🏋️‍♂️,"Bench Press · Dumbbell",,,,,,""
05/06/2026,🔹,"Bench Press · Dumbbell",1,50,kg,11,rep,""
05/06/2026,🔹,"Bench Press · Dumbbell",2,50,kg,11,rep,""
05/06/2026,🔹,"Bench Press · Dumbbell",3,45,kg,9,rep,""
07/06/2026,📅,,,,,,,"0 min"
07/06/2026,🏋️‍♂️,"Tricep press",,,,,,""
07/06/2026,🔹,"Tricep press",1,110,lb,15,rep,""
07/06/2026,🔹,"Tricep press",2,120,lb,12,rep,""
07/06/2026,🔹,"Tricep press",3,130,lb,9,rep,""
07/06/2026,🔹,"Tricep press",4,130,lb,9,rep,""
07/06/2026,🏋️‍♂️,"Hammer Curl · Dumbbell",,,,,,""
07/06/2026,🔹,"Hammer Curl · Dumbbell",1,15,kg,10,rep,""
07/06/2026,🔹,"Hammer Curl · Dumbbell",2,15,kg,9,rep,""
07/06/2026,🔹,"Hammer Curl · Dumbbell",3,15,kg,8,rep,""
07/06/2026,🏋️‍♂️,"Cable Raise (Adjutable Cable)",,,,,,""
07/06/2026,🔹,"Cable Raise (Adjutable Cable)",1,15,kg,13,rep,""
07/06/2026,🔹,"Cable Raise (Adjutable Cable)",2,15,kg,12,rep,""
07/06/2026,🔹,"Cable Raise (Adjutable Cable)",3,15,kg,12,rep,""
07/06/2026,🏋️‍♂️,"Standing Cable Triceps extension",,,,,,""
07/06/2026,🔹,"Standing Cable Triceps extension",1,32.5,lb,13,rep,""
07/06/2026,🔹,"Standing Cable Triceps extension",2,32.5,lb,12,rep,""
07/06/2026,🔹,"Standing Cable Triceps extension",3,32.5,lb,10,rep,""
07/06/2026,🏋️‍♂️,"Curl · Dumbbell",,,,,,""
07/06/2026,🔹,"Curl · Dumbbell",1,15,kg,12,rep,""
07/06/2026,🔹,"Curl · Dumbbell",2,15,kg,9,rep,""
07/06/2026,🔹,"Curl · Dumbbell",3,15,kg,9,rep,""
07/06/2026,🏋️‍♂️,"Seated Overhead Press · Dumbbell",,,,,,""
07/06/2026,🔹,"Seated Overhead Press · Dumbbell",1,30,kg,10,rep,""
07/06/2026,🔹,"Seated Overhead Press · Dumbbell",2,40,kg,7,rep,""
07/06/2026,🔹,"Seated Overhead Press · Dumbbell",3,40,kg,10,rep,""
07/06/2026,🏋️‍♂️,"Treadmill",,,,,,""
07/06/2026,🔹,"Treadmill",1,360,sec,0,km,""
08/06/2026,📅,,,,,,,"0 min"
08/06/2026,🏋️‍♂️,"Squat · Barbell",,,,,,""
08/06/2026,🔹,"Squat · Barbell",1,20,kg,7,rep,""
08/06/2026,🔹,"Squat · Barbell",2,60,kg,7,rep,""
08/06/2026,🔹,"Squat · Barbell",3,80,kg,3,rep,""
08/06/2026,🔹,"Squat · Barbell",4,90,kg,6,rep,""
08/06/2026,🔹,"Squat · Barbell",5,90,kg,6,rep,""
08/06/2026,🔹,"Squat · Barbell",6,70,kg,7,rep,""
08/06/2026,🏋️‍♂️,"Calf Press · Machine",,,,,,""
08/06/2026,🔹,"Calf Press · Machine",1,290,lb,16,rep,""
08/06/2026,🔹,"Calf Press · Machine",2,290,lb,15,rep,""
08/06/2026,🔹,"Calf Press · Machine",3,290,lb,15,rep,""
08/06/2026,🏋️‍♂️,"Leg Curl · Machine",,,,,,""
08/06/2026,🔹,"Leg Curl · Machine",1,90,lb,15,rep,""
08/06/2026,🔹,"Leg Curl · Machine",2,120,lb,13,rep,""
08/06/2026,🔹,"Leg Curl · Machine",3,120,lb,9,rep,""
08/06/2026,🏋️‍♂️,"Machine Crunch",,,,,,""
08/06/2026,🔹,"Machine Crunch",1,140,kg,11,rep,""
08/06/2026,🔹,"Machine Crunch",2,140,kg,9,rep,""
08/06/2026,🔹,"Machine Crunch",3,140,kg,8,rep,""
09/06/2026,📅,,,,,,,"26 min"
09/06/2026,🏋️‍♂️,"Bench Press · Barbell",,,,,,""
09/06/2026,🔹,"Bench Press · Barbell",1,20,kg,6,rep,"WarmUp"
09/06/2026,🔹,"Bench Press · Barbell",2,60,kg,6,rep,"WarmUp"
09/06/2026,🔹,"Bench Press · Barbell",3,80,kg,5,rep,""
09/06/2026,🔹,"Bench Press · Barbell",4,80,kg,5,rep,""
09/06/2026,🔹,"Bench Press · Barbell",5,80,kg,5,rep,""
09/06/2026,🏋️‍♂️,"Seated Row · Cable",,,,,,""
09/06/2026,🔹,"Seated Row · Cable",1,61,kg,11,rep,""
09/06/2026,🔹,"Seated Row · Cable",2,61,kg,10,rep,""
09/06/2026,🔹,"Seated Row · Cable",3,61,kg,8,rep,""
09/06/2026,🏋️‍♂️,"Pec Deck · Machine",,,,,,""
09/06/2026,🔹,"Pec Deck · Machine",1,140,lb,15,rep,""
09/06/2026,🔹,"Pec Deck · Machine",2,140,lb,13,rep,""
09/06/2026,🔹,"Pec Deck · Machine",3,140,lb,9,rep,""
09/06/2026,🏋️‍♂️,"Lat Pull Down · Cable",,,,,,""
09/06/2026,🔹,"Lat Pull Down · Cable",1,61,kg,10,rep,""
09/06/2026,🔹,"Lat Pull Down · Cable",2,61,kg,10,rep,""
09/06/2026,🔹,"Lat Pull Down · Cable",3,61,kg,10,rep,""
10/06/2026,📅,,,,,,,"88 min"
10/06/2026,🏋️‍♂️,"Overhead Press · Barbell",,,,,,""
10/06/2026,🔹,"Overhead Press · Barbell",1,20,kg,15,rep,"WarmUp"
10/06/2026,🔹,"Overhead Press · Barbell",2,30,kg,12,rep,"Hard"
10/06/2026,🔹,"Overhead Press · Barbell",3,30,kg,12,rep,"Hard"
10/06/2026,🔹,"Overhead Press · Barbell",4,30,kg,10,rep,"Hard"
10/06/2026,🏋️‍♂️,"Curl · Barbell",,,,,,""
10/06/2026,🔹,"Curl · Barbell",1,9,kg,10,rep,"WarmUp"
10/06/2026,🔹,"Curl · Barbell",2,19,kg,10,rep,"WarmUp"
10/06/2026,🔹,"Curl · Barbell",3,24,kg,12,rep,""
10/06/2026,🔹,"Curl · Barbell",4,24,kg,12,rep,""
10/06/2026,🔹,"Curl · Barbell",5,24,kg,9,rep,""
10/06/2026,🏋️‍♂️,"Skull crusher",,,,,,""
10/06/2026,🔹,"Skull crusher",1,24,kg,11,rep,""
10/06/2026,🔹,"Skull crusher",2,24,kg,11,rep,""
10/06/2026,🔹,"Skull crusher",3,24,kg,9,rep,""
10/06/2026,🏋️‍♂️,"Rear Delt",,,,,,""
10/06/2026,🔹,"Rear Delt",1,110,lb,10,rep,""
10/06/2026,🔹,"Rear Delt",2,110,lb,10,rep,""
10/06/2026,🔹,"Rear Delt",3,110,lb,9,rep,""
10/06/2026,🏋️‍♂️,"Hammer Curl · Dumbbell",,,,,,""
10/06/2026,🔹,"Hammer Curl · Dumbbell",1,15,kg,11,rep,""
10/06/2026,🔹,"Hammer Curl · Dumbbell",2,15,kg,10,rep,""
10/06/2026,🔹,"Hammer Curl · Dumbbell",3,15,kg,7,rep,""
10/06/2026,🏋️‍♂️,"Tricep Extension · Cable",,,,,,""
10/06/2026,🔹,"Tricep Extension · Cable",1,62.5,lb,8,rep,""
10/06/2026,🔹,"Tricep Extension · Cable",2,62.5,lb,8,rep,""
10/06/2026,🔹,"Tricep Extension · Cable",3,55,lb,12,rep,""
11/06/2026,📅,,,,,,,"53 min"
11/06/2026,🏋️‍♂️,"Romanian Deadlift · Barbell",,,,,,""
11/06/2026,🔹,"Romanian Deadlift · Barbell",1,20,kg,9,rep,"WarmUp"
11/06/2026,🔹,"Romanian Deadlift · Barbell",2,60,kg,9,rep,"WarmUp"
11/06/2026,🔹,"Romanian Deadlift · Barbell",3,90,kg,9,rep,""
11/06/2026,🔹,"Romanian Deadlift · Barbell",4,90,kg,9,rep,""
11/06/2026,🔹,"Romanian Deadlift · Barbell",5,80,kg,6,rep,""
11/06/2026,🏋️‍♂️,"Calf Press · Machine",,,,,,""
11/06/2026,🔹,"Calf Press · Machine",1,290,lb,15,rep,""
11/06/2026,🔹,"Calf Press · Machine",2,290,lb,12,rep,""
11/06/2026,🔹,"Calf Press · Machine",3,290,lb,12,rep,""
11/06/2026,🏋️‍♂️,"Leg Press · Machine",,,,,,""
11/06/2026,🔹,"Leg Press · Machine",1,250,lb,9,rep,"WarmUp"
11/06/2026,🔹,"Leg Press · Machine",2,330,lb,9,rep,""
11/06/2026,🔹,"Leg Press · Machine",3,330,lb,9,rep,""
11/06/2026,🔹,"Leg Press · Machine",4,270,lb,9,rep,""
11/06/2026,🏋️‍♂️,"Machine Crunch",,,,,,""
11/06/2026,🔹,"Machine Crunch",1,140,kg,7,rep,""
11/06/2026,🔹,"Machine Crunch",2,140,kg,7,rep,""
11/06/2026,🔹,"Machine Crunch",3,140,kg,7,rep,""
12/06/2026,📅,,,,,,,"45 min"
12/06/2026,🏋️‍♂️,"Lat Pull Down · Cable",,,,,,""
12/06/2026,🔹,"Lat Pull Down · Cable",1,47.5,kg,12,rep,"WarmUp"
12/06/2026,🔹,"Lat Pull Down · Cable",2,61,kg,12,rep,""
12/06/2026,🔹,"Lat Pull Down · Cable",3,61,kg,11,rep,""
12/06/2026,🔹,"Lat Pull Down · Cable",4,61,kg,10,rep,"Hard"
12/06/2026,🏋️‍♂️,"Incline Bench Press · Barbell",,,,,,""
12/06/2026,🔹,"Incline Bench Press · Barbell",1,20,kg,9,rep,"WarmUp"
12/06/2026,🔹,"Incline Bench Press · Barbell",2,60,kg,4,rep,""
12/06/2026,🔹,"Incline Bench Press · Barbell",3,65,kg,9,rep,""
12/06/2026,🔹,"Incline Bench Press · Barbell",4,65,kg,6,rep,""
12/06/2026,🔹,"Incline Bench Press · Barbell",5,65,kg,6,rep,""
12/06/2026,🏋️‍♂️,"VAF Ruckeninsulator",,,,,,""
12/06/2026,🔹,"VAF Ruckeninsulator",1,13,kg,10,rep,""
12/06/2026,🔹,"VAF Ruckeninsulator",2,13,kg,10,rep,""
12/06/2026,🔹,"VAF Ruckeninsulator",3,13,kg,10,rep,""
12/06/2026,🏋️‍♂️,"Bench Press · Dumbbell",,,,,,""
12/06/2026,🔹,"Bench Press · Dumbbell",1,50,kg,11,rep,""
12/06/2026,🔹,"Bench Press · Dumbbell",2,50,kg,11,rep,""
12/06/2026,🔹,"Bench Press · Dumbbell",3,45,kg,9,rep,""
13/06/2026,📅,,,,,,,"86 min"
13/06/2026,🏋️‍♂️,"Tricep Dip",,,,,,""
13/06/2026,🔹,"Tricep Dip",1,0,kg,13,rep,""
13/06/2026,🔹,"Tricep Dip",2,10,kg,10,rep,"Drop"
13/06/2026,🔹,"Tricep Dip",3,10,kg,9,rep,"Hard"
13/06/2026,🔹,"Tricep Dip",4,0,kg,6,rep,""
13/06/2026,🏋️‍♂️,"Hammer Curl · Dumbbell",,,,,,""
13/06/2026,🔹,"Hammer Curl · Dumbbell",1,15,kg,12,rep,""
13/06/2026,🔹,"Hammer Curl · Dumbbell",2,15,kg,8,rep,""
13/06/2026,🔹,"Hammer Curl · Dumbbell",3,15,kg,8,rep,""
13/06/2026,🏋️‍♂️,"Cable Raise (Freie)",,,,,,""
13/06/2026,🔹,"Cable Raise (Freie)",1,70,lb,14,rep,"Drop"
13/06/2026,🔹,"Cable Raise (Freie)",2,70,lb,12,rep,"Drop"
13/06/2026,🔹,"Cable Raise (Freie)",3,70,lb,12,rep,"Drop"
13/06/2026,🏋️‍♂️,"Standing Cable Triceps extension",,,,,,""
13/06/2026,🔹,"Standing Cable Triceps extension",1,32.5,lb,12,rep,"Drop"
13/06/2026,🔹,"Standing Cable Triceps extension",2,32.5,lb,11,rep,"Drop"
13/06/2026,🔹,"Standing Cable Triceps extension",3,32.5,lb,10,rep,""
13/06/2026,🏋️‍♂️,"Curl · Dumbbell",,,,,,""
13/06/2026,🔹,"Curl · Dumbbell",1,15,kg,13,rep,""
13/06/2026,🔹,"Curl · Dumbbell",2,15,kg,9,rep,""
13/06/2026,🔹,"Curl · Dumbbell",3,15,kg,9,rep,""
13/06/2026,🏋️‍♂️,"Overhead Press · Barbell",,,,,,""
13/06/2026,🔹,"Overhead Press · Barbell",1,20,kg,15,rep,"WarmUp"
13/06/2026,🔹,"Overhead Press · Barbell",2,30,kg,9,rep,"Hard"
13/06/2026,🔹,"Overhead Press · Barbell",3,30,kg,8,rep,"Drop"
13/06/2026,🔹,"Overhead Press · Barbell",4,30,kg,10,rep,"Hard"
13/06/2026,🏋️‍♂️,"Treadmill",,,,,,""
13/06/2026,🔹,"Treadmill",1,360,sec,0,km,""
15/06/2026,📅,,,,,,,"34 min"
15/06/2026,🏋️‍♂️,"Squat · Barbell",,,,,,""
15/06/2026,🔹,"Squat · Barbell",1,20,kg,6,rep,"WarmUp"
15/06/2026,🔹,"Squat · Barbell",2,60,kg,6,rep,"WarmUp"
15/06/2026,🔹,"Squat · Barbell",3,80,kg,3,rep,"WarmUp"
15/06/2026,🔹,"Squat · Barbell",4,90,kg,6,rep,""
15/06/2026,🔹,"Squat · Barbell",5,90,kg,6,rep,""
15/06/2026,🔹,"Squat · Barbell",6,80,kg,6,rep,""
15/06/2026,🏋️‍♂️,"Calf Press · Machine",,,,,,""
15/06/2026,🔹,"Calf Press · Machine",1,310,lb,10,rep,""
15/06/2026,🔹,"Calf Press · Machine",2,310,lb,9,rep,""
15/06/2026,🔹,"Calf Press · Machine",3,310,lb,9,rep,""
15/06/2026,🏋️‍♂️,"Leg Curl · Machine",,,,,,""
15/06/2026,🔹,"Leg Curl · Machine",1,90,lb,15,rep,""
15/06/2026,🔹,"Leg Curl · Machine",2,120,lb,13,rep,""
15/06/2026,🔹,"Leg Curl · Machine",3,120,lb,9,rep,""
15/06/2026,🏋️‍♂️,"Machine Crunch",,,,,,""
15/06/2026,🔹,"Machine Crunch",1,140,kg,11,rep,""
15/06/2026,🔹,"Machine Crunch",2,140,kg,9,rep,""
15/06/2026,🔹,"Machine Crunch",3,140,kg,8,rep,""
16/06/2026,📅,,,,,,,"46 min"
16/06/2026,🏋️‍♂️,"Bench Press · Barbell",,,,,,""
16/06/2026,🔹,"Bench Press · Barbell",1,20,kg,6,rep,"WarmUp"
16/06/2026,🔹,"Bench Press · Barbell",2,60,kg,6,rep,"WarmUp"
16/06/2026,🔹,"Bench Press · Barbell",3,80,kg,6,rep,""
16/06/2026,🔹,"Bench Press · Barbell",4,80,kg,6,rep,""
16/06/2026,🔹,"Bench Press · Barbell",5,80,kg,3,rep," (paused)"
16/06/2026,🏋️‍♂️,"Seated Row · Cable",,,,,,""
16/06/2026,🔹,"Seated Row · Cable",1,61,kg,12,rep,""
16/06/2026,🔹,"Seated Row · Cable",2,61,kg,10,rep,""
16/06/2026,🔹,"Seated Row · Cable",3,61,kg,9,rep,""
16/06/2026,🏋️‍♂️,"Pec Deck · Machine",,,,,,""
16/06/2026,🔹,"Pec Deck · Machine",1,140,lb,13,rep,""
16/06/2026,🔹,"Pec Deck · Machine",2,140,lb,11,rep,""
16/06/2026,🔹,"Pec Deck · Machine",3,140,lb,10,rep,""
16/06/2026,🏋️‍♂️,"Lat Pull Down · Cable",,,,,,""
16/06/2026,🔹,"Lat Pull Down · Cable",1,47.5,kg,10,rep,""
16/06/2026,🔹,"Lat Pull Down · Cable",2,61,kg,10,rep,""
16/06/2026,🔹,"Lat Pull Down · Cable",3,61,kg,10,rep,""
17/06/2026,📅,,,,,,,"89 min"
17/06/2026,🏋️‍♂️,"Overhead Press · Barbell",,,,,,""
17/06/2026,🔹,"Overhead Press · Barbell",1,20,kg,15,rep,"WarmUp"
17/06/2026,🔹,"Overhead Press · Barbell",2,30,kg,5,rep,"WarmUp"
17/06/2026,🔹,"Overhead Press · Barbell",3,40,kg,9,rep,"Hard"
17/06/2026,🔹,"Overhead Press · Barbell",4,40,kg,8,rep,"Drop"
17/06/2026,🔹,"Overhead Press · Barbell",5,40,kg,6,rep,""
17/06/2026,🏋️‍♂️,"Curl · Barbell",,,,,,""
17/06/2026,🔹,"Curl · Barbell",1,9,kg,9,rep,"WarmUp"
17/06/2026,🔹,"Curl · Barbell",2,19,kg,9,rep,"WarmUp"
17/06/2026,🔹,"Curl · Barbell",3,24,kg,13,rep,""
17/06/2026,🔹,"Curl · Barbell",4,24,kg,10,rep,""
17/06/2026,🔹,"Curl · Barbell",5,24,kg,9,rep,""
17/06/2026,🏋️‍♂️,"Skull crusher",,,,,,""
17/06/2026,🔹,"Skull crusher",1,24,kg,12,rep,""
17/06/2026,🔹,"Skull crusher",2,24,kg,12,rep,""
17/06/2026,🔹,"Skull crusher",3,24,kg,9,rep,""
17/06/2026,🏋️‍♂️,"Rear Delt",,,,,,""
17/06/2026,🔹,"Rear Delt",1,110,lb,11,rep,""
17/06/2026,🔹,"Rear Delt",2,110,lb,9,rep,""
17/06/2026,🔹,"Rear Delt",3,110,lb,9,rep,""
17/06/2026,🏋️‍♂️,"Hammer Curl · Dumbbell",,,,,,""
17/06/2026,🔹,"Hammer Curl · Dumbbell",1,15,kg,11,rep,""
17/06/2026,🔹,"Hammer Curl · Dumbbell",2,15,kg,9,rep,""
17/06/2026,🔹,"Hammer Curl · Dumbbell",3,15,kg,9,rep,""
17/06/2026,🏋️‍♂️,"Tricep Extension · Cable",,,,,,""
17/06/2026,🔹,"Tricep Extension · Cable",1,62.5,lb,8,rep,""
17/06/2026,🔹,"Tricep Extension · Cable",2,62.5,lb,8,rep,""
17/06/2026,🔹,"Tricep Extension · Cable",3,62.5,lb,8,rep,""
18/06/2026,📅,,,,,,,"62 min"
18/06/2026,🏋️‍♂️,"Romanian Deadlift · Barbell",,,,,,""
18/06/2026,🔹,"Romanian Deadlift · Barbell",1,20,kg,10,rep,"WarmUp"
18/06/2026,🔹,"Romanian Deadlift · Barbell",2,60,kg,10,rep,"WarmUp"
18/06/2026,🔹,"Romanian Deadlift · Barbell",3,90,kg,10,rep,""
18/06/2026,🔹,"Romanian Deadlift · Barbell",4,90,kg,10,rep,""
18/06/2026,🔹,"Romanian Deadlift · Barbell",5,90,kg,6,rep,""
18/06/2026,🏋️‍♂️,"Calf Press · Machine",,,,,,""
18/06/2026,🔹,"Calf Press · Machine",1,310,lb,12,rep,""
18/06/2026,🔹,"Calf Press · Machine",2,310,lb,10,rep,""
18/06/2026,🔹,"Calf Press · Machine",3,310,lb,10,rep,""
18/06/2026,🏋️‍♂️,"Leg Press · Machine",,,,,,""
18/06/2026,🔹,"Leg Press · Machine",1,250,lb,9,rep,"WarmUp"
18/06/2026,🔹,"Leg Press · Machine",2,350,lb,6,rep,""
18/06/2026,🔹,"Leg Press · Machine",3,350,lb,6,rep,""
18/06/2026,🔹,"Leg Press · Machine",4,350,lb,6,rep,""
18/06/2026,🏋️‍♂️,"Machine Crunch",,,,,,""
18/06/2026,🔹,"Machine Crunch",1,140,kg,10,rep,""
18/06/2026,🔹,"Machine Crunch",2,140,kg,10,rep,""
18/06/2026,🔹,"Machine Crunch",3,140,kg,10,rep,""
19/06/2026,📅,,,,,,,"61 min"
19/06/2026,🏋️‍♂️,"Lat Pull Down · Cable",,,,,,""
19/06/2026,🔹,"Lat Pull Down · Cable",1,47.5,kg,9,rep,"WarmUp"
19/06/2026,🔹,"Lat Pull Down · Cable",2,61,kg,12,rep,""
19/06/2026,🔹,"Lat Pull Down · Cable",3,61,kg,12,rep,""
19/06/2026,🔹,"Lat Pull Down · Cable",4,61,kg,10,rep,""
19/06/2026,🏋️‍♂️,"Incline Bench Press · Barbell",,,,,,""
19/06/2026,🔹,"Incline Bench Press · Barbell",1,20,kg,9,rep,"WarmUp"
19/06/2026,🔹,"Incline Bench Press · Barbell",2,60,kg,6,rep,"WarmUp"
19/06/2026,🔹,"Incline Bench Press · Barbell",3,65,kg,9,rep,""
19/06/2026,🔹,"Incline Bench Press · Barbell",4,65,kg,9,rep,""
19/06/2026,🔹,"Incline Bench Press · Barbell",5,65,kg,6,rep,""
19/06/2026,🏋️‍♂️,"VAF Ruckeninsulator",,,,,,""
19/06/2026,🔹,"VAF Ruckeninsulator",1,13,kg,12,rep,""
19/06/2026,🔹,"VAF Ruckeninsulator",2,13,kg,12,rep,"Hard"
19/06/2026,🔹,"VAF Ruckeninsulator",3,13,kg,9,rep,""
19/06/2026,🏋️‍♂️,"Bench Press · Dumbbell",,,,,,""
19/06/2026,🔹,"Bench Press · Dumbbell",1,50,kg,12,rep,""
19/06/2026,🔹,"Bench Press · Dumbbell",2,50,kg,10,rep,""
19/06/2026,🔹,"Bench Press · Dumbbell",3,45,kg,9,rep,""
20/06/2026,📅,,,,,,,"81 min"
20/06/2026,🏋️‍♂️,"Tricep Dip",,,,,,""
20/06/2026,🔹,"Tricep Dip",1,0,kg,12,rep,"WarmUp"
20/06/2026,🔹,"Tricep Dip",2,10,kg,12,rep,"Drop"
20/06/2026,🔹,"Tricep Dip",3,10,kg,9,rep,"Hard"
20/06/2026,🔹,"Tricep Dip",4,0,kg,9,rep,""
20/06/2026,🏋️‍♂️,"Hammer Curl · Dumbbell",,,,,,""
20/06/2026,🔹,"Hammer Curl · Dumbbell",1,15,kg,12,rep,""
20/06/2026,🔹,"Hammer Curl · Dumbbell",2,15,kg,10,rep,""
20/06/2026,🔹,"Hammer Curl · Dumbbell",3,15,kg,9,rep,""
20/06/2026,🏋️‍♂️,"Cable Raise (Freie)",,,,,,""
20/06/2026,🔹,"Cable Raise (Freie)",1,70,lb,15,rep,"Drop"
20/06/2026,🔹,"Cable Raise (Freie)",2,70,lb,13,rep,"Drop"
20/06/2026,🔹,"Cable Raise (Freie)",3,70,lb,13,rep,"Drop"
20/06/2026,🏋️‍♂️,"Standing Cable Triceps extension",,,,,,""
20/06/2026,🔹,"Standing Cable Triceps extension",1,32.5,lb,12,rep,""
20/06/2026,🔹,"Standing Cable Triceps extension",2,32.5,lb,12,rep,""
20/06/2026,🔹,"Standing Cable Triceps extension",3,32.5,lb,12,rep,""
20/06/2026,🏋️‍♂️,"Curl · Dumbbell",,,,,,""
20/06/2026,🔹,"Curl · Dumbbell",1,15,kg,11,rep,""
20/06/2026,🔹,"Curl · Dumbbell",2,15,kg,10,rep,""
20/06/2026,🔹,"Curl · Dumbbell",3,15,kg,9,rep,""
20/06/2026,🏋️‍♂️,"Overhead Press · Barbell",,,,,,""
20/06/2026,🔹,"Overhead Press · Barbell",1,20,kg,15,rep,"WarmUp"
20/06/2026,🔹,"Overhead Press · Barbell",2,30,kg,8,rep,"Drop"
20/06/2026,🔹,"Overhead Press · Barbell",3,30,kg,8,rep,"Hard"
20/06/2026,🔹,"Overhead Press · Barbell",4,30,kg,10,rep,"Hard"
20/06/2026,🏋️‍♂️,"Treadmill",,,,,,""
20/06/2026,🔹,"Treadmill",1,360,sec,0,km,""
22/06/2026,📅,,,,,,,"41 min"
22/06/2026,🏋️‍♂️,"Squat · Barbell",,,,,,""
22/06/2026,🔹,"Squat · Barbell",1,20,kg,6,rep,"WarmUp"
22/06/2026,🔹,"Squat · Barbell",2,60,kg,6,rep,"WarmUp"
22/06/2026,🔹,"Squat · Barbell",3,80,kg,3,rep,"WarmUp"
22/06/2026,🔹,"Squat · Barbell",4,95,kg,3,rep,""
22/06/2026,🔹,"Squat · Barbell",5,90,kg,6,rep,""
22/06/2026,🔹,"Squat · Barbell",6,80,kg,5,rep,""
22/06/2026,🏋️‍♂️,"Calf Press · Machine",,,,,,""
22/06/2026,🔹,"Calf Press · Machine",1,310,lb,10,rep,""
22/06/2026,🔹,"Calf Press · Machine",2,310,lb,9,rep,""
22/06/2026,🔹,"Calf Press · Machine",3,310,lb,9,rep,""
22/06/2026,🏋️‍♂️,"Leg Curl · Machine",,,,,,""
22/06/2026,🔹,"Leg Curl · Machine",1,100,lb,9,rep,"WarmUp"
22/06/2026,🔹,"Leg Curl · Machine",2,120,lb,15,rep,""
22/06/2026,🔹,"Leg Curl · Machine",3,120,lb,9,rep,""
22/06/2026,🏋️‍♂️,"Machine Crunch",,,,,,""
22/06/2026,🔹,"Machine Crunch",1,140,kg,12,rep,""
22/06/2026,🔹,"Machine Crunch",2,140,kg,12,rep,""
22/06/2026,🔹,"Machine Crunch",3,140,kg,8,rep,""
23/06/2026,📅,,,,,,,"54 min"
23/06/2026,🏋️‍♂️,"Bench Press · Barbell",,,,,,""
23/06/2026,🔹,"Bench Press · Barbell",1,20,kg,6,rep,"WarmUp"
23/06/2026,🔹,"Bench Press · Barbell",2,60,kg,6,rep,"WarmUp"
23/06/2026,🔹,"Bench Press · Barbell",3,80,kg,3,rep,"WarmUp"
23/06/2026,🔹,"Bench Press · Barbell",4,85,kg,5,rep,""
23/06/2026,🔹,"Bench Press · Barbell",5,85,kg,5,rep,""
23/06/2026,🔹,"Bench Press · Barbell",6,80,kg,5,rep," (paused)"
23/06/2026,🏋️‍♂️,"Seated Row · Cable",,,,,,""
23/06/2026,🔹,"Seated Row · Cable",1,61,kg,12,rep,""
23/06/2026,🔹,"Seated Row · Cable",2,61,kg,11,rep,""
23/06/2026,🔹,"Seated Row · Cable",3,61,kg,10,rep,""
23/06/2026,🏋️‍♂️,"Pec Deck · Machine",,,,,,""
23/06/2026,🔹,"Pec Deck · Machine",1,140,lb,13,rep,""
23/06/2026,🔹,"Pec Deck · Machine",2,140,lb,9,rep,""
23/06/2026,🔹,"Pec Deck · Machine",3,140,lb,9,rep,""
23/06/2026,🏋️‍♂️,"Lat Pull Down · Cable",,,,,,""
23/06/2026,🔹,"Lat Pull Down · Cable",1,61,kg,13,rep,""
23/06/2026,🔹,"Lat Pull Down · Cable",2,61,kg,10,rep,""
23/06/2026,🔹,"Lat Pull Down · Cable",3,61,kg,12,rep,""
24/06/2026,📅,,,,,,,"78 min"
24/06/2026,🏋️‍♂️,"Overhead Press · Barbell",,,,,,""
24/06/2026,🔹,"Overhead Press · Barbell",1,20,kg,15,rep,"WarmUp"
24/06/2026,🔹,"Overhead Press · Barbell",2,30,kg,5,rep,"WarmUp"
24/06/2026,🔹,"Overhead Press · Barbell",3,40,kg,10,rep,"Hard"
24/06/2026,🔹,"Overhead Press · Barbell",4,40,kg,8,rep,"Drop"
24/06/2026,🔹,"Overhead Press · Barbell",5,40,kg,6,rep,""
24/06/2026,🏋️‍♂️,"Curl · Barbell",,,,,,""
24/06/2026,🔹,"Curl · Barbell",1,19,kg,9,rep,"WarmUp"
24/06/2026,🔹,"Curl · Barbell",2,24,kg,13,rep,""
24/06/2026,🔹,"Curl · Barbell",3,24,kg,12,rep,""
24/06/2026,🔹,"Curl · Barbell",4,24,kg,9,rep,""
24/06/2026,🏋️‍♂️,"Skull crusher",,,,,,""
24/06/2026,🔹,"Skull crusher",1,24,kg,13,rep,""
24/06/2026,🔹,"Skull crusher",2,24,kg,11,rep,""
24/06/2026,🔹,"Skull crusher",3,24,kg,9,rep,""
24/06/2026,🏋️‍♂️,"Rear Delt",,,,,,""
24/06/2026,🔹,"Rear Delt",1,110,lb,12,rep,""
24/06/2026,🔹,"Rear Delt",2,110,lb,11,rep,""
24/06/2026,🔹,"Rear Delt",3,110,lb,10,rep,"Drop"
24/06/2026,🏋️‍♂️,"Hammer Curl · Dumbbell",,,,,,""
24/06/2026,🔹,"Hammer Curl · Dumbbell",1,15,kg,10,rep,""
24/06/2026,🔹,"Hammer Curl · Dumbbell",2,15,kg,9,rep,""
24/06/2026,🔹,"Hammer Curl · Dumbbell",3,15,kg,9,rep,""
24/06/2026,🏋️‍♂️,"Tricep Extension · Cable",,,,,,""
24/06/2026,🔹,"Tricep Extension · Cable",1,62.5,lb,9,rep,""
24/06/2026,🔹,"Tricep Extension · Cable",2,62.5,lb,10,rep,""
24/06/2026,🔹,"Tricep Extension · Cable",3,62.5,lb,10,rep,""
25/06/2026,📅,,,,,,,"48 min"
25/06/2026,🏋️‍♂️,"Romanian Deadlift · Barbell",,,,,,""
25/06/2026,🔹,"Romanian Deadlift · Barbell",1,20,kg,10,rep,"WarmUp"
25/06/2026,🔹,"Romanian Deadlift · Barbell",2,60,kg,6,rep,"WarmUp"
25/06/2026,🔹,"Romanian Deadlift · Barbell",3,90,kg,11,rep,""
25/06/2026,🔹,"Romanian Deadlift · Barbell",4,90,kg,9,rep,""
25/06/2026,🔹,"Romanian Deadlift · Barbell",5,90,kg,6,rep," (prox settimana fai pausato 123 e spingi con le gambe indietro)"
25/06/2026,🏋️‍♂️,"Calf Press · Machine",,,,,,""
25/06/2026,🔹,"Calf Press · Machine",1,310,lb,11,rep,""
25/06/2026,🔹,"Calf Press · Machine",2,310,lb,10,rep,""
25/06/2026,🔹,"Calf Press · Machine",3,310,lb,9,rep,""
25/06/2026,🏋️‍♂️,"Leg Press · Machine",,,,,,""
25/06/2026,🔹,"Leg Press · Machine",1,250,lb,9,rep,"WarmUp"
25/06/2026,🔹,"Leg Press · Machine",2,350,lb,8,rep,""
25/06/2026,🔹,"Leg Press · Machine",3,350,lb,7,rep,""
25/06/2026,🔹,"Leg Press · Machine",4,350,lb,6,rep,""
25/06/2026,🏋️‍♂️,"Machine Crunch",,,,,,""
25/06/2026,🔹,"Machine Crunch",1,140,kg,10,rep,""
25/06/2026,🔹,"Machine Crunch",2,140,kg,10,rep,""
25/06/2026,🔹,"Machine Crunch",3,140,kg,10,rep,""
26/06/2026,📅,,,,,,,"48 min"
26/06/2026,🏋️‍♂️,"Lat Pull Down · Cable",,,,,,""
26/06/2026,🔹,"Lat Pull Down · Cable",1,47.5,kg,9,rep,"WarmUp"
26/06/2026,🔹,"Lat Pull Down · Cable",2,68,kg,9,rep,""
26/06/2026,🔹,"Lat Pull Down · Cable",3,68,kg,9,rep,""
26/06/2026,🔹,"Lat Pull Down · Cable",4,68,kg,9,rep,""
26/06/2026,🏋️‍♂️,"Incline Bench Press · Barbell",,,,,,""
26/06/2026,🔹,"Incline Bench Press · Barbell",1,20,kg,9,rep,"WarmUp"
26/06/2026,🔹,"Incline Bench Press · Barbell",2,60,kg,6,rep,"WarmUp"
26/06/2026,🔹,"Incline Bench Press · Barbell",3,65,kg,9,rep,""
26/06/2026,🔹,"Incline Bench Press · Barbell",4,65,kg,8,rep,""
26/06/2026,🔹,"Incline Bench Press · Barbell",5,65,kg,6,rep,""
26/06/2026,🏋️‍♂️,"VAF Ruckeninsulator",,,,,,""
26/06/2026,🔹,"VAF Ruckeninsulator",1,13,kg,13,rep,""
26/06/2026,🔹,"VAF Ruckeninsulator",2,13,kg,13,rep,"Drop"
26/06/2026,🔹,"VAF Ruckeninsulator",3,13,kg,9,rep,""
26/06/2026,🏋️‍♂️,"Bench Press · Dumbbell",,,,,,""
26/06/2026,🔹,"Bench Press · Dumbbell",1,50,kg,12,rep,""
26/06/2026,🔹,"Bench Press · Dumbbell",2,50,kg,10,rep,""
26/06/2026,🔹,"Bench Press · Dumbbell",3,45,kg,9,rep,""
27/06/2026,📅,,,,,,,"95 min"
27/06/2026,🏋️‍♂️,"Tricep Dip",,,,,,""
27/06/2026,🔹,"Tricep Dip",1,0,kg,12,rep,"WarmUp"
27/06/2026,🔹,"Tricep Dip",2,10,kg,12,rep,"Hard"
27/06/2026,🔹,"Tricep Dip",3,10,kg,12,rep,"Drop"
27/06/2026,🔹,"Tricep Dip",4,0,kg,9,rep,""
27/06/2026,🏋️‍♂️,"Hammer Curl · Dumbbell",,,,,,""
27/06/2026,🔹,"Hammer Curl · Dumbbell",1,15,kg,12,rep,""
27/06/2026,🔹,"Hammer Curl · Dumbbell",2,15,kg,10,rep,""
27/06/2026,🔹,"Hammer Curl · Dumbbell",3,15,kg,9,rep,""
27/06/2026,🏋️‍♂️,"Cable Raise (Freie)",,,,,,""
27/06/2026,🔹,"Cable Raise (Freie)",1,70,lb,15,rep,"Hard"
27/06/2026,🔹,"Cable Raise (Freie)",2,70,lb,14,rep,"Drop"
27/06/2026,🔹,"Cable Raise (Freie)",3,70,lb,13,rep,"Drop"
27/06/2026,🏋️‍♂️,"Standing Cable Triceps extension",,,,,,""
27/06/2026,🔹,"Standing Cable Triceps extension",1,32.5,lb,15,rep,""
27/06/2026,🔹,"Standing Cable Triceps extension",2,32.5,lb,13,rep,""
27/06/2026,🔹,"Standing Cable Triceps extension",3,32.5,lb,12,rep,""
27/06/2026,🏋️‍♂️,"Curl · Dumbbell",,,,,,""
27/06/2026,🔹,"Curl · Dumbbell",1,15,kg,11,rep,""
27/06/2026,🔹,"Curl · Dumbbell",2,15,kg,10,rep,""
27/06/2026,🔹,"Curl · Dumbbell",3,15,kg,9,rep,""
27/06/2026,🏋️‍♂️,"Overhead Press · Barbell",,,,,,""
27/06/2026,🔹,"Overhead Press · Barbell",1,20,kg,9,rep,"WarmUp"
27/06/2026,🔹,"Overhead Press · Barbell",2,30,kg,10,rep,""
27/06/2026,🔹,"Overhead Press · Barbell",3,30,kg,10,rep,""
27/06/2026,🔹,"Overhead Press · Barbell",4,30,kg,9,rep,"Hard"
27/06/2026,🏋️‍♂️,"Treadmill",,,,,,""
27/06/2026,🔹,"Treadmill",1,360,sec,0,km,""
29/06/2026,📅,,,,,,,"46 min"
29/06/2026,🏋️‍♂️,"Squat · Barbell",,,,,,""
29/06/2026,🔹,"Squat · Barbell",1,20,kg,9,rep,"WarmUp"
29/06/2026,🔹,"Squat · Barbell",2,60,kg,9,rep,"WarmUp"
29/06/2026,🔹,"Squat · Barbell",3,80,kg,3,rep,"WarmUp"
29/06/2026,🔹,"Squat · Barbell",4,90,kg,7,rep,""
29/06/2026,🔹,"Squat · Barbell",5,90,kg,6,rep,""
29/06/2026,🔹,"Squat · Barbell",6,90,kg,5,rep,""
29/06/2026,🏋️‍♂️,"Calf Press · Machine",,,,,,""
29/06/2026,🔹,"Calf Press · Machine",1,310,lb,10,rep,""
29/06/2026,🔹,"Calf Press · Machine",2,310,lb,9,rep,""
29/06/2026,🔹,"Calf Press · Machine",3,310,lb,9,rep,""
29/06/2026,🏋️‍♂️,"Leg Curl · Machine",,,,,,""
29/06/2026,🔹,"Leg Curl · Machine",1,100,lb,9,rep,""
29/06/2026,🔹,"Leg Curl · Machine",2,120,lb,15,rep,""
29/06/2026,🔹,"Leg Curl · Machine",3,120,lb,10,rep,""
29/06/2026,🏋️‍♂️,"Machine Crunch",,,,,,""
29/06/2026,🔹,"Machine Crunch",1,140,kg,13,rep,""
29/06/2026,🔹,"Machine Crunch",2,140,kg,12,rep,""
29/06/2026,🔹,"Machine Crunch",3,140,kg,8,rep,""
30/06/2026,📅,,,,,,,"53 min"
30/06/2026,🏋️‍♂️,"Bench Press · Barbell",,,,,,""
30/06/2026,🔹,"Bench Press · Barbell",1,20,kg,6,rep,"WarmUp"
30/06/2026,🔹,"Bench Press · Barbell",2,60,kg,6,rep,"WarmUp"
30/06/2026,🔹,"Bench Press · Barbell",3,80,kg,3,rep,"WarmUp"
30/06/2026,🔹,"Bench Press · Barbell",4,85,kg,6,rep,""
30/06/2026,🔹,"Bench Press · Barbell",5,85,kg,4,rep,""
30/06/2026,🔹,"Bench Press · Barbell",6,80,kg,3,rep," (paused)"
30/06/2026,🏋️‍♂️,"Seated Row · Cable",,,,,,""
30/06/2026,🔹,"Seated Row · Cable",1,61,kg,12,rep,""
30/06/2026,🔹,"Seated Row · Cable",2,61,kg,12,rep,""
30/06/2026,🔹,"Seated Row · Cable",3,61,kg,6,rep,""
30/06/2026,🏋️‍♂️,"Pec Deck · Machine",,,,,,""
30/06/2026,🔹,"Pec Deck · Machine",1,140,lb,15,rep,""
30/06/2026,🔹,"Pec Deck · Machine",2,140,lb,12,rep,"Hard"
30/06/2026,🔹,"Pec Deck · Machine",3,140,lb,9,rep,""
30/06/2026,🏋️‍♂️,"Lat Pull Down · Cable",,,,,,""
30/06/2026,🔹,"Lat Pull Down · Cable",1,68,kg,9,rep,""
30/06/2026,🔹,"Lat Pull Down · Cable",2,68,kg,9,rep,""
30/06/2026,🔹,"Lat Pull Down · Cable",3,68,kg,9,rep,""
01/07/2026,📅,,,,,,,"87 min"
01/07/2026,🏋️‍♂️,"Overhead Press · Barbell",,,,,,""
01/07/2026,🔹,"Overhead Press · Barbell",1,20,kg,12,rep,"WarmUp"
01/07/2026,🔹,"Overhead Press · Barbell",2,30,kg,6,rep,"WarmUp"
01/07/2026,🔹,"Overhead Press · Barbell",3,40,kg,12,rep,"Hard"
01/07/2026,🔹,"Overhead Press · Barbell",4,40,kg,8,rep,"Hard"
01/07/2026,🔹,"Overhead Press · Barbell",5,40,kg,6,rep,""
01/07/2026,🏋️‍♂️,"Curl · Barbell",,,,,,""
01/07/2026,🔹,"Curl · Barbell",1,19,kg,9,rep,"WarmUp"
01/07/2026,🔹,"Curl · Barbell",2,24,kg,15,rep,""
01/07/2026,🔹,"Curl · Barbell",3,24,kg,11,rep,""
01/07/2026,🔹,"Curl · Barbell",4,24,kg,10,rep,""
01/07/2026,🏋️‍♂️,"Skull crusher",,,,,,""
01/07/2026,🔹,"Skull crusher",1,24,kg,15,rep,""
01/07/2026,🔹,"Skull crusher",2,24,kg,13,rep,""
01/07/2026,🔹,"Skull crusher",3,24,kg,10,rep,""
01/07/2026,🏋️‍♂️,"Rear Delt",,,,,,""
01/07/2026,🔹,"Rear Delt",1,110,lb,12,rep,""
01/07/2026,🔹,"Rear Delt",2,110,lb,12,rep,""
01/07/2026,🔹,"Rear Delt",3,110,lb,11,rep,"Drop"
01/07/2026,🏋️‍♂️,"Hammer Curl · Dumbbell",,,,,,""
01/07/2026,🔹,"Hammer Curl · Dumbbell",1,15,kg,10,rep,""
01/07/2026,🔹,"Hammer Curl · Dumbbell",2,15,kg,9,rep,""
01/07/2026,🔹,"Hammer Curl · Dumbbell",3,15,kg,9,rep,""
01/07/2026,🏋️‍♂️,"Tricep Extension · Cable",,,,,,""
01/07/2026,🔹,"Tricep Extension · Cable",1,62.5,lb,10,rep,""
01/07/2026,🔹,"Tricep Extension · Cable",2,62.5,lb,10,rep,""
01/07/2026,🔹,"Tricep Extension · Cable",3,62.5,lb,9,rep,""
02/07/2026,📅,,,,,,,"54 min"
02/07/2026,🏋️‍♂️,"Romanian Deadlift · Barbell",,,,,,""
02/07/2026,🔹,"Romanian Deadlift · Barbell",1,20,kg,10,rep,"WarmUp"
02/07/2026,🔹,"Romanian Deadlift · Barbell",2,60,kg,6,rep,"WarmUp"
02/07/2026,🔹,"Romanian Deadlift · Barbell",3,90,kg,6,rep,""
02/07/2026,🔹,"Romanian Deadlift · Barbell",4,90,kg,6,rep,""
02/07/2026,🔹,"Romanian Deadlift · Barbell",5,90,kg,6,rep," (prox settimana fai pausato 123 e spingi con le gambe indietro)"
02/07/2026,🏋️‍♂️,"Calf Press · Machine",,,,,,""
02/07/2026,🔹,"Calf Press · Machine",1,310,lb,12,rep,""
02/07/2026,🔹,"Calf Press · Machine",2,310,lb,10,rep,""
02/07/2026,🔹,"Calf Press · Machine",3,310,lb,9,rep,""
02/07/2026,🏋️‍♂️,"cybex leg press",,,,,,""
02/07/2026,🔹,"cybex leg press",1,250,kg,10,rep,"WarmUp"
02/07/2026,🔹,"cybex leg press",2,330,kg,10,rep,""
02/07/2026,🔹,"cybex leg press",3,330,kg,10,rep,""
02/07/2026,🔹,"cybex leg press",4,330,kg,1,rep,""
02/07/2026,🏋️‍♂️,"Machine Crunch",,,,,,""
02/07/2026,🔹,"Machine Crunch",1,140,kg,13,rep,""
02/07/2026,🔹,"Machine Crunch",2,140,kg,12,rep,""
02/07/2026,🔹,"Machine Crunch",3,140,kg,9,rep,""
03/07/2026,📅,,,,,,,"42 min"
03/07/2026,🏋️‍♂️,"Lat Pull Down · Cable",,,,,,""
03/07/2026,🔹,"Lat Pull Down · Cable",1,47.5,kg,10,rep,"WarmUp"
03/07/2026,🔹,"Lat Pull Down · Cable",2,68,kg,10,rep,""
03/07/2026,🔹,"Lat Pull Down · Cable",3,68,kg,9,rep,"Hard"
03/07/2026,🔹,"Lat Pull Down · Cable",4,68,kg,7,rep,""
03/07/2026,🏋️‍♂️,"Incline Bench Press · Barbell",,,,,,""
03/07/2026,🔹,"Incline Bench Press · Barbell",1,20,kg,9,rep,"WarmUp"
03/07/2026,🔹,"Incline Bench Press · Barbell",2,60,kg,6,rep,"WarmUp"
03/07/2026,🔹,"Incline Bench Press · Barbell",3,65,kg,9,rep,""
03/07/2026,🔹,"Incline Bench Press · Barbell",4,65,kg,9,rep,""
03/07/2026,🔹,"Incline Bench Press · Barbell",5,65,kg,6,rep,""
03/07/2026,🏋️‍♂️,"VAF Ruckeninsulator",,,,,,""
03/07/2026,🔹,"VAF Ruckeninsulator",1,13,kg,14,rep,""
03/07/2026,🔹,"VAF Ruckeninsulator",2,13,kg,14,rep,"Drop"
03/07/2026,🔹,"VAF Ruckeninsulator",3,13,kg,9,rep,""
03/07/2026,🏋️‍♂️,"Bench Press · Dumbbell",,,,,,""
03/07/2026,🔹,"Bench Press · Dumbbell",1,50,kg,12,rep,""
03/07/2026,🔹,"Bench Press · Dumbbell",2,50,kg,10,rep,""
03/07/2026,🔹,"Bench Press · Dumbbell",3,45,kg,9,rep,""
04/07/2026,📅,,,,,,,"77 min"
04/07/2026,🏋️‍♂️,"Tricep Dip",,,,,,""
04/07/2026,🔹,"Tricep Dip",1,0,kg,12,rep,""
04/07/2026,🔹,"Tricep Dip",2,10,kg,9,rep,"Drop (pausati)"
04/07/2026,🔹,"Tricep Dip",3,10,kg,9,rep,"Drop (pausato)"
04/07/2026,🔹,"Tricep Dip",4,0,kg,9,rep,""
04/07/2026,🏋️‍♂️,"steaded hammer",,,,,,""
04/07/2026,🔹,"steaded hammer",1,12.5,kg,12,rep,""
04/07/2026,🔹,"steaded hammer",2,12.5,kg,12,rep,""
04/07/2026,🔹,"steaded hammer",3,12.5,kg,12,rep,""
04/07/2026,🏋️‍♂️,"Cable Raise (Freie)",,,,,,""
04/07/2026,🔹,"Cable Raise (Freie)",1,70,lb,15,rep,""
04/07/2026,🔹,"Cable Raise (Freie)",2,70,lb,15,rep,"Hard"
04/07/2026,🔹,"Cable Raise (Freie)",3,70,lb,13,rep,"Drop"
04/07/2026,🏋️‍♂️,"Standing Cable Triceps extension",,,,,,""
04/07/2026,🔹,"Standing Cable Triceps extension",1,32.5,lb,15,rep,"Drop"
04/07/2026,🔹,"Standing Cable Triceps extension",2,32.5,lb,12,rep,"Hard"
04/07/2026,🔹,"Standing Cable Triceps extension",3,32.5,lb,12,rep,""
04/07/2026,🏋️‍♂️,"Curl · Dumbbell",,,,,,""
04/07/2026,🔹,"Curl · Dumbbell",1,15,kg,11,rep,""
04/07/2026,🔹,"Curl · Dumbbell",2,15,kg,10,rep,""
04/07/2026,🔹,"Curl · Dumbbell",3,15,kg,9,rep,""
04/07/2026,🏋️‍♂️,"seated curl",,,,,,""
04/07/2026,🔹,"seated curl",1,12.5,kg,10,rep,""
04/07/2026,🔹,"seated curl",2,12.5,kg,10,rep,""
04/07/2026,🔹,"seated curl",3,12.5,kg,10,rep,""
04/07/2026,🏋️‍♂️,"Overhead Press · Barbell",,,,,,""
04/07/2026,🔹,"Overhead Press · Barbell",1,20,kg,9,rep,"WarmUp"
04/07/2026,🔹,"Overhead Press · Barbell",2,30,kg,6,rep,"WarmUp"
04/07/2026,🔹,"Overhead Press · Barbell",3,40,kg,5,rep,""
04/07/2026,🔹,"Overhead Press · Barbell",4,40,kg,6,rep,"Drop"
04/07/2026,🔹,"Overhead Press · Barbell",5,40,kg,6,rep,""
04/07/2026,🏋️‍♂️,"Treadmill",,,,,,""
04/07/2026,🔹,"Treadmill",1,360,sec,0,km,""
06/07/2026,📅,,,,,,,"28 min"
06/07/2026,🏋️‍♂️,"Squat · Barbell",,,,,,""
06/07/2026,🔹,"Squat · Barbell",1,20,kg,9,rep,"WarmUp"
06/07/2026,🔹,"Squat · Barbell",2,60,kg,8,rep,"WarmUp"
06/07/2026,🔹,"Squat · Barbell",3,80,kg,4,rep,"WarmUp"
06/07/2026,🔹,"Squat · Barbell",4,90,kg,8,rep,""
06/07/2026,🔹,"Squat · Barbell",5,90,kg,8,rep,""
06/07/2026,🔹,"Squat · Barbell",6,90,kg,4,rep,""
06/07/2026,🏋️‍♂️,"Calf Press · Machine",,,,,,""
06/07/2026,🔹,"Calf Press · Machine",1,310,lb,12,rep,""
06/07/2026,🔹,"Calf Press · Machine",2,310,lb,12,rep,"Drop"
06/07/2026,🔹,"Calf Press · Machine",3,310,lb,9,rep,""
06/07/2026,🏋️‍♂️,"Leg Curl · Machine",,,,,,""
06/07/2026,🔹,"Leg Curl · Machine",1,100,lb,9,rep,""
06/07/2026,🔹,"Leg Curl · Machine",2,120,lb,15,rep,""
06/07/2026,🔹,"Leg Curl · Machine",3,120,lb,10,rep,""
06/07/2026,🏋️‍♂️,"Machine Crunch",,,,,,""
06/07/2026,🔹,"Machine Crunch",1,140,kg,13,rep,""
06/07/2026,🔹,"Machine Crunch",2,140,kg,12,rep,""
06/07/2026,🔹,"Machine Crunch",3,140,kg,8,rep,""
07/07/2026,📅,,,,,,,"51 min"
07/07/2026,🏋️‍♂️,"Bench Press · Barbell",,,,,,""
07/07/2026,🔹,"Bench Press · Barbell",1,20,kg,6,rep,"WarmUp"
07/07/2026,🔹,"Bench Press · Barbell",2,60,kg,6,rep,"WarmUp"
07/07/2026,🔹,"Bench Press · Barbell",3,80,kg,3,rep,"WarmUp"
07/07/2026,🔹,"Bench Press · Barbell",4,85,kg,5,rep,""
07/07/2026,🔹,"Bench Press · Barbell",5,80,kg,6,rep,""
07/07/2026,🔹,"Bench Press · Barbell",6,80,kg,5,rep," (paused)"
07/07/2026,🔹,"Bench Press · Barbell",7,80,kg,4,rep," (paused)"
07/07/2026,🏋️‍♂️,"VAF Ruckeninsulator",,,,,,""
07/07/2026,🔹,"VAF Ruckeninsulator",1,13,kg,15,rep,""
07/07/2026,🔹,"VAF Ruckeninsulator",2,13,kg,14,rep,"Drop"
07/07/2026,🔹,"VAF Ruckeninsulator",3,13,kg,10,rep,""
07/07/2026,🏋️‍♂️,"Incline Bench Machine ",,,,,,""
07/07/2026,🔹,"Incline Bench Machine ",1,130,kg,12,rep,""
07/07/2026,🔹,"Incline Bench Machine ",2,120,kg,8,rep,""
07/07/2026,🔹,"Incline Bench Machine ",3,120,kg,6,rep,""
07/07/2026,🏋️‍♂️,"Lat Pull Down · Cable",,,,,,""
07/07/2026,🔹,"Lat Pull Down · Cable",1,68,kg,9,rep,""
07/07/2026,🔹,"Lat Pull Down · Cable",2,68,kg,9,rep,""
07/07/2026,🔹,"Lat Pull Down · Cable",3,68,kg,9,rep,""
08/07/2026,📅,,,,,,,"73 min"
08/07/2026,🏋️‍♂️,"Overhead Press · Barbell",,,,,,""
08/07/2026,🔹,"Overhead Press · Barbell",1,20,kg,6,rep,"WarmUp"
08/07/2026,🔹,"Overhead Press · Barbell",2,30,kg,6,rep,"WarmUp"
08/07/2026,🔹,"Overhead Press · Barbell",3,40,kg,8,rep,"Hard"
08/07/2026,🔹,"Overhead Press · Barbell",4,40,kg,6,rep,"Hard"
08/07/2026,🔹,"Overhead Press · Barbell",5,35,kg,8,rep,""
08/07/2026,🏋️‍♂️,"Curl · Barbell",,,,,,""
08/07/2026,🔹,"Curl · Barbell",1,9,kg,10,rep,"WarmUp"
08/07/2026,🔹,"Curl · Barbell",2,19,kg,8,rep,"WarmUp"
08/07/2026,🔹,"Curl · Barbell",3,24,kg,14,rep,""
08/07/2026,🔹,"Curl · Barbell",4,24,kg,13,rep,""
08/07/2026,🔹,"Curl · Barbell",5,24,kg,10,rep,""
08/07/2026,🏋️‍♂️🔗,"Skull crusher",,,,,,""
08/07/2026,🔹,"Skull crusher",1,9,kg,10,rep,"WarmUp"
08/07/2026,🔹,"Skull crusher",2,19,kg,8,rep,"WarmUp"
08/07/2026,🔹,"Skull crusher",3,24,kg,13,rep,""
08/07/2026,🔹,"Skull crusher",4,24,kg,12,rep,""
08/07/2026,🔹,"Skull crusher",5,24,kg,10,rep,""
08/07/2026,🏋️‍♂️,"Rear Delt",,,,,,""
08/07/2026,🔹,"Rear Delt",1,110,lb,12,rep,""
08/07/2026,🔹,"Rear Delt",2,110,lb,12,rep,""
08/07/2026,🔹,"Rear Delt",3,110,lb,11,rep,""
08/07/2026,🏋️‍♂️,"Hammer Curl · Cable",,,,,,""
08/07/2026,🔹,"Hammer Curl · Cable",1,47.5,lb,10,rep,""
08/07/2026,🔹,"Hammer Curl · Cable",2,47.5,kg,10,rep,""
08/07/2026,🔹,"Hammer Curl · Cable",3,47.5,kg,9,rep,""
08/07/2026,🏋️‍♂️🔗,"Tricep Extension · Cable",,,,,,""
08/07/2026,🔹,"Tricep Extension · Cable",1,62.5,lb,11,rep,""
08/07/2026,🔹,"Tricep Extension · Cable",2,62.5,lb,10,rep,""
08/07/2026,🔹,"Tricep Extension · Cable",3,62.5,lb,9,rep,""
08/07/2026,🏋️‍♂️,"Pull Up",,,,,,""
08/07/2026,🔹,"Pull Up",1,0,kg,8,rep," (8)"
08/07/2026,🔹,"Pull Up",2,0,kg,8,rep," (16)"
08/07/2026,🔹,"Pull Up",3,0,kg,8,rep," (24)"
08/07/2026,🔹,"Pull Up",4,0,kg,6,rep," (30)"
08/07/2026,🔹,"Pull Up",5,0,kg,6,rep," (36)"
08/07/2026,🔹,"Pull Up",6,0,kg,5,rep," (41)"
08/07/2026,🔹,"Pull Up",7,0,kg,5,rep," (46)"
08/07/2026,🔹,"Pull Up",8,0,kg,4,rep," (50)"
09/07/2026,📅,,,,,,,"43 min"
09/07/2026,🏋️‍♂️,"Romanian Deadlift · Barbell",,,,,,""
09/07/2026,🔹,"Romanian Deadlift · Barbell",1,20,kg,6,rep,"WarmUp"
09/07/2026,🔹,"Romanian Deadlift · Barbell",2,60,kg,6,rep,"WarmUp"
09/07/2026,🔹,"Romanian Deadlift · Barbell",3,90,kg,7,rep,""
09/07/2026,🔹,"Romanian Deadlift · Barbell",4,90,kg,7,rep,""
09/07/2026,🔹,"Romanian Deadlift · Barbell",5,90,kg,6,rep," (prox settimana fai pausato 123 e spingi con le gambe indietro)"
09/07/2026,🏋️‍♂️,"Calf Press · Machine",,,,,,""
09/07/2026,🔹,"Calf Press · Machine",1,310,lb,13,rep,""
09/07/2026,🔹,"Calf Press · Machine",2,310,lb,12,rep,""
09/07/2026,🔹,"Calf Press · Machine",3,310,lb,12,rep,"Drop"
09/07/2026,🏋️‍♂️,"cybex leg press",,,,,,""
09/07/2026,🔹,"cybex leg press",1,250,kg,9,rep,"WarmUp"
09/07/2026,🔹,"cybex leg press",2,340,kg,10,rep,""
09/07/2026,🔹,"cybex leg press",3,350,kg,8,rep,""
09/07/2026,🔹,"cybex leg press",4,330,kg,1,rep,""
09/07/2026,🏋️‍♂️,"Machine Crunch",,,,,,""
09/07/2026,🔹,"Machine Crunch",1,140,kg,13,rep,""
09/07/2026,🔹,"Machine Crunch",2,140,kg,12,rep,""
09/07/2026,🏋️‍♂️,"Pull Up",,,,,,""
09/07/2026,🔹,"Pull Up",1,0,kg,6,rep,""
09/07/2026,🔹,"Pull Up",2,0,kg,6,rep," (12)"
09/07/2026,🔹,"Pull Up",3,0,kg,6,rep," (18)"
09/07/2026,🔹,"Pull Up",4,0,kg,6,rep," (24)"
09/07/2026,🔹,"Pull Up",5,0,kg,6,rep," (30)"
09/07/2026,🔹,"Pull Up",6,0,kg,6,rep," (36)"
09/07/2026,🔹,"Pull Up",7,0,kg,6,rep," (40)"
09/07/2026,🔹,"Pull Up",8,0,kg,5,rep," (45)"
10/07/2026,📅,,,,,,,"103 min"
10/07/2026,🏋️‍♂️,"Incline Bench Press · Barbell",,,,,,""
10/07/2026,🔹,"Incline Bench Press · Barbell",1,20,kg,9,rep,"WarmUp"
10/07/2026,🔹,"Incline Bench Press · Barbell",2,60,kg,4,rep,"WarmUp"
10/07/2026,🔹,"Incline Bench Press · Barbell",3,70,kg,6,rep,""
10/07/2026,🔹,"Incline Bench Press · Barbell",4,70,kg,6,rep,""
10/07/2026,🔹,"Incline Bench Press · Barbell",5,60,kg,7,rep,""
10/07/2026,🔹,"Incline Bench Press · Barbell",6,60,kg,6,rep,""
10/07/2026,🏋️‍♂️,"VAF Ruckeninsulator",,,,,,""
10/07/2026,🔹,"VAF Ruckeninsulator",1,9,kg,6,rep,"WarmUp"
10/07/2026,🔹,"VAF Ruckeninsulator",2,13,kg,15,rep,"Drop"
10/07/2026,🔹,"VAF Ruckeninsulator",3,13,kg,11,rep,""
10/07/2026,🔹,"VAF Ruckeninsulator",4,13,kg,10,rep,""
10/07/2026,🏋️‍♂️,"Incline Bench Machine ",,,,,,""
10/07/2026,🔹,"Incline Bench Machine ",1,140,kg,8,rep,""
10/07/2026,🔹,"Incline Bench Machine ",2,140,kg,6,rep,""
10/07/2026,🔹,"Incline Bench Machine ",3,150,kg,6,rep,""
10/07/2026,🏋️‍♂️,"Pull Up",,,,,,""
10/07/2026,🔹,"Pull Up",1,0,kg,8,rep," (8)"
10/07/2026,🔹,"Pull Up",2,0,kg,8,rep," (16)"
10/07/2026,🔹,"Pull Up",3,0,kg,9,rep," (25)"
10/07/2026,🔹,"Pull Up",4,0,kg,9,rep," (34)"
10/07/2026,🔹,"Pull Up",5,0,kg,8,rep," (42)"
10/07/2026,🔹,"Pull Up",6,0,kg,8,rep," (50)"
11/07/2026,📅,,,,,,,"89 min"
11/07/2026,🏋️‍♂️,"Tricep Dip",,,,,,""
11/07/2026,🔹,"Tricep Dip",1,0,kg,6,rep,"WarmUp"
11/07/2026,🔹,"Tricep Dip",2,10,kg,5,rep,"WarmUp"
11/07/2026,🔹,"Tricep Dip",3,15,kg,7,rep,""
11/07/2026,🔹,"Tricep Dip",4,15,kg,7,rep,"Drop"
11/07/2026,🔹,"Tricep Dip",5,0,kg,7,rep,""
11/07/2026,🏋️‍♂️,"steaded hammer",,,,,,""
11/07/2026,🔹,"steaded hammer",1,12.5,kg,13,rep,""
11/07/2026,🔹,"steaded hammer",2,12.5,kg,9,rep,""
11/07/2026,🔹,"steaded hammer",3,12.5,kg,12,rep,""
11/07/2026,🏋️‍♂️,"Cable Raise (Freie)",,,,,,""
11/07/2026,🔹,"Cable Raise (Freie)",1,80,lb,8,rep,""
11/07/2026,🔹,"Cable Raise (Freie)",2,80,lb,9,rep,""
11/07/2026,🔹,"Cable Raise (Freie)",3,80,lb,9,rep,"Drop"
11/07/2026,🏋️‍♂️,"Standing Cable Triceps extension",,,,,,""
11/07/2026,🔹,"Standing Cable Triceps extension",1,32.5,lb,14,rep,"Drop"
11/07/2026,🔹,"Standing Cable Triceps extension",2,32.5,lb,11,rep,"Hard"
11/07/2026,🔹,"Standing Cable Triceps extension",3,32.5,lb,12,rep,""
11/07/2026,🏋️‍♂️,"Concentration Curl · Dumbbell",,,,,,""
11/07/2026,🔹,"Concentration Curl · Dumbbell",1,12.5,kg,10,rep,""
11/07/2026,🔹,"Concentration Curl · Dumbbell",2,12.5,kg,9,rep,""
11/07/2026,🔹,"Concentration Curl · Dumbbell",3,12.5,kg,8,rep,""
11/07/2026,🏋️‍♂️,"Overhead Press · Barbell",,,,,,""
11/07/2026,🔹,"Overhead Press · Barbell",1,20,kg,6,rep,"WarmUp"
11/07/2026,🔹,"Overhead Press · Barbell",2,30,kg,6,rep,"WarmUp"
11/07/2026,🔹,"Overhead Press · Barbell",3,35,kg,6,rep,""
11/07/2026,🔹,"Overhead Press · Barbell",4,35,kg,5,rep,"Drop"
11/07/2026,🔹,"Overhead Press · Barbell",5,35,kg,6,rep,""
11/07/2026,🏋️‍♂️,"Treadmill",,,,,,""
11/07/2026,🔹,"Treadmill",1,360,sec,0,km,""
11/07/2026,🏋️‍♂️,"Pull Up",,,,,,""
11/07/2026,🔹,"Pull Up",1,0,kg,8,rep," (8)"
11/07/2026,🔹,"Pull Up",2,0,kg,6,rep," (14)"
11/07/2026,🔹,"Pull Up",3,0,kg,6,rep," (20)"
11/07/2026,🔹,"Pull Up",4,0,kg,6,rep," (26)"
11/07/2026,🔹,"Pull Up",5,0,kg,6,rep," (32)"
11/07/2026,🔹,"Pull Up",6,0,kg,6,rep," (38)"
11/07/2026,🔹,"Pull Up",7,0,kg,7,rep," (45)"
11/07/2026,🔹,"Pull Up",8,0,kg,5,rep," (50)"
13/07/2026,📅,,,,,,,"46 min"
13/07/2026,🏋️‍♂️,"Squat · Barbell",,,,,,""
13/07/2026,🔹,"Squat · Barbell",1,20,kg,6,rep,"WarmUp"
13/07/2026,🔹,"Squat · Barbell",2,60,kg,6,rep,"WarmUp"
13/07/2026,🔹,"Squat · Barbell",3,80,kg,4,rep,"WarmUp"
13/07/2026,🔹,"Squat · Barbell",4,95,kg,5,rep,""
13/07/2026,🔹,"Squat · Barbell",5,95,kg,5,rep,""
13/07/2026,🔹,"Squat · Barbell",6,80,kg,4,rep,""
13/07/2026,🔹,"Squat · Barbell",7,80,kg,4,rep,""
13/07/2026,🏋️‍♂️,"Calf Press · Machine",,,,,,""
13/07/2026,🔹,"Calf Press · Machine",1,310,lb,15,rep,""
13/07/2026,🔹,"Calf Press · Machine",2,310,lb,12,rep,""
13/07/2026,🔹,"Calf Press · Machine",3,310,lb,9,rep,""
13/07/2026,🏋️‍♂️,"Leg Curl · Machine",,,,,,""
13/07/2026,🔹,"Leg Curl · Machine",1,110,lb,6,rep,""
13/07/2026,🔹,"Leg Curl · Machine",2,130,lb,9,rep,""
13/07/2026,🔹,"Leg Curl · Machine",3,130,lb,8,rep,""
13/07/2026,🏋️‍♂️,"Plank",,,,,,""
13/07/2026,🔹,"Plank",1,70,sec,0,kg,""
13/07/2026,🔹,"Plank",2,60,sec,0,kg,""
14/07/2026,📅,,,,,,,"42 min"
14/07/2026,🏋️‍♂️,"Bench Press · Barbell",,,,,,""
14/07/2026,🔹,"Bench Press · Barbell",1,20,kg,6,rep,"WarmUp"
14/07/2026,🔹,"Bench Press · Barbell",2,60,kg,6,rep,"WarmUp"
14/07/2026,🔹,"Bench Press · Barbell",3,80,kg,2,rep,"WarmUp"
14/07/2026,🔹,"Bench Press · Barbell",4,90,kg,1,rep,"WarmUp"
14/07/2026,🔹,"Bench Press · Barbell",5,95,kg,1,rep,""
14/07/2026,🔹,"Bench Press · Barbell",6,97.5,kg,1,rep,""
14/07/2026,🔹,"Bench Press · Barbell",7,90,kg,3,rep,""
14/07/2026,🔹,"Bench Press · Barbell",8,90,kg,2,rep,""
14/07/2026,🔹,"Bench Press · Barbell",9,60,kg,10,rep," (no legs)"
14/07/2026,🏋️‍♂️,"Seated Row · Cable",,,,,,""
14/07/2026,🔹,"Seated Row · Cable",1,61,kg,12,rep,""
14/07/2026,🔹,"Seated Row · Cable",2,68,kg,7,rep,""
14/07/2026,🔹,"Seated Row · Cable",3,68,kg,7,rep,""
14/07/2026,🏋️‍♂️,"Incline Bench Machine ",,,,,,""
14/07/2026,🔹,"Incline Bench Machine ",1,140,kg,12,rep,""
14/07/2026,🔹,"Incline Bench Machine ",2,140,kg,8,rep,""
14/07/2026,🔹,"Incline Bench Machine ",3,150,kg,6,rep,""
15/07/2026,📅,,,,,,,"74 min"
15/07/2026,🏋️‍♂️,"Overhead Press · Barbell",,,,,,""
15/07/2026,🔹,"Overhead Press · Barbell",1,20,kg,6,rep,"WarmUp"
15/07/2026,🔹,"Overhead Press · Barbell",2,30,kg,6,rep,"WarmUp"
15/07/2026,🔹,"Overhead Press · Barbell",3,40,kg,7,rep,""
15/07/2026,🔹,"Overhead Press · Barbell",4,40,kg,6,rep,""
15/07/2026,🔹,"Overhead Press · Barbell",5,30,kg,10,rep,""
15/07/2026,🔹,"Overhead Press · Barbell",6,30,kg,10,rep,""
15/07/2026,🏋️‍♂️,"Curl · Barbell",,,,,,""
15/07/2026,🔹,"Curl · Barbell",1,9,kg,9,rep,"WarmUp"
15/07/2026,🔹,"Curl · Barbell",2,19,kg,9,rep,"WarmUp"
15/07/2026,🔹,"Curl · Barbell",3,24,kg,14,rep,""
15/07/2026,🔹,"Curl · Barbell",4,24,kg,10,rep,""
15/07/2026,🔹,"Curl · Barbell",5,24,kg,10,rep,""
15/07/2026,🏋️‍♂️🔗,"Skull crusher",,,,,,""
15/07/2026,🔹,"Skull crusher",1,9,kg,9,rep,"WarmUp"
15/07/2026,🔹,"Skull crusher",2,19,kg,9,rep,"WarmUp"
15/07/2026,🔹,"Skull crusher",3,24,kg,14,rep,""
15/07/2026,🔹,"Skull crusher",4,24,kg,10,rep,""
15/07/2026,🔹,"Skull crusher",5,24,kg,10,rep,""
15/07/2026,🏋️‍♂️,"Rear Delt",,,,,,""
15/07/2026,🔹,"Rear Delt",1,110,lb,13,rep,"Drop"
15/07/2026,🔹,"Rear Delt",2,110,lb,11,rep,""
15/07/2026,🔹,"Rear Delt",3,110,lb,11,rep,""
15/07/2026,🏋️‍♂️,"Hammer Curl · Cable",,,,,,""
15/07/2026,🔹,"Hammer Curl · Cable",1,47.5,lb,12,rep,""
15/07/2026,🔹,"Hammer Curl · Cable",2,47.5,kg,12,rep,""
15/07/2026,🔹,"Hammer Curl · Cable",3,47.5,kg,11,rep,""
15/07/2026,🏋️‍♂️🔗,"Tricep Extension · Cable",,,,,,""
15/07/2026,🔹,"Tricep Extension · Cable",1,62.5,lb,12,rep,""
15/07/2026,🔹,"Tricep Extension · Cable",2,62.5,lb,10,rep,""
15/07/2026,🔹,"Tricep Extension · Cable",3,62.5,lb,9,rep,""
15/07/2026,🏋️‍♂️,"Pull Up",,,,,,""
15/07/2026,🔹,"Pull Up",1,0,kg,9,rep,""
15/07/2026,🔹,"Pull Up",2,0,kg,9,rep," (18)"
15/07/2026,🔹,"Pull Up",3,0,kg,9,rep," (27)"
15/07/2026,🔹,"Pull Up",4,0,kg,8,rep," (35)"
15/07/2026,🔹,"Pull Up",5,0,kg,8,rep," (43)"
15/07/2026,🔹,"Pull Up",6,0,kg,7,rep," (50)"
16/07/2026,📅,,,,,,,"66 min"
16/07/2026,🏋️‍♂️,"Romanian Deadlift · Barbell",,,,,,""
16/07/2026,🔹,"Romanian Deadlift · Barbell",1,20,kg,6,rep,"WarmUp"
16/07/2026,🔹,"Romanian Deadlift · Barbell",2,60,kg,6,rep,"WarmUp"
16/07/2026,🔹,"Romanian Deadlift · Barbell",3,80,kg,4,rep,"WarmUp"
16/07/2026,🔹,"Romanian Deadlift · Barbell",4,100,kg,6,rep,""
16/07/2026,🔹,"Romanian Deadlift · Barbell",5,100,kg,6,rep,""
16/07/2026,🔹,"Romanian Deadlift · Barbell",6,100,kg,6,rep,""
16/07/2026,🔹,"Romanian Deadlift · Barbell",7,100,kg,6,rep,""
16/07/2026,🔹,"Romanian Deadlift · Barbell",8,100,kg,6,rep,""
16/07/2026,🏋️‍♂️,"Calf Press · Machine",,,,,,""
16/07/2026,🔹,"Calf Press · Machine",1,310,lb,15,rep,""
16/07/2026,🔹,"Calf Press · Machine",2,310,lb,12,rep,""
16/07/2026,🔹,"Calf Press · Machine",3,310,lb,12,rep,""
16/07/2026,🏋️‍♂️,"cybex leg press",,,,,,""
16/07/2026,🔹,"cybex leg press",1,250,kg,9,rep,"WarmUp"
16/07/2026,🔹,"cybex leg press",2,350,kg,10,rep,""
16/07/2026,🔹,"cybex leg press",3,350,kg,9,rep,""
16/07/2026,🔹,"cybex leg press",4,350,kg,9,rep,""
16/07/2026,🏋️‍♂️,"Machine Crunch",,,,,,""
16/07/2026,🔹,"Machine Crunch",1,150,kg,9,rep,""
16/07/2026,🔹,"Machine Crunch",2,150,kg,9,rep,""
16/07/2026,🔹,"Machine Crunch",3,150,kg,7,rep,""
16/07/2026,🏋️‍♂️,"Pull Up",,,,,,""
16/07/2026,🔹,"Pull Up",1,0,kg,9,rep,""
16/07/2026,🔹,"Pull Up",2,0,kg,9,rep,""
16/07/2026,🔹,"Pull Up",3,0,kg,9,rep,""
16/07/2026,🔹,"Pull Up",4,0,kg,8,rep,""
16/07/2026,🔹,"Pull Up",5,0,kg,8,rep,""
16/07/2026,🔹,"Pull Up",6,0,kg,7,rep,""
17/07/2026,📅,,,,,,,"31 min"
17/07/2026,🏋️‍♂️,"Incline Bench Press · Barbell",,,,,,""
17/07/2026,🔹,"Incline Bench Press · Barbell",1,20,kg,8,rep,"WarmUp"
17/07/2026,🔹,"Incline Bench Press · Barbell",2,60,kg,4,rep,"WarmUp"
17/07/2026,🔹,"Incline Bench Press · Barbell",3,70,kg,6,rep,""
17/07/2026,🔹,"Incline Bench Press · Barbell",4,70,kg,6,rep,""
17/07/2026,🔹,"Incline Bench Press · Barbell",5,60,kg,6,rep,""
17/07/2026,🔹,"Incline Bench Press · Barbell",6,60,kg,6,rep,""
17/07/2026,🏋️‍♂️,"VAF Ruckeninsulator",,,,,,""
17/07/2026,🔹,"VAF Ruckeninsulator",1,9,kg,5,rep,"WarmUp"
17/07/2026,🔹,"VAF Ruckeninsulator",2,13,kg,15,rep,""
17/07/2026,🔹,"VAF Ruckeninsulator",3,13,kg,12,rep,""
17/07/2026,🔹,"VAF Ruckeninsulator",4,13,kg,10,rep,""
17/07/2026,🏋️‍♂️,"Incline Bench Machine ",,,,,,""
17/07/2026,🔹,"Incline Bench Machine ",1,140,kg,8,rep,""
17/07/2026,🔹,"Incline Bench Machine ",2,140,kg,6,rep,""
17/07/2026,🔹,"Incline Bench Machine ",3,150,kg,6,rep,""
17/07/2026,🏋️‍♂️,"Pull Up",,,,,,""
17/07/2026,🔹,"Pull Up",1,0,kg,8,rep,""
17/07/2026,🔹,"Pull Up",2,0,kg,8,rep,""
17/07/2026,🔹,"Pull Up",3,0,kg,9,rep,""
17/07/2026,🔹,"Pull Up",4,0,kg,9,rep,""
17/07/2026,🔹,"Pull Up",5,0,kg,8,rep,""
17/07/2026,🔹,"Pull Up",6,0,kg,8,rep,""
18/07/2026,📅,,,,,,,"77 min"
18/07/2026,🏋️‍♂️,"Tricep Dip",,,,,,""
18/07/2026,🔹,"Tricep Dip",1,0,kg,4,rep,"WarmUp"
18/07/2026,🔹,"Tricep Dip",2,10,kg,4,rep,"WarmUp"
18/07/2026,🔹,"Tricep Dip",3,15,kg,9,rep,""
18/07/2026,🔹,"Tricep Dip",4,15,kg,9,rep,""
18/07/2026,🔹,"Tricep Dip",5,0,kg,7,rep,""
18/07/2026,🏋️‍♂️,"steaded hammer",,,,,,""
18/07/2026,🔹,"steaded hammer",1,12.5,kg,14,rep,""
18/07/2026,🔹,"steaded hammer",2,12.5,kg,11,rep,""
18/07/2026,🔹,"steaded hammer",3,12.5,kg,10,rep,""
18/07/2026,🏋️‍♂️,"Cable Raise (Freie)",,,,,,""
18/07/2026,🔹,"Cable Raise (Freie)",1,80,lb,10,rep,""
18/07/2026,🔹,"Cable Raise (Freie)",2,80,lb,10,rep,""
18/07/2026,🔹,"Cable Raise (Freie)",3,80,lb,10,rep,""
18/07/2026,🏋️‍♂️,"Standing Cable Triceps extension",,,,,,""
18/07/2026,🔹,"Standing Cable Triceps extension",1,32.5,lb,15,rep,""
18/07/2026,🔹,"Standing Cable Triceps extension",2,32.5,lb,10,rep,""
18/07/2026,🔹,"Standing Cable Triceps extension",3,32.5,lb,10,rep,""
18/07/2026,🏋️‍♂️,"Concentration Curl · Dumbbell",,,,,,""
18/07/2026,🔹,"Concentration Curl · Dumbbell",1,12.5,kg,10,rep,""
18/07/2026,🔹,"Concentration Curl · Dumbbell",2,12.5,kg,10,rep,""
18/07/2026,🔹,"Concentration Curl · Dumbbell",3,12.5,kg,10,rep,""
18/07/2026,🏋️‍♂️,"Overhead Press · Barbell",,,,,,""
18/07/2026,🔹,"Overhead Press · Barbell",1,20,kg,6,rep,"WarmUp"
18/07/2026,🔹,"Overhead Press · Barbell",2,30,kg,6,rep,"WarmUp"
18/07/2026,🔹,"Overhead Press · Barbell",3,40,kg,5,rep,""
18/07/2026,🔹,"Overhead Press · Barbell",4,35,kg,5,rep,"Drop"
18/07/2026,🏋️‍♂️,"Pull Up",,,,,,""
18/07/2026,🔹,"Pull Up",1,0,kg,8,rep,""
18/07/2026,🔹,"Pull Up",2,0,kg,6,rep,""
18/07/2026,🔹,"Pull Up",3,0,kg,6,rep,""
18/07/2026,🔹,"Pull Up",4,0,kg,6,rep,""
18/07/2026,🔹,"Pull Up",5,0,kg,6,rep,""
18/07/2026,🔹,"Pull Up",6,0,kg,6,rep,""
18/07/2026,🔹,"Pull Up",7,0,kg,7,rep,""
18/07/2026,🔹,"Pull Up",8,0,kg,5,rep,""
20/07/2026,📅,,,,,,,"48 min"
20/07/2026,🏋️‍♂️,"Squat · Barbell",,,,,,""
20/07/2026,🔹,"Squat · Barbell",1,20,kg,6,rep,"WarmUp"
20/07/2026,🔹,"Squat · Barbell",2,60,kg,6,rep,"WarmUp"
20/07/2026,🔹,"Squat · Barbell",3,80,kg,4,rep,"WarmUp"
20/07/2026,🔹,"Squat · Barbell",4,90,kg,6,rep,""
20/07/2026,🔹,"Squat · Barbell",5,90,kg,6,rep,""
20/07/2026,🔹,"Squat · Barbell",6,80,kg,6,rep,""
20/07/2026,🔹,"Squat · Barbell",7,80,kg,6,rep,""
20/07/2026,🏋️‍♂️,"Calf Press · Machine",,,,,,""
20/07/2026,🔹,"Calf Press · Machine",1,310,lb,15,rep,""
20/07/2026,🔹,"Calf Press · Machine",2,310,lb,13,rep,""
20/07/2026,🔹,"Calf Press · Machine",3,310,lb,11,rep,""
20/07/2026,🏋️‍♂️,"Leg Curl · Machine",,,,,,""
20/07/2026,🔹,"Leg Curl · Machine",1,110,lb,9,rep,"WarmUp"
20/07/2026,🔹,"Leg Curl · Machine",2,130,lb,10,rep,""
20/07/2026,🔹,"Leg Curl · Machine",3,130,lb,8,rep,""
20/07/2026,🏋️‍♂️,"Plank",,,,,,""
20/07/2026,🔹,"Plank",1,70,sec,0,kg,""
20/07/2026,🔹,"Plank",2,60,sec,0,kg,""
21/07/2026,📅,,,,,,,"66 min"
21/07/2026,🏋️‍♂️,"Bench Press · Barbell",,,,,,""
21/07/2026,🔹,"Bench Press · Barbell",1,20,kg,6,rep,"WarmUp"
21/07/2026,🔹,"Bench Press · Barbell",2,60,kg,6,rep,"WarmUp"
21/07/2026,🔹,"Bench Press · Barbell",3,80,kg,2,rep,"WarmUp"
21/07/2026,🔹,"Bench Press · Barbell",4,90,kg,1,rep,"WarmUp"
21/07/2026,🔹,"Bench Press · Barbell",5,100,kg,1,rep,""
21/07/2026,🔹,"Bench Press · Barbell",6,100,kg,2,rep,""
21/07/2026,🏋️‍♂️,"Seated Row · Cable",,,,,,""
21/07/2026,🔹,"Seated Row · Cable",1,61,kg,6,rep,"WarmUp"
21/07/2026,🔹,"Seated Row · Cable",2,68,kg,8,rep,""
21/07/2026,🔹,"Seated Row · Cable",3,68,kg,8,rep,""
21/07/2026,🏋️‍♂️,"Pec Deck · Machine",,,,,,""
21/07/2026,🔹,"Pec Deck · Machine",1,150,lb,12,rep,""
21/07/2026,🔹,"Pec Deck · Machine",2,150,lb,12,rep,"Hard"
21/07/2026,🔹,"Pec Deck · Machine",3,150,lb,9,rep,""
21/07/2026,🏋️‍♂️,"Pull Up",,,,,,""
21/07/2026,🔹,"Pull Up",1,0,kg,9,rep,""
21/07/2026,🔹,"Pull Up",2,0,kg,9,rep," (18)"
21/07/2026,🔹,"Pull Up",3,0,kg,8,rep," (26)"
21/07/2026,🔹,"Pull Up",4,0,kg,9,rep," (35)"
21/07/2026,🔹,"Pull Up",5,0,kg,9,rep,""
21/07/2026,🔹,"Pull Up",6,0,kg,7,rep,""
22/07/2026,📅,,,,,,,"68 min"
22/07/2026,🏋️‍♂️,"Overhead Press · Barbell",,,,,,""
22/07/2026,🔹,"Overhead Press · Barbell",1,20,kg,6,rep,"WarmUp"
22/07/2026,🔹,"Overhead Press · Barbell",2,30,kg,6,rep,"WarmUp"
22/07/2026,🔹,"Overhead Press · Barbell",3,40,kg,8,rep,""
22/07/2026,🔹,"Overhead Press · Barbell",4,40,kg,7,rep,""
22/07/2026,🔹,"Overhead Press · Barbell",5,30,kg,11,rep,""
22/07/2026,🔹,"Overhead Press · Barbell",6,30,kg,10,rep,""
22/07/2026,🏋️‍♂️,"Curl · Barbell",,,,,,""
22/07/2026,🔹,"Curl · Barbell",1,9,kg,10,rep,"WarmUp"
22/07/2026,🔹,"Curl · Barbell",2,19,kg,9,rep,"WarmUp"
22/07/2026,🔹,"Curl · Barbell",3,24,kg,15,rep,""
22/07/2026,🔹,"Curl · Barbell",4,24,kg,10,rep,""
22/07/2026,🔹,"Curl · Barbell",5,24,kg,10,rep,""
22/07/2026,🏋️‍♂️🔗,"Skull crusher",,,,,,""
22/07/2026,🔹,"Skull crusher",1,9,kg,10,rep,"WarmUp"
22/07/2026,🔹,"Skull crusher",2,19,kg,9,rep,"WarmUp"
22/07/2026,🔹,"Skull crusher",3,24,kg,15,rep,""
22/07/2026,🔹,"Skull crusher",4,24,kg,10,rep,""
22/07/2026,🔹,"Skull crusher",5,24,kg,10,rep,""
22/07/2026,🏋️‍♂️,"Rear Delt",,,,,,""
22/07/2026,🔹,"Rear Delt",1,110,lb,13,rep,""
22/07/2026,🔹,"Rear Delt",2,110,lb,10,rep,""
22/07/2026,🔹,"Rear Delt",3,110,lb,10,rep,"Drop"
22/07/2026,🏋️‍♂️,"Hammer Curl · Cable",,,,,,""
22/07/2026,🔹,"Hammer Curl · Cable",1,40,lb,15,rep,""
22/07/2026,🔹,"Hammer Curl · Cable",2,40,kg,15,rep,""
22/07/2026,🔹,"Hammer Curl · Cable",3,47.5,kg,15,rep,"Hard"
22/07/2026,🏋️‍♂️🔗,"Tricep Extension · Cable",,,,,,""
22/07/2026,🔹,"Tricep Extension · Cable",1,62.5,lb,12,rep,"Drop"
22/07/2026,🔹,"Tricep Extension · Cable",2,62.5,lb,8,rep,""
22/07/2026,🔹,"Tricep Extension · Cable",3,62.5,lb,9,rep,""
23/07/2026,📅,,,,,,,"41 min"
23/07/2026,🏋️‍♂️,"Romanian Deadlift · Barbell",,,,,,""
23/07/2026,🔹,"Romanian Deadlift · Barbell",1,20,kg,6,rep,"WarmUp"
23/07/2026,🔹,"Romanian Deadlift · Barbell",2,60,kg,6,rep,"WarmUp"
23/07/2026,🔹,"Romanian Deadlift · Barbell",3,80,kg,4,rep,"WarmUp"
23/07/2026,🔹,"Romanian Deadlift · Barbell",4,100,kg,8,rep,""
23/07/2026,🔹,"Romanian Deadlift · Barbell",5,100,kg,6,rep,""
23/07/2026,🔹,"Romanian Deadlift · Barbell",6,100,kg,6,rep,"Hard"
23/07/2026,🔹,"Romanian Deadlift · Barbell",7,100,kg,6,rep,""
23/07/2026,🏋️‍♂️,"Calf Press · Machine",,,,,,""
23/07/2026,🔹,"Calf Press · Machine",1,310,lb,15,rep,""
23/07/2026,🔹,"Calf Press · Machine",2,310,lb,15,rep,""
23/07/2026,🔹,"Calf Press · Machine",3,310,lb,10,rep,""
23/07/2026,🏋️‍♂️,"cybex leg press",,,,,,""
23/07/2026,🔹,"cybex leg press",1,250,kg,9,rep,""
23/07/2026,🔹,"cybex leg press",2,350,kg,10,rep,""
23/07/2026,🔹,"cybex leg press",3,350,kg,9,rep,""
23/07/2026,🔹,"cybex leg press",4,350,kg,9,rep,""
23/07/2026,🏋️‍♂️,"Machine Crunch",,,,,,""
23/07/2026,🔹,"Machine Crunch",1,150,kg,9,rep,""
23/07/2026,🔹,"Machine Crunch",2,150,kg,9,rep,""
23/07/2026,🔹,"Machine Crunch",3,150,kg,7,rep,""
23/07/2026,🏋️‍♂️,"Pull Up",,,,,,""
23/07/2026,🔹,"Pull Up",1,0,kg,9,rep,""
23/07/2026,🔹,"Pull Up",2,0,kg,9,rep,""
23/07/2026,🔹,"Pull Up",3,0,kg,9,rep,""
23/07/2026,🔹,"Pull Up",4,0,kg,8,rep,""
23/07/2026,🔹,"Pull Up",5,0,kg,8,rep,""
23/07/2026,🔹,"Pull Up",6,0,kg,7,rep,""
24/07/2026,📅,,,,,,,"62 min"
24/07/2026,🏋️‍♂️,"Lat Pull Down · Cable",,,,,,""
24/07/2026,🔹,"Lat Pull Down · Cable",1,68,kg,10,rep,""
24/07/2026,🔹,"Lat Pull Down · Cable",2,68,kg,10,rep,""
24/07/2026,🔹,"Lat Pull Down · Cable",3,68,kg,7,rep,""
24/07/2026,🏋️‍♂️,"Incline Bench Press · Barbell",,,,,,""
24/07/2026,🔹,"Incline Bench Press · Barbell",1,20,kg,9,rep,"WarmUp"
24/07/2026,🔹,"Incline Bench Press · Barbell",2,60,kg,4,rep,"WarmUp"
24/07/2026,🔹,"Incline Bench Press · Barbell",3,70,kg,7,rep,""
24/07/2026,🔹,"Incline Bench Press · Barbell",4,70,kg,7,rep,""
24/07/2026,🔹,"Incline Bench Press · Barbell",5,60,kg,7,rep,""
24/07/2026,🔹,"Incline Bench Press · Barbell",6,60,kg,7,rep,""
24/07/2026,🏋️‍♂️,"VAF Ruckeninsulator",,,,,,""
24/07/2026,🔹,"VAF Ruckeninsulator",1,14,kg,9,rep,""
24/07/2026,🔹,"VAF Ruckeninsulator",2,14,kg,9,rep,""
24/07/2026,🔹,"VAF Ruckeninsulator",3,14,kg,9,rep,""
24/07/2026,🏋️‍♂️,"Bench Press · Barbell",,,,,,""
24/07/2026,🔹,"Bench Press · Barbell",1,60,kg,10,rep," (noleg)"
24/07/2026,🔹,"Bench Press · Barbell",2,70,kg,5,rep," (noleg)"
24/07/2026,🔹,"Bench Press · Barbell",3,80,kg,3,rep," (noleg)"
24/07/2026,🔹,"Bench Press · Barbell",4,90,kg,1,rep," (noleg)"
25/07/2026,📅,,,,,,,"90 min"
25/07/2026,🏋️‍♂️,"Tricep Extension · Cable",,,,,,""
25/07/2026,🔹,"Tricep Extension · Cable",1,62.5,lb,12,rep,""
25/07/2026,🔹,"Tricep Extension · Cable",2,62.5,lb,12,rep,""
25/07/2026,🔹,"Tricep Extension · Cable",3,62.5,lb,9,rep,""
25/07/2026,🔹,"Tricep Extension · Cable",4,62.5,lb,9,rep,""
25/07/2026,🏋️‍♂️,"steaded hammer",,,,,,""
25/07/2026,🔹,"steaded hammer",1,12.5,kg,13,rep,""
25/07/2026,🔹,"steaded hammer",2,12.5,kg,10,rep,""
25/07/2026,🔹,"steaded hammer",3,12.5,kg,10,rep,""
25/07/2026,🏋️‍♂️,"Cable Raise (Freie)",,,,,,""
25/07/2026,🔹,"Cable Raise (Freie)",1,80,lb,11,rep,""
25/07/2026,🔹,"Cable Raise (Freie)",2,80,lb,11,rep,""
25/07/2026,🔹,"Cable Raise (Freie)",3,80,lb,11,rep,""
25/07/2026,🏋️‍♂️,"Standing Cable Triceps extension",,,,,,""
25/07/2026,🔹,"Standing Cable Triceps extension",1,32.5,lb,12,rep,""
25/07/2026,🔹,"Standing Cable Triceps extension",2,32.5,lb,10,rep,""
25/07/2026,🔹,"Standing Cable Triceps extension",3,32.5,lb,10,rep,""
25/07/2026,🏋️‍♂️,"Concentration Curl · Dumbbell",,,,,,""
25/07/2026,🔹,"Concentration Curl · Dumbbell",1,12.5,kg,10,rep,""
25/07/2026,🔹,"Concentration Curl · Dumbbell",2,12.5,kg,10,rep,"Drop"
25/07/2026,🔹,"Concentration Curl · Dumbbell",3,12.5,kg,10,rep,""
25/07/2026,🏋️‍♂️,"Overhead Press · Barbell",,,,,,""
25/07/2026,🔹,"Overhead Press · Barbell",1,20,kg,6,rep,"WarmUp"
25/07/2026,🔹,"Overhead Press · Barbell",2,30,kg,6,rep,"WarmUp"
25/07/2026,🔹,"Overhead Press · Barbell",3,40,kg,5,rep,""
25/07/2026,🔹,"Overhead Press · Barbell",4,35,kg,5,rep,"Drop"
25/07/2026,🏋️‍♂️,"Pull Up",,,,,,""
25/07/2026,🔹,"Pull Up",1,0,kg,8,rep,""
25/07/2026,🔹,"Pull Up",2,0,kg,6,rep,""
25/07/2026,🔹,"Pull Up",3,0,kg,6,rep,""
25/07/2026,🔹,"Pull Up",4,0,kg,6,rep,""
25/07/2026,🔹,"Pull Up",5,0,kg,6,rep,""
25/07/2026,🔹,"Pull Up",6,0,kg,6,rep,""
25/07/2026,🔹,"Pull Up",7,0,kg,7,rep,""
25/07/2026,🔹,"Pull Up",8,0,kg,5,rep,""
27/07/2026,📅,,,,,,,"50 min"
27/07/2026,🏋️‍♂️,"Squat · Barbell",,,,,,""
27/07/2026,🔹,"Squat · Barbell",1,20,kg,6,rep,"WarmUp"
27/07/2026,🔹,"Squat · Barbell",2,60,kg,4,rep,"WarmUp"
27/07/2026,🔹,"Squat · Barbell",3,80,kg,3,rep,"WarmUp"
27/07/2026,🔹,"Squat · Barbell",4,100,kg,3,rep,""
27/07/2026,🔹,"Squat · Barbell",5,100,kg,3,rep,""
27/07/2026,🔹,"Squat · Barbell",6,100,kg,2,rep,""
27/07/2026,🔹,"Squat · Barbell",7,80,kg,6,rep,""
27/07/2026,🏋️‍♂️,"Calf Press · Machine",,,,,,""
27/07/2026,🔹,"Calf Press · Machine",1,310,lb,15,rep,""
27/07/2026,🔹,"Calf Press · Machine",2,310,lb,13,rep,""
27/07/2026,🔹,"Calf Press · Machine",3,310,lb,11,rep,""
27/07/2026,🏋️‍♂️,"Leg Curl · Machine",,,,,,""
27/07/2026,🔹,"Leg Curl · Machine",1,110,lb,9,rep,"WarmUp"
27/07/2026,🔹,"Leg Curl · Machine",2,130,lb,10,rep,""
27/07/2026,🔹,"Leg Curl · Machine",3,130,lb,9,rep,""
27/07/2026,🔹,"Leg Curl · Machine",4,130,lb,9,rep,""
27/07/2026,🔹,"Leg Curl · Machine",5,130,lb,9,rep,""
27/07/2026,🏋️‍♂️,"Plank",,,,,,""
27/07/2026,🔹,"Plank",1,70,sec,0,kg,""
27/07/2026,🔹,"Plank",2,60,sec,0,kg,""
28/07/2026,📅,,,,,,,"39 min"
28/07/2026,🏋️‍♂️,"Bench Press · Barbell",,,,,,""
28/07/2026,🔹,"Bench Press · Barbell",1,60,kg,6,rep,""
28/07/2026,🔹,"Bench Press · Barbell",2,70,kg,6,rep,""
28/07/2026,🔹,"Bench Press · Barbell",3,80,kg,2,rep,""
28/07/2026,🔹,"Bench Press · Barbell",4,90,kg,1,rep,""
28/07/2026,🔹,"Bench Press · Barbell",5,90,kg,1,rep,""
28/07/2026,🔹,"Bench Press · Barbell",6,90,kg,2,rep,""
28/07/2026,🏋️‍♂️,"VAF Ruckeninsulator",,,,,,""
28/07/2026,🔹,"VAF Ruckeninsulator",1,15,kg,8,rep,""
28/07/2026,🔹,"VAF Ruckeninsulator",2,15,kg,9,rep,""
28/07/2026,🔹,"VAF Ruckeninsulator",3,15,kg,9,rep,""
28/07/2026,🔹,"VAF Ruckeninsulator",4,14,kg,9,rep,""
28/07/2026,🏋️‍♂️,"Pec Deck · Machine",,,,,,""
28/07/2026,🔹,"Pec Deck · Machine",1,150,lb,13,rep,""
28/07/2026,🔹,"Pec Deck · Machine",2,150,lb,13,rep,""
28/07/2026,🔹,"Pec Deck · Machine",3,150,lb,9,rep,""
28/07/2026,🏋️‍♂️,"Pull Up",,,,,,""
28/07/2026,🔹,"Pull Up",1,0,kg,9,rep,""
28/07/2026,🔹,"Pull Up",2,0,kg,9,rep,""
28/07/2026,🔹,"Pull Up",3,0,kg,8,rep,""
28/07/2026,🔹,"Pull Up",4,0,kg,9,rep,""
28/07/2026,🔹,"Pull Up",5,0,kg,9,rep,""
28/07/2026,🔹,"Pull Up",6,0,kg,7,rep,""
29/07/2026,📅,,,,,,,"67 min"
29/07/2026,🏋️‍♂️,"Overhead Press · Barbell",,,,,,""
29/07/2026,🔹,"Overhead Press · Barbell",1,20,kg,6,rep,"WarmUp"
29/07/2026,🔹,"Overhead Press · Barbell",2,30,kg,6,rep,"WarmUp"
29/07/2026,🔹,"Overhead Press · Barbell",3,40,kg,8,rep,""
29/07/2026,🔹,"Overhead Press · Barbell",4,40,kg,6,rep,""
29/07/2026,🔹,"Overhead Press · Barbell",5,40,kg,6,rep,"Hard"
29/07/2026,🔹,"Overhead Press · Barbell",6,40,kg,5,rep,""
29/07/2026,🏋️‍♂️,"Curl · Barbell",,,,,,""
29/07/2026,🔹,"Curl · Barbell",1,9,kg,10,rep,"WarmUp"
29/07/2026,🔹,"Curl · Barbell",2,19,kg,5,rep,"WarmUp"
29/07/2026,🔹,"Curl · Barbell",3,24,kg,12,rep,""
29/07/2026,🔹,"Curl · Barbell",4,24,kg,10,rep,""
29/07/2026,🔹,"Curl · Barbell",5,24,kg,10,rep,""
29/07/2026,🏋️‍♂️🔗,"Skull crusher",,,,,,""
29/07/2026,🔹,"Skull crusher",1,9,kg,10,rep,"WarmUp"
29/07/2026,🔹,"Skull crusher",2,19,kg,5,rep,"WarmUp"
29/07/2026,🔹,"Skull crusher",3,24,kg,10,rep,""
29/07/2026,🔹,"Skull crusher",4,24,kg,10,rep,""
29/07/2026,🔹,"Skull crusher",5,24,kg,10,rep,""
29/07/2026,🏋️‍♂️,"Rear Delt",,,,,,""
29/07/2026,🔹,"Rear Delt",1,110,lb,10,rep,""
29/07/2026,🔹,"Rear Delt",2,110,lb,9,rep,""
29/07/2026,🔹,"Rear Delt",3,110,lb,9,rep,""
29/07/2026,🏋️‍♂️,"Hammer Curl · Cable",,,,,,""
29/07/2026,🔹,"Hammer Curl · Cable",1,40,lb,15,rep,""
29/07/2026,🔹,"Hammer Curl · Cable",2,47.5,kg,10,rep,""
29/07/2026,🔹,"Hammer Curl · Cable",3,47.5,kg,10,rep,""
29/07/2026,🏋️‍♂️🔗,"Tricep Extension · Cable",,,,,,""
29/07/2026,🔹,"Tricep Extension · Cable",1,62.5,lb,10,rep,""
29/07/2026,🔹,"Tricep Extension · Cable",2,62.5,lb,8,rep,""
29/07/2026,🔹,"Tricep Extension · Cable",3,62.5,lb,7,rep,""
30/07/2026,📅,,,,,,,"0 min"
30/07/2026,🏋️‍♂️,"Bench Press · Barbell",,,,,,""
30/07/2026,🔹,"Bench Press · Barbell",1,100,kg,1,rep,""
30/07/2026,🏋️‍♂️,"Overhead Press · Barbell",,,,,,""
30/07/2026,🔹,"Overhead Press · Barbell",1,45,kg,1,rep,""
30/07/2026,🏋️‍♂️,"Squat · Barbell",,,,,,""
30/07/2026,🔹,"Squat · Barbell",1,110,kg,1,rep,""
01/08/2026,📅,,,,,,,"0 min"
01/08/2026,💬,,,,,,,"Full body"
01/08/2026,🏋️‍♂️,"Curl · Dumbbell",,,,,,""
01/08/2026,🔹,"Curl · Dumbbell",1,10,kg,10,rep,""
01/08/2026,🔹,"Curl · Dumbbell",2,10,kg,10,rep,""
01/08/2026,🔹,"Curl · Dumbbell",3,10,kg,10,rep,""
01/08/2026,🔹,"Curl · Dumbbell",4,10,kg,10,rep,""
01/08/2026,🔹,"Curl · Dumbbell",5,10,kg,10,rep,""
01/08/2026,🏋️‍♂️,"Single Arm Overhead Triceps Extension · Dumbbell",,,,,,""
01/08/2026,🔹,"Single Arm Overhead Triceps Extension · Dumbbell",1,6,kg,10,rep,""
01/08/2026,🔹,"Single Arm Overhead Triceps Extension · Dumbbell",2,6,kg,10,rep,""
01/08/2026,🔹,"Single Arm Overhead Triceps Extension · Dumbbell",3,6,kg,10,rep,""
01/08/2026,🔹,"Single Arm Overhead Triceps Extension · Dumbbell",4,6,kg,10,rep,""
01/08/2026,🔹,"Single Arm Overhead Triceps Extension · Dumbbell",5,6,kg,10,rep,""
01/08/2026,🏋️‍♂️,"Pike Push Up",,,,,,""
01/08/2026,🔹,"Pike Push Up",1,0,kg,25,rep,""
01/08/2026,🔹,"Pike Push Up",2,0,kg,25,rep,""
01/08/2026,🔹,"Pike Push Up",3,0,kg,25,rep,""
03/08/2026,📅,,,,,,,"58 min"
03/08/2026,💬,,,,,,,""
03/08/2026,🏋️‍♂️,"Curl · Dumbbell",,,,,,""
03/08/2026,🔹,"Curl · Dumbbell",1,11,kg,10,rep,""
03/08/2026,🔹,"Curl · Dumbbell",2,11,kg,10,rep,""
03/08/2026,🔹,"Curl · Dumbbell",3,11,kg,10,rep,""
03/08/2026,🔹,"Curl · Dumbbell",4,10,kg,10,rep,""
03/08/2026,🔹,"Curl · Dumbbell",5,10,kg,10,rep,""
03/08/2026,🔹,"Curl · Dumbbell",6,10,kg,10,rep,""
03/08/2026,🏋️‍♂️,"Single Arm Overhead Triceps Extension · Dumbbell",,,,,,""
03/08/2026,🔹,"Single Arm Overhead Triceps Extension · Dumbbell",1,6,kg,12,rep,""
03/08/2026,🔹,"Single Arm Overhead Triceps Extension · Dumbbell",2,6,kg,12,rep,""
03/08/2026,🔹,"Single Arm Overhead Triceps Extension · Dumbbell",3,6,kg,12,rep,""
03/08/2026,🔹,"Single Arm Overhead Triceps Extension · Dumbbell",4,6,kg,10,rep,""
03/08/2026,🔹,"Single Arm Overhead Triceps Extension · Dumbbell",5,6,kg,10,rep,""
03/08/2026,🔹,"Single Arm Overhead Triceps Extension · Dumbbell",6,6,kg,10,rep,""
03/08/2026,🏋️‍♂️,"Pike Push Up",,,,,,""
03/08/2026,🔹,"Pike Push Up",1,0,kg,16,rep,""
03/08/2026,🔹,"Pike Push Up",2,0,kg,16,rep,""
03/08/2026,🔹,"Pike Push Up",3,0,kg,16,rep,""
03/08/2026,🔹,"Pike Push Up",4,0,kg,20,rep,""
03/08/2026,🔹,"Pike Push Up",5,0,kg,20,rep,""
04/08/2026,📅,,,,,,,"15 min"
04/08/2026,💬,,,,,,,""
04/08/2026,🏋️‍♂️,"Curl · Dumbbell",,,,,,""
04/08/2026,🔹,"Curl · Dumbbell",1,12,kg,10,rep,""
04/08/2026,🔹,"Curl · Dumbbell",2,12,kg,8,rep,""
04/08/2026,🔹,"Curl · Dumbbell",3,12,kg,7,rep,""
04/08/2026,🔹,"Curl · Dumbbell",4,10,kg,10,rep,""
04/08/2026,🔹,"Curl · Dumbbell",5,10,kg,10,rep,""
04/08/2026,🔹,"Curl · Dumbbell",6,10,kg,10,rep,""
04/08/2026,🏋️‍♂️,"Single Arm Overhead Triceps Extension · Dumbbell",,,,,,""
04/08/2026,🔹,"Single Arm Overhead Triceps Extension · Dumbbell",1,9,kg,10,rep,""
04/08/2026,🔹,"Single Arm Overhead Triceps Extension · Dumbbell",2,9,kg,10,rep,""
04/08/2026,🔹,"Single Arm Overhead Triceps Extension · Dumbbell",3,9,kg,7,rep,""
04/08/2026,🔹,"Single Arm Overhead Triceps Extension · Dumbbell",4,6,kg,10,rep,""
04/08/2026,🔹,"Single Arm Overhead Triceps Extension · Dumbbell",5,6,kg,10,rep,""
04/08/2026,🔹,"Single Arm Overhead Triceps Extension · Dumbbell",6,6,kg,10,rep,""
04/08/2026,🏋️‍♂️,"Pike Push Up",,,,,,""
04/08/2026,🔹,"Pike Push Up",1,0,kg,20,rep,""
04/08/2026,🔹,"Pike Push Up",2,0,kg,20,rep,""
04/08/2026,🔹,"Pike Push Up",3,0,kg,20,rep,""
04/08/2026,🔹,"Pike Push Up",4,0,kg,20,rep,""
04/08/2026,🔹,"Pike Push Up",5,0,kg,20,rep,""
04/08/2026,🔹,"Pike Push Up",6,0,kg,20,rep,""
05/08/2026,📅,,,,,,,"52 min"
05/08/2026,💬,,,,,,,""
05/08/2026,🏋️‍♂️,"Curl · Dumbbell",,,,,,""
05/08/2026,🔹,"Curl · Dumbbell",1,12,kg,10,rep,""
05/08/2026,🔹,"Curl · Dumbbell",2,12,kg,10,rep,""
05/08/2026,🔹,"Curl · Dumbbell",3,12,kg,10,rep,""
05/08/2026,🔹,"Curl · Dumbbell",4,10,kg,10,rep,""
05/08/2026,🔹,"Curl · Dumbbell",5,10,kg,10,rep,""
05/08/2026,🔹,"Curl · Dumbbell",6,10,kg,10,rep,""
05/08/2026,🏋️‍♂️,"Single Arm Overhead Triceps Extension · Dumbbell",,,,,,""
05/08/2026,🔹,"Single Arm Overhead Triceps Extension · Dumbbell",1,9,kg,12,rep,""
05/08/2026,🔹,"Single Arm Overhead Triceps Extension · Dumbbell",2,9,kg,9,rep,""
05/08/2026,🔹,"Single Arm Overhead Triceps Extension · Dumbbell",3,9,kg,9,rep,""
05/08/2026,🔹,"Single Arm Overhead Triceps Extension · Dumbbell",4,6,kg,10,rep,""
05/08/2026,🔹,"Single Arm Overhead Triceps Extension · Dumbbell",5,6,kg,10,rep,""
05/08/2026,🔹,"Single Arm Overhead Triceps Extension · Dumbbell",6,6,kg,10,rep,""
05/08/2026,🏋️‍♂️,"Pike Push Up",,,,,,""
05/08/2026,🔹,"Pike Push Up",1,0,kg,25,rep,""
05/08/2026,🔹,"Pike Push Up",2,0,kg,25,rep,""
05/08/2026,🔹,"Pike Push Up",3,0,kg,25,rep,""
05/08/2026,🔹,"Pike Push Up",4,0,kg,20,rep,""
05/08/2026,🔹,"Pike Push Up",5,0,kg,20,rep,""
05/08/2026,🔹,"Pike Push Up",6,0,kg,20,rep,""
01/07/2024,📏,"Weight",1,68.5,,,,""
01/08/2024,📏,"Weight",2,70,,,,""
23/08/2024,📏,"Weight",3,71,,,,""
02/09/2024,📏,"Weight",4,71.4,,,,""
07/09/2024,📏,"Weight",5,71.4,,,,""
12/09/2024,📏,"Weight",6,71.4,,,,""
17/09/2024,📏,"Weight",7,71.3,,,,""
18/09/2024,📏,"Weight",8,71.1,,,,""
20/09/2024,📏,"Weight",9,70.9,,,,""
21/09/2024,📏,"Weight",10,71.4,,,,""
23/09/2024,📏,"Weight",11,71,,,,""
25/09/2024,📏,"Weight",12,71.6,,,,""
26/09/2024,📏,"Weight",13,71.6,,,,""
28/09/2024,📏,"Weight",14,71.6,,,,""
30/09/2024,📏,"Weight",15,72.3,,,,""
01/10/2024,📏,"Weight",16,72.1,,,,""
05/10/2024,📏,"Weight",17,70.5,,,,""
07/10/2024,📏,"Weight",18,71.6,,,,""
08/10/2024,📏,"Weight",19,71.4,,,,""
11/10/2024,📏,"Weight",20,71.8,,,,""
12/10/2024,📏,"Weight",21,71.9,,,,""
14/10/2024,📏,"Weight",22,71.6,,,,""
15/10/2024,📏,"Weight",23,71.9,,,,""
18/10/2024,📏,"Weight",24,71.8,,,,""
21/10/2024,📏,"Weight",25,71.1,,,,""
22/10/2024,📏,"Weight",26,70.7,,,,""
24/10/2024,📏,"Weight",27,71.5,,,,""
25/10/2024,📏,"Weight",28,71.5,,,,""
28/10/2024,📏,"Weight",29,73,,,,""
29/10/2024,📏,"Weight",30,72.8,,,,""
30/10/2024,📏,"Weight",31,72.2,,,,""
04/11/2024,📏,"Weight",32,72.4,,,,""
05/11/2024,📏,"Weight",33,72.5,,,,""
08/11/2024,📏,"Weight",34,72.6,,,,""
12/11/2024,📏,"Weight",35,73.2,,,,""
14/11/2024,📏,"Weight",36,72.9,,,,""
15/11/2024,📏,"Weight",37,72.5,,,,""
18/11/2024,📏,"Weight",38,74.1,,,,""
19/11/2024,📏,"Weight",39,74,,,,""
26/11/2024,📏,"Weight",40,73.8,,,,""
28/11/2024,📏,"Weight",41,73.4,,,,""
29/11/2024,📏,"Weight",42,73,,,,""
02/12/2024,📏,"Weight",43,73.6,,,,""
03/12/2024,📏,"Weight",44,74.1,,,,""
05/12/2024,📏,"Weight",45,72.9,,,,""
06/12/2024,📏,"Weight",46,73.4,,,,""
11/12/2024,📏,"Weight",47,73.4,,,,""
13/12/2024,📏,"Weight",48,72.5,,,,""
06/01/2025,📏,"Weight",49,73.7,,,,""
07/01/2025,📏,"Weight",50,74.3,,,,""
09/01/2025,📏,"Weight",51,73,,,,""
10/01/2025,📏,"Weight",52,74,,,,""
13/01/2025,📏,"Weight",53,75,,,,""
16/01/2025,📏,"Weight",54,75,,,,""
17/01/2025,📏,"Weight",55,74.7,,,,""
27/01/2025,📏,"Weight",56,74.1,,,,""
30/01/2025,📏,"Weight",57,74.3,,,,""
31/01/2025,📏,"Weight",58,73.6,,,,""
03/02/2025,📏,"Weight",59,74.3,,,,""
04/02/2025,📏,"Weight",60,75.5,,,,""
07/02/2025,📏,"Weight",61,74.8,,,,""
10/02/2025,📏,"Weight",62,76,,,,""
11/02/2025,📏,"Weight",63,74.8,,,,""
13/02/2025,📏,"Weight",64,75.3,,,,""
17/02/2025,📏,"Weight",65,75,,,,""
18/02/2025,📏,"Weight",66,75,,,,""
19/02/2025,📏,"Weight",67,76,,,,""
21/02/2025,📏,"Weight",68,75.5,,,,""
25/02/2025,📏,"Weight",69,75.1,,,,""
26/02/2025,📏,"Weight",70,75.2,,,,""
28/02/2025,📏,"Weight",71,74,,,,""
03/03/2025,📏,"Weight",72,75.6,,,,""
04/03/2025,📏,"Weight",73,74.5,,,,""
08/03/2025,📏,"Weight",74,74.9,,,,""
10/03/2025,📏,"Weight",75,74.8,,,,""
11/03/2025,📏,"Weight",76,74.5,,,,""
15/03/2025,📏,"Weight",77,75.1,,,,""
17/03/2025,📏,"Weight",78,74.2,,,,""
18/03/2025,📏,"Weight",79,73.8,,,,""
19/03/2025,📏,"Weight",80,74.7,,,,""
22/03/2025,📏,"Weight",81,75.2,,,,""
24/03/2025,📏,"Weight",82,75,,,,""
28/03/2025,📏,"Weight",83,74.7,,,,""
29/03/2025,📏,"Weight",84,74.7,,,,""
07/04/2025,📏,"Weight",85,75.3,,,,""
09/04/2025,📏,"Weight",86,76,,,,""
12/04/2025,📏,"Weight",87,73.9,,,,""
14/04/2025,📏,"Weight",88,73.9,,,,""
16/04/2025,📏,"Weight",89,74.4,,,,""
30/04/2025,📏,"Weight",90,73.9,,,,""
02/05/2025,📏,"Weight",91,74.4,,,,""
03/05/2025,📏,"Weight",92,73.5,,,,""
05/05/2025,📏,"Weight",93,74,,,,""
09/05/2025,📏,"Weight",94,74.5,,,,""
16/05/2025,📏,"Weight",95,73.8,,,,""
17/05/2025,📏,"Weight",96,74.2,,,,""
20/05/2025,📏,"Weight",97,74,,,,""
21/05/2025,📏,"Weight",98,73.2,,,,""
26/05/2025,📏,"Weight",99,73.2,,,,""
27/05/2025,📏,"Weight",100,72.9,,,,""
30/05/2025,📏,"Weight",101,72.8,,,,""
03/06/2025,📏,"Weight",102,72.7,,,,""
05/06/2025,📏,"Weight",103,73,,,,""
07/06/2025,📏,"Weight",104,72.2,,,,""
10/06/2025,📏,"Weight",105,71.8,,,,""
12/06/2025,📏,"Weight",106,71.2,,,,""
14/06/2025,📏,"Weight",107,70.8,,,,""
16/06/2025,📏,"Weight",108,71.3,,,,""
23/06/2025,📏,"Weight",109,72.3,,,,""
26/06/2025,📏,"Weight",110,72,,,,""
28/06/2025,📏,"Weight",111,70.8,,,,""
30/06/2025,📏,"Weight",112,70.3,,,,""
02/07/2025,📏,"Weight",113,70.8,,,,""
05/07/2025,📏,"Weight",114,70.5,,,,""
12/07/2025,📏,"Weight",115,70,,,,""
14/07/2025,📏,"Weight",116,69.5,,,,""
16/07/2025,📏,"Weight",117,69.6,,,,""
19/07/2025,📏,"Weight",118,69.5,,,,""
21/07/2025,📏,"Weight",119,69.5,,,,""
04/08/2025,📏,"Weight",120,68.5,,,,""
25/08/2025,📏,"Weight",121,70,,,,""
27/08/2025,📏,"Weight",122,69,,,,""
30/08/2025,📏,"Weight",123,68.1,,,,""
02/09/2025,📏,"Weight",124,69.3,,,,""
08/09/2025,📏,"Weight",125,68.9,,,,""
09/09/2025,📏,"Weight",126,69.7,,,,""
12/09/2025,📏,"Weight",127,70.6,,,,""
15/09/2025,📏,"Weight",128,70.6,,,,""
16/09/2025,📏,"Weight",129,70.7,,,,""
18/09/2025,📏,"Weight",130,71.6,,,,""
22/09/2025,📏,"Weight",131,71.1,,,,""
23/09/2025,📏,"Weight",132,71,,,,""
29/09/2025,📏,"Weight",133,70.8,,,,""
30/09/2025,📏,"Weight",134,71.5,,,,""
02/10/2025,📏,"Weight",135,71.7,,,,""
04/10/2025,📏,"Weight",136,71.7,,,,""
06/10/2025,📏,"Weight",137,72.4,,,,""
07/10/2025,📏,"Weight",138,72,,,,""
11/10/2025,📏,"Weight",139,71.7,,,,""
13/10/2025,📏,"Weight",140,72.6,,,,""
17/10/2025,📏,"Weight",141,71.1,,,,""
18/10/2025,📏,"Weight",142,71,,,,""
20/10/2025,📏,"Weight",143,72.1,,,,""
24/10/2025,📏,"Weight",144,71.3,,,,""
25/10/2025,📏,"Weight",145,72,,,,""
27/10/2025,📏,"Weight",146,72.2,,,,""
28/10/2025,📏,"Weight",147,71.6,,,,""
30/10/2025,📏,"Weight",148,71.4,,,,""
01/11/2025,📏,"Weight",149,72,,,,""
04/11/2025,📏,"Weight",150,74.6,,,,""
05/11/2025,📏,"Weight",151,72.5,,,,""
06/11/2025,📏,"Weight",152,72.9,,,,""
08/11/2025,📏,"Weight",153,73.4,,,,""
10/11/2025,📏,"Weight",154,73.9,,,,""
11/11/2025,📏,"Weight",155,74.1,,,,""
13/11/2025,📏,"Weight",156,73.2,,,,""
14/11/2025,📏,"Weight",157,73.1,,,,""
15/11/2025,📏,"Weight",158,73.5,,,,""
17/11/2025,📏,"Weight",159,74.2,,,,""
18/11/2025,📏,"Weight",160,74.1,,,,""
19/11/2025,📏,"Weight",161,74,,,,""
21/11/2025,📏,"Weight",162,74.1,,,,""
22/11/2025,📏,"Weight",163,74,,,,""
26/11/2025,📏,"Weight",164,74,,,,""
27/11/2025,📏,"Weight",165,73.3,,,,""
28/11/2025,📏,"Weight",166,72.7,,,,""
02/12/2025,📏,"Weight",167,74.5,,,,""
02/12/2025,📏,"Weight",168,74.3,,,,""
04/12/2025,📏,"Weight",169,74.4,,,,""
05/12/2025,📏,"Weight",170,74.9,,,,""
08/12/2025,📏,"Weight",171,75.4,,,,""
09/12/2025,📏,"Weight",172,74.7,,,,""
10/12/2025,📏,"Weight",173,74.6,,,,""
15/12/2025,📏,"Weight",174,75.6,,,,""
16/12/2025,📏,"Weight",175,74.7,,,,""
17/12/2025,📏,"Weight",176,75.2,,,,""
19/12/2025,📏,"Weight",177,75.9,,,,""
05/01/2026,📏,"Weight",178,75.6,,,,""
06/01/2026,📏,"Weight",179,75,,,,""
07/01/2026,📏,"Weight",180,75.1,,,,""
08/01/2026,📏,"Weight",181,75.2,,,,""
09/01/2026,📏,"Weight",182,74.5,,,,""
10/01/2026,📏,"Weight",183,73.9,,,,""
12/01/2026,📏,"Weight",184,75.2,,,,""
14/01/2026,📏,"Weight",185,74.5,,,,""
16/01/2026,📏,"Weight",186,75.1,,,,""
19/01/2026,📏,"Weight",187,76,,,,""
20/01/2026,📏,"Weight",188,76.2,,,,""
21/01/2026,📏,"Weight",189,76.2,,,,""
22/01/2026,📏,"Weight",190,76,,,,""
23/01/2026,📏,"Weight",191,75.7,,,,""
24/01/2026,📏,"Weight",192,76.4,,,,""
26/01/2026,📏,"Weight",193,75.8,,,,""
27/01/2026,📏,"Weight",194,76.8,,,,""
28/01/2026,📏,"Weight",195,76.3,,,,""
29/01/2026,📏,"Weight",196,75.3,,,,""
30/01/2026,📏,"Weight",197,75.8,,,,""
31/01/2026,📏,"Weight",198,75.9,,,,""
02/02/2026,📏,"Weight",199,76,,,,""
03/02/2026,📏,"Weight",200,75.6,,,,""
04/02/2026,📏,"Weight",201,75.7,,,,""
05/02/2026,📏,"Weight",202,75.4,,,,""
06/02/2026,📏,"Weight",203,74.4,,,,""
07/02/2026,📏,"Weight",204,75.7,,,,""
09/02/2026,📏,"Weight",205,75.4,,,,""
10/02/2026,📏,"Weight",206,76,,,,""
12/02/2026,📏,"Weight",207,75.2,,,,""
13/02/2026,📏,"Weight",208,76.1,,,,""
17/02/2026,📏,"Weight",209,76.8,,,,""
18/02/2026,📏,"Weight",210,76.4,,,,""
20/02/2026,📏,"Weight",211,76.9,,,,""
21/02/2026,📏,"Weight",212,76.7,,,,""
23/02/2026,📏,"Weight",213,77.5,,,,""
24/02/2026,📏,"Weight",214,77.3,,,,""
25/02/2026,📏,"Weight",215,77.2,,,,""
03/03/2026,📏,"Weight",216,75.6,,,,""
04/03/2026,📏,"Weight",217,75.9,,,,""
21/03/2026,📏,"Weight",218,76.2,,,,""
23/03/2026,📏,"Weight",219,76.6,,,,""
24/03/2026,📏,"Weight",220,75.9,,,,""
25/03/2026,📏,"Weight",221,77.1,,,,""
26/03/2026,📏,"Weight",222,76.7,,,,""
27/03/2026,📏,"Weight",223,76.6,,,,""
28/03/2026,📏,"Weight",224,77.4,,,,""
30/03/2026,📏,"Weight",225,77.6,,,,""
01/04/2026,📏,"Weight",226,77.3,,,,""
02/04/2026,📏,"Weight",227,77.2,,,,""
07/04/2026,📏,"Weight",228,77.5,,,,""
08/04/2026,📏,"Weight",229,77.2,,,,""
10/04/2026,📏,"Weight",230,78.3,,,,""
11/04/2026,📏,"Weight",231,77.9,,,,""
13/04/2026,📏,"Weight",232,78.8,,,,""
14/04/2026,📏,"Weight",233,78.7,,,,""
15/04/2026,📏,"Weight",234,79,,,,""
16/04/2026,📏,"Weight",235,78.5,,,,""
17/04/2026,📏,"Weight",236,78.6,,,,""
18/04/2026,📏,"Weight",237,78.5,,,,""
20/04/2026,📏,"Weight",238,79.2,,,,""
21/04/2026,📏,"Weight",239,79.2,,,,""
22/04/2026,📏,"Weight",240,78.7,,,,""
23/04/2026,📏,"Weight",241,78.8,,,,""
25/04/2026,📏,"Weight",242,79.4,,,,""
27/04/2026,📏,"Weight",243,79,,,,""
28/04/2026,📏,"Weight",244,79.7,,,,""
04/05/2026,📏,"Weight",245,79.8,,,,""
05/05/2026,📏,"Weight",246,78.9,,,,""
06/05/2026,📏,"Weight",247,79.4,,,,""
07/05/2026,📏,"Weight",248,79.9,,,,""
08/05/2026,📏,"Weight",249,79.9,,,,""
09/05/2026,📏,"Weight",250,79.3,,,,""
11/05/2026,📏,"Weight",251,80.5,,,,""
12/05/2026,📏,"Weight",252,79.5,,,,""
13/05/2026,📏,"Weight",253,78.3,,,,""
15/05/2026,📏,"Weight",254,79.6,,,,""
16/05/2026,📏,"Weight",255,78.7,,,,""
25/05/2026,📏,"Weight",256,80.7,,,,""
26/05/2026,📏,"Weight",257,80.4,,,,""
27/05/2026,📏,"Weight",258,80.5,,,,""
02/06/2026,📏,"Weight",259,80.8,,,,""
03/06/2026,📏,"Weight",260,79.5,,,,""
09/06/2026,📏,"Weight",261,78.8,,,,""
10/06/2026,📏,"Weight",262,80,,,,""
11/06/2026,📏,"Weight",263,79,,,,""
13/06/2026,📏,"Weight",264,79.6,,,,""
15/06/2026,📏,"Weight",265,80.6,,,,""
16/06/2026,📏,"Weight",266,81.7,,,,""
17/06/2026,📏,"Weight",267,80.3,,,,""
18/06/2026,📏,"Weight",268,80.1,,,,""
19/06/2026,📏,"Weight",269,81.3,,,,""
20/06/2026,📏,"Weight",270,79.7,,,,""
24/06/2026,📏,"Weight",271,80.4,,,,""
25/06/2026,📏,"Weight",272,80.8,,,,""
26/06/2026,📏,"Weight",273,80.3,,,,""
27/06/2026,📏,"Weight",274,80.1,,,,""
29/06/2026,📏,"Weight",275,80.4,,,,""
01/07/2026,📏,"Weight",276,80.9,,,,""
02/07/2026,📏,"Weight",277,80.7,,,,""
03/07/2026,📏,"Weight",278,81.5,,,,""
06/07/2026,📏,"Weight",279,81.3,,,,""
08/07/2026,📏,"Weight",280,81.4,,,,""
10/07/2026,📏,"Weight",281,80.8,,,,""
14/07/2026,📏,"Weight",282,81.2,,,,""
15/07/2026,📏,"Weight",283,81.5,,,,""
16/07/2026,📏,"Weight",284,81.2,,,,""
18/07/2026,📏,"Weight",285,81.2,,,,""
20/07/2026,📏,"Weight",286,82.3,,,,""
22/07/2026,📏,"Weight",287,82,,,,""
23/07/2026,📏,"Weight",288,81.7,,,,""
27/07/2026,📏,"Weight",289,79.7,,,,""
